timestamp,setup_id,event_type,price,state_before,state_after,bos_price,point_2_price,current_high_price,fib_0,fib_0_236,fib_0_618,fib_1_000,fib_1_618,entry_price,sl_price,dynamic_tp,locked_tp,tp_locked,entry_touched
2026-08-28T03:59:17.110263+00:00,2d95ccbc-1082-4b7e-950a-2a1fd1609343,BOS_DETECTED,4248.07,NO_SETUP,BOS_DETECTED,4239.0,4219.8,4239.0,4219.8,4224.3312000000005,4231.6656,4239.0,4250.8656,4231.6656,4224.3312000000005,4239.0,4239.0,True,True
2026-08-28T03:59:17.110263+00:00,2d95ccbc-1082-4b7e-950a-2a1fd1609343,POINT_2_FOUND,4219.8,BOS_DETECTED,POINT_2_IDENTIFIED,4239.0,4219.8,4239.0,4219.8,4224.3312000000005,4231.6656,4239.0,4250.8656,4231.6656,4224.3312000000005,4239.0,4239.0,True,True
2026-08-28T03:59:17.110263+00:00,2d95ccbc-1082-4b7e-950a-2a1fd1609343,SETUP_CREATED,4239.0,POINT_2_IDENTIFIED,FIB_ACTIVE,4239.0,4219.8,4239.0,4219.8,4224.3312000000005,4231.6656,4239.0,4250.8656,4231.6656,4224.3312000000005,4239.0,4239.0,True,True
2026-08-28T03:59:17.110263+00:00,2d95ccbc-1082-4b7e-950a-2a1fd1609343,NEW_VALID_HIGH,4239.0,FIB_ACTIVE,TP_DYNAMIC,4239.0,4219.8,4239.0,4219.8,4224.3312000000005,4231.6656,4239.0,4250.8656,4231.6656,4224.3312000000005,4239.0,4239.0,True,True
2026-08-28T03:59:17.110263+00:00,2d95ccbc-1082-4b7e-950a-2a1fd1609343,TP_UPDATED,4239.0,TP_DYNAMIC,TP_DYNAMIC,4239.0,4219.8,4239.0,4219.8,4224.3312000000005,4231.6656,4239.0,4250.8656,4231.6656,4224.3312000000005,4239.0,4239.0,True,True
2026-08-28T03:59:17.110263+00:00,2d95ccbc-1082-4b7e-950a-2a1fd1609343,ENTRY_TOUCHED,4240.0,TP_DYNAMIC,ENTRY_TOUCHED,4239.0,4219.8,4239.0,4219.8,4224.3312000000005,4231.6656,4239.0,4250.8656,4231.6656,4224.3312000000005,4239.0,4239.0,True,True
2026-08-28T03:59:17.110263+00:00,2d95ccbc-1082-4b7e-950a-2a1fd1609343,TP_LOCKED,4239.0,ENTRY_TOUCHED,TP_FROZEN,4239.0,4219.8,4239.0,4219.8,4224.3312000000005,4231.6656,4239.0,4250.8656,4231.6656,4224.3312000000005,4239.0,4239.0,True,True
2026-08-28T03:59:17.110263+00:00,2d95ccbc-1082-4b7e-950a-2a1fd1609343,SL_HIT,4247.71,TP_FROZEN,COMPLETED,4239.0,4219.8,4239.0,4219.8,4224.3312000000005,4231.6656,4239.0,4250.8656,4231.6656,4224.3312000000005,4239.0,4239.0,True,True
2026-08-28T03:59:17.141654+00:00,d4597a2a-13d3-4ba7-ac45-e0041fdc39f0,BOS_DETECTED,4275.0,NO_SETUP,BOS_DETECTED,4273.51,4262.0,4275.0,4262.0,4265.068,4270.034,4275.0,4283.034,4270.034,4265.068,4275.0,4275.0,True,True
2026-08-28T03:59:17.141654+00:00,d4597a2a-13d3-4ba7-ac45-e0041fdc39f0,POINT_2_FOUND,4262.0,BOS_DETECTED,POINT_2_IDENTIFIED,4273.51,4262.0,4275.0,4262.0,4265.068,4270.034,4275.0,4283.034,4270.034,4265.068,4275.0,4275.0,True,True
2026-08-28T03:59:17.141654+00:00,d4597a2a-13d3-4ba7-ac45-e0041fdc39f0,SETUP_CREATED,4273.51,POINT_2_IDENTIFIED,FIB_ACTIVE,4273.51,4262.0,4275.0,4262.0,4265.068,4270.034,4275.0,4283.034,4270.034,4265.068,4275.0,4275.0,True,True
2026-08-28T03:59:17.141654+00:00,d4597a2a-13d3-4ba7-ac45-e0041fdc39f0,NEW_VALID_HIGH,4273.51,FIB_ACTIVE,TP_DYNAMIC,4273.51,4262.0,4275.0,4262.0,4265.068,4270.034,4275.0,4283.034,4270.034,4265.068,4275.0,4275.0,True,True
2026-08-28T03:59:17.141654+00:00,d4597a2a-13d3-4ba7-ac45-e0041fdc39f0,TP_UPDATED,4273.51,TP_DYNAMIC,TP_DYNAMIC,4273.51,4262.0,4275.0,4262.0,4265.068,4270.034,4275.0,4283.034,4270.034,4265.068,4275.0,4275.0,True,True
2026-08-28T03:59:17.141654+00:00,d4597a2a-13d3-4ba7-ac45-e0041fdc39f0,NEW_VALID_HIGH,4275.0,TP_DYNAMIC,TP_DYNAMIC,4273.51,4262.0,4275.0,4262.0,4265.068,4270.034,4275.0,4283.034,4270.034,4265.068,4275.0,4275.0,True,True
2026-08-28T03:59:17.141654+00:00,d4597a2a-13d3-4ba7-ac45-e0041fdc39f0,TP_UPDATED,4275.0,TP_DYNAMIC,TP_DYNAMIC,4273.51,4262.0,4275.0,4262.0,4265.068,4270.034,4275.0,4283.034,4270.034,4265.068,4275.0,4275.0,True,True
2026-08-28T03:59:17.149558+00:00,d4597a2a-13d3-4ba7-ac45-e0041fdc39f0,ENTRY_TOUCHED,4308.31,TP_DYNAMIC,ENTRY_TOUCHED,4273.51,4262.0,4275.0,4262.0,4265.068,4270.034,4275.0,4283.034,4270.034,4265.068,4275.0,4275.0,True,True
2026-08-28T03:59:17.149558+00:00,d4597a2a-13d3-4ba7-ac45-e0041fdc39f0,TP_LOCKED,4275.0,ENTRY_TOUCHED,TP_FROZEN,4273.51,4262.0,4275.0,4262.0,4265.068,4270.034,4275.0,4283.034,4270.034,4265.068,4275.0,4275.0,True,True
2026-08-28T03:59:17.150127+00:00,d4597a2a-13d3-4ba7-ac45-e0041fdc39f0,TP_HIT,4298.69,TP_FROZEN,COMPLETED,4273.51,4262.0,4275.0,4262.0,4265.068,4270.034,4275.0,4283.034,4270.034,4265.068,4275.0,4275.0,True,True
2026-08-28T03:59:17.160261+00:00,739f8ffe-25c4-4bac-a866-a58146d0717e,BOS_DETECTED,4340.0,NO_SETUP,BOS_DETECTED,4328.88,4235.0,4354.6,4235.0,4263.2256,4308.9128,4354.6,4428.5128,4308.9128,4263.2256,4354.6,4354.6,True,True
2026-08-28T03:59:17.160261+00:00,739f8ffe-25c4-4bac-a866-a58146d0717e,POINT_2_FOUND,4235.0,BOS_DETECTED,POINT_2_IDENTIFIED,4328.88,4235.0,4354.6,4235.0,4263.2256,4308.9128,4354.6,4428.5128,4308.9128,4263.2256,4354.6,4354.6,True,True
2026-08-28T03:59:17.160261+00:00,739f8ffe-25c4-4bac-a866-a58146d0717e,SETUP_CREATED,4328.88,POINT_2_IDENTIFIED,FIB_ACTIVE,4328.88,4235.0,4354.6,4235.0,4263.2256,4308.9128,4354.6,4428.5128,4308.9128,4263.2256,4354.6,4354.6,True,True
2026-08-28T03:59:17.160261+00:00,739f8ffe-25c4-4bac-a866-a58146d0717e,NEW_VALID_HIGH,4328.88,FIB_ACTIVE,TP_DYNAMIC,4328.88,4235.0,4354.6,4235.0,4263.2256,4308.9128,4354.6,4428.5128,4308.9128,4263.2256,4354.6,4354.6,True,True
2026-08-28T03:59:17.160261+00:00,739f8ffe-25c4-4bac-a866-a58146d0717e,TP_UPDATED,4328.88,TP_DYNAMIC,TP_DYNAMIC,4328.88,4235.0,4354.6,4235.0,4263.2256,4308.9128,4354.6,4428.5128,4308.9128,4263.2256,4354.6,4354.6,True,True
2026-08-28T03:59:17.160261+00:00,739f8ffe-25c4-4bac-a866-a58146d0717e,NEW_VALID_HIGH,4354.6,TP_DYNAMIC,TP_DYNAMIC,4328.88,4235.0,4354.6,4235.0,4263.2256,4308.9128,4354.6,4428.5128,4308.9128,4263.2256,4354.6,4354.6,True,True
2026-08-28T03:59:17.160261+00:00,739f8ffe-25c4-4bac-a866-a58146d0717e,TP_UPDATED,4354.6,TP_DYNAMIC,TP_DYNAMIC,4328.88,4235.0,4354.6,4235.0,4263.2256,4308.9128,4354.6,4428.5128,4308.9128,4263.2256,4354.6,4354.6,True,True
2026-08-28T03:59:17.166593+00:00,739f8ffe-25c4-4bac-a866-a58146d0717e,ENTRY_TOUCHED,4313.0,TP_DYNAMIC,ENTRY_TOUCHED,4328.88,4235.0,4354.6,4235.0,4263.2256,4308.9128,4354.6,4428.5128,4308.9128,4263.2256,4354.6,4354.6,True,True
2026-08-28T03:59:17.166593+00:00,739f8ffe-25c4-4bac-a866-a58146d0717e,TP_LOCKED,4354.6,ENTRY_TOUCHED,TP_FROZEN,4328.88,4235.0,4354.6,4235.0,4263.2256,4308.9128,4354.6,4428.5128,4308.9128,4263.2256,4354.6,4354.6,True,True
2026-08-28T03:59:17.560957+00:00,739f8ffe-25c4-4bac-a866-a58146d0717e,TP_HIT,4351.6,TP_FROZEN,COMPLETED,4328.88,4235.0,4354.6,4235.0,4263.2256,4308.9128,4354.6,4428.5128,4308.9128,4263.2256,4354.6,4354.6,True,True
2026-08-28T03:59:17.610001+00:00,b85d6961-9e73-4478-bcac-435217316230,BOS_DETECTED,4324.24,NO_SETUP,BOS_DETECTED,4323.28,4316.62,4323.28,4316.62,4318.19176,4320.73588,4323.28,4327.39588,4320.73588,4318.19176,4323.28,4323.28,True,True
2026-08-28T03:59:17.610001+00:00,b85d6961-9e73-4478-bcac-435217316230,POINT_2_FOUND,4316.62,BOS_DETECTED,POINT_2_IDENTIFIED,4323.28,4316.62,4323.28,4316.62,4318.19176,4320.73588,4323.28,4327.39588,4320.73588,4318.19176,4323.28,4323.28,True,True
2026-08-28T03:59:17.610001+00:00,b85d6961-9e73-4478-bcac-435217316230,SETUP_CREATED,4323.28,POINT_2_IDENTIFIED,FIB_ACTIVE,4323.28,4316.62,4323.28,4316.62,4318.19176,4320.73588,4323.28,4327.39588,4320.73588,4318.19176,4323.28,4323.28,True,True
2026-08-28T03:59:17.610001+00:00,b85d6961-9e73-4478-bcac-435217316230,NEW_VALID_HIGH,4323.28,FIB_ACTIVE,TP_DYNAMIC,4323.28,4316.62,4323.28,4316.62,4318.19176,4320.73588,4323.28,4327.39588,4320.73588,4318.19176,4323.28,4323.28,True,True
2026-08-28T03:59:17.610001+00:00,b85d6961-9e73-4478-bcac-435217316230,TP_UPDATED,4323.28,TP_DYNAMIC,TP_DYNAMIC,4323.28,4316.62,4323.28,4316.62,4318.19176,4320.73588,4323.28,4327.39588,4320.73588,4318.19176,4323.28,4323.28,True,True
2026-08-28T03:59:17.610001+00:00,b85d6961-9e73-4478-bcac-435217316230,ENTRY_TOUCHED,4324.24,TP_DYNAMIC,ENTRY_TOUCHED,4323.28,4316.62,4323.28,4316.62,4318.19176,4320.73588,4323.28,4327.39588,4320.73588,4318.19176,4323.28,4323.28,True,True
2026-08-28T03:59:17.610001+00:00,b85d6961-9e73-4478-bcac-435217316230,TP_LOCKED,4323.28,ENTRY_TOUCHED,TP_FROZEN,4323.28,4316.62,4323.28,4316.62,4318.19176,4320.73588,4323.28,4327.39588,4320.73588,4318.19176,4323.28,4323.28,True,True
2026-08-28T03:59:17.610001+00:00,b85d6961-9e73-4478-bcac-435217316230,TP_HIT,4324.0,TP_FROZEN,COMPLETED,4323.28,4316.62,4323.28,4316.62,4318.19176,4320.73588,4323.28,4327.39588,4320.73588,4318.19176,4323.28,4323.28,True,True
2026-08-28T03:59:17.626452+00:00,41506c82-91ac-439e-8e05-45e8651afc46,BOS_DETECTED,4325.3,NO_SETUP,BOS_DETECTED,4325.0,4317.74,4325.0,4317.74,4319.4533599999995,4322.22668,4325.0,4329.48668,4322.22668,4319.4533599999995,4325.0,4325.0,True,True
2026-08-28T03:59:17.626452+00:00,41506c82-91ac-439e-8e05-45e8651afc46,POINT_2_FOUND,4317.74,BOS_DETECTED,POINT_2_IDENTIFIED,4325.0,4317.74,4325.0,4317.74,4319.4533599999995,4322.22668,4325.0,4329.48668,4322.22668,4319.4533599999995,4325.0,4325.0,True,True
2026-08-28T03:59:17.626452+00:00,41506c82-91ac-439e-8e05-45e8651afc46,SETUP_CREATED,4325.0,POINT_2_IDENTIFIED,FIB_ACTIVE,4325.0,4317.74,4325.0,4317.74,4319.4533599999995,4322.22668,4325.0,4329.48668,4322.22668,4319.4533599999995,4325.0,4325.0,True,True
2026-08-28T03:59:17.626452+00:00,41506c82-91ac-439e-8e05-45e8651afc46,NEW_VALID_HIGH,4325.0,FIB_ACTIVE,TP_DYNAMIC,4325.0,4317.74,4325.0,4317.74,4319.4533599999995,4322.22668,4325.0,4329.48668,4322.22668,4319.4533599999995,4325.0,4325.0,True,True
2026-08-28T03:59:17.626452+00:00,41506c82-91ac-439e-8e05-45e8651afc46,TP_UPDATED,4325.0,TP_DYNAMIC,TP_DYNAMIC,4325.0,4317.74,4325.0,4317.74,4319.4533599999995,4322.22668,4325.0,4329.48668,4322.22668,4319.4533599999995,4325.0,4325.0,True,True
2026-08-28T03:59:17.626452+00:00,41506c82-91ac-439e-8e05-45e8651afc46,ENTRY_TOUCHED,4325.01,TP_DYNAMIC,ENTRY_TOUCHED,4325.0,4317.74,4325.0,4317.74,4319.4533599999995,4322.22668,4325.0,4329.48668,4322.22668,4319.4533599999995,4325.0,4325.0,True,True
2026-08-28T03:59:17.626452+00:00,41506c82-91ac-439e-8e05-45e8651afc46,TP_LOCKED,4325.0,ENTRY_TOUCHED,TP_FROZEN,4325.0,4317.74,4325.0,4317.74,4319.4533599999995,4322.22668,4325.0,4329.48668,4322.22668,4319.4533599999995,4325.0,4325.0,True,True
2026-08-28T03:59:17.626452+00:00,41506c82-91ac-439e-8e05-45e8651afc46,TP_HIT,4326.44,TP_FROZEN,COMPLETED,4325.0,4317.74,4325.0,4317.74,4319.4533599999995,4322.22668,4325.0,4329.48668,4322.22668,4319.4533599999995,4325.0,4325.0,True,True
2026-08-28T03:59:17.633178+00:00,ab93dbbc-4bb9-4d00-b40e-8cb373a9b1d1,BOS_DETECTED,4341.36,NO_SETUP,BOS_DETECTED,4340.93,4320.0,4349.98,4320.0,4327.07528,4338.527639999999,4349.98,4368.507639999999,4338.527639999999,4327.07528,4349.98,4349.98,True,True
2026-08-28T03:59:17.633178+00:00,ab93dbbc-4bb9-4d00-b40e-8cb373a9b1d1,POINT_2_FOUND,4320.0,BOS_DETECTED,POINT_2_IDENTIFIED,4340.93,4320.0,4349.98,4320.0,4327.07528,4338.527639999999,4349.98,4368.507639999999,4338.527639999999,4327.07528,4349.98,4349.98,True,True
2026-08-28T03:59:17.633178+00:00,ab93dbbc-4bb9-4d00-b40e-8cb373a9b1d1,SETUP_CREATED,4340.93,POINT_2_IDENTIFIED,FIB_ACTIVE,4340.93,4320.0,4349.98,4320.0,4327.07528,4338.527639999999,4349.98,4368.507639999999,4338.527639999999,4327.07528,4349.98,4349.98,True,True
2026-08-28T03:59:17.633178+00:00,ab93dbbc-4bb9-4d00-b40e-8cb373a9b1d1,NEW_VALID_HIGH,4340.93,FIB_ACTIVE,TP_DYNAMIC,4340.93,4320.0,4349.98,4320.0,4327.07528,4338.527639999999,4349.98,4368.507639999999,4338.527639999999,4327.07528,4349.98,4349.98,True,True
2026-08-28T03:59:17.633178+00:00,ab93dbbc-4bb9-4d00-b40e-8cb373a9b1d1,TP_UPDATED,4340.93,TP_DYNAMIC,TP_DYNAMIC,4340.93,4320.0,4349.98,4320.0,4327.07528,4338.527639999999,4349.98,4368.507639999999,4338.527639999999,4327.07528,4349.98,4349.98,True,True
2026-08-28T03:59:17.633178+00:00,ab93dbbc-4bb9-4d00-b40e-8cb373a9b1d1,NEW_VALID_HIGH,4349.98,TP_DYNAMIC,TP_DYNAMIC,4340.93,4320.0,4349.98,4320.0,4327.07528,4338.527639999999,4349.98,4368.507639999999,4338.527639999999,4327.07528,4349.98,4349.98,True,True
2026-08-28T03:59:17.633178+00:00,ab93dbbc-4bb9-4d00-b40e-8cb373a9b1d1,TP_UPDATED,4349.98,TP_DYNAMIC,TP_DYNAMIC,4340.93,4320.0,4349.98,4320.0,4327.07528,4338.527639999999,4349.98,4368.507639999999,4338.527639999999,4327.07528,4349.98,4349.98,True,True
2026-08-28T03:59:17.646315+00:00,ab93dbbc-4bb9-4d00-b40e-8cb373a9b1d1,ENTRY_TOUCHED,4338.21,TP_DYNAMIC,ENTRY_TOUCHED,4340.93,4320.0,4349.98,4320.0,4327.07528,4338.527639999999,4349.98,4368.507639999999,4338.527639999999,4327.07528,4349.98,4349.98,True,True
2026-08-28T03:59:17.646315+00:00,ab93dbbc-4bb9-4d00-b40e-8cb373a9b1d1,TP_LOCKED,4349.98,ENTRY_TOUCHED,TP_FROZEN,4340.93,4320.0,4349.98,4320.0,4327.07528,4338.527639999999,4349.98,4368.507639999999,4338.527639999999,4327.07528,4349.98,4349.98,True,True
2026-08-28T03:59:17.680185+00:00,ab93dbbc-4bb9-4d00-b40e-8cb373a9b1d1,TP_HIT,4340.0,TP_FROZEN,COMPLETED,4340.93,4320.0,4349.98,4320.0,4327.07528,4338.527639999999,4349.98,4368.507639999999,4338.527639999999,4327.07528,4349.98,4349.98,True,True
2026-08-28T03:59:17.696345+00:00,a88dadd0-2651-4d05-af9c-71f3d58817d3,BOS_DETECTED,4342.22,NO_SETUP,BOS_DETECTED,4342.0,4332.0,4342.0,4332.0,4334.36,4338.18,4342.0,4348.18,4338.18,4334.36,4342.0,4342.0,True,True
2026-08-28T03:59:17.696345+00:00,a88dadd0-2651-4d05-af9c-71f3d58817d3,POINT_2_FOUND,4332.0,BOS_DETECTED,POINT_2_IDENTIFIED,4342.0,4332.0,4342.0,4332.0,4334.36,4338.18,4342.0,4348.18,4338.18,4334.36,4342.0,4342.0,True,True
2026-08-28T03:59:17.696345+00:00,a88dadd0-2651-4d05-af9c-71f3d58817d3,SETUP_CREATED,4342.0,POINT_2_IDENTIFIED,FIB_ACTIVE,4342.0,4332.0,4342.0,4332.0,4334.36,4338.18,4342.0,4348.18,4338.18,4334.36,4342.0,4342.0,True,True
2026-08-28T03:59:17.696345+00:00,a88dadd0-2651-4d05-af9c-71f3d58817d3,NEW_VALID_HIGH,4342.0,FIB_ACTIVE,TP_DYNAMIC,4342.0,4332.0,4342.0,4332.0,4334.36,4338.18,4342.0,4348.18,4338.18,4334.36,4342.0,4342.0,True,True
2026-08-28T03:59:17.696345+00:00,a88dadd0-2651-4d05-af9c-71f3d58817d3,TP_UPDATED,4342.0,TP_DYNAMIC,TP_DYNAMIC,4342.0,4332.0,4342.0,4332.0,4334.36,4338.18,4342.0,4348.18,4338.18,4334.36,4342.0,4342.0,True,True
2026-08-28T03:59:17.696345+00:00,a88dadd0-2651-4d05-af9c-71f3d58817d3,ENTRY_TOUCHED,4342.22,TP_DYNAMIC,ENTRY_TOUCHED,4342.0,4332.0,4342.0,4332.0,4334.36,4338.18,4342.0,4348.18,4338.18,4334.36,4342.0,4342.0,True,True
2026-08-28T03:59:17.696345+00:00,a88dadd0-2651-4d05-af9c-71f3d58817d3,TP_LOCKED,4342.0,ENTRY_TOUCHED,TP_FROZEN,4342.0,4332.0,4342.0,4332.0,4334.36,4338.18,4342.0,4348.18,4338.18,4334.36,4342.0,4342.0,True,True
2026-08-28T03:59:17.696345+00:00,a88dadd0-2651-4d05-af9c-71f3d58817d3,TP_HIT,4339.33,TP_FROZEN,COMPLETED,4342.0,4332.0,4342.0,4332.0,4334.36,4338.18,4342.0,4348.18,4338.18,4334.36,4342.0,4342.0,True,True
2026-08-28T03:59:17.732207+00:00,ba5b7d7c-07a0-4a1c-aab0-a1c00374912e,BOS_DETECTED,4342.53,NO_SETUP,BOS_DETECTED,4341.76,4340.18,4341.76,4340.18,4340.55288,4341.156440000001,4341.76,4342.736440000001,4341.156440000001,4340.55288,4341.76,4341.76,True,True
2026-08-28T03:59:17.733726+00:00,ba5b7d7c-07a0-4a1c-aab0-a1c00374912e,POINT_2_FOUND,4340.18,BOS_DETECTED,POINT_2_IDENTIFIED,4341.76,4340.18,4341.76,4340.18,4340.55288,4341.156440000001,4341.76,4342.736440000001,4341.156440000001,4340.55288,4341.76,4341.76,True,True
2026-08-28T03:59:17.733726+00:00,ba5b7d7c-07a0-4a1c-aab0-a1c00374912e,SETUP_CREATED,4341.76,POINT_2_IDENTIFIED,FIB_ACTIVE,4341.76,4340.18,4341.76,4340.18,4340.55288,4341.156440000001,4341.76,4342.736440000001,4341.156440000001,4340.55288,4341.76,4341.76,True,True
2026-08-28T03:59:17.733726+00:00,ba5b7d7c-07a0-4a1c-aab0-a1c00374912e,NEW_VALID_HIGH,4341.76,FIB_ACTIVE,TP_DYNAMIC,4341.76,4340.18,4341.76,4340.18,4340.55288,4341.156440000001,4341.76,4342.736440000001,4341.156440000001,4340.55288,4341.76,4341.76,True,True
2026-08-28T03:59:17.733726+00:00,ba5b7d7c-07a0-4a1c-aab0-a1c00374912e,TP_UPDATED,4341.76,TP_DYNAMIC,TP_DYNAMIC,4341.76,4340.18,4341.76,4340.18,4340.55288,4341.156440000001,4341.76,4342.736440000001,4341.156440000001,4340.55288,4341.76,4341.76,True,True
2026-08-28T03:59:17.733726+00:00,ba5b7d7c-07a0-4a1c-aab0-a1c00374912e,ENTRY_TOUCHED,4342.53,TP_DYNAMIC,ENTRY_TOUCHED,4341.76,4340.18,4341.76,4340.18,4340.55288,4341.156440000001,4341.76,4342.736440000001,4341.156440000001,4340.55288,4341.76,4341.76,True,True
2026-08-28T03:59:17.733726+00:00,ba5b7d7c-07a0-4a1c-aab0-a1c00374912e,TP_LOCKED,4341.76,ENTRY_TOUCHED,TP_FROZEN,4341.76,4340.18,4341.76,4340.18,4340.55288,4341.156440000001,4341.76,4342.736440000001,4341.156440000001,4340.55288,4341.76,4341.76,True,True
2026-08-28T03:59:17.733726+00:00,ba5b7d7c-07a0-4a1c-aab0-a1c00374912e,INVALIDATED,4340.17,TP_FROZEN,INVALIDATED,4341.76,4340.18,4341.76,4340.18,4340.55288,4341.156440000001,4341.76,4342.736440000001,4341.156440000001,4340.55288,4341.76,4341.76,True,True
2026-08-28T03:59:17.744412+00:00,c6c41b8d-eb93-4b3a-8189-07544e58d37d,BOS_DETECTED,4343.74,NO_SETUP,BOS_DETECTED,4342.91,4340.17,4342.91,4340.17,4340.81664,4341.86332,4342.91,4344.60332,4341.86332,4340.81664,4342.91,,False,False
2026-08-28T03:59:17.744412+00:00,c6c41b8d-eb93-4b3a-8189-07544e58d37d,POINT_2_FOUND,4340.17,BOS_DETECTED,POINT_2_IDENTIFIED,4342.91,4340.17,4342.91,4340.17,4340.81664,4341.86332,4342.91,4344.60332,4341.86332,4340.81664,4342.91,,False,False
2026-08-28T03:59:17.744412+00:00,c6c41b8d-eb93-4b3a-8189-07544e58d37d,SETUP_CREATED,4342.91,POINT_2_IDENTIFIED,FIB_ACTIVE,4342.91,4340.17,4342.91,4340.17,4340.81664,4341.86332,4342.91,4344.60332,4341.86332,4340.81664,4342.91,,False,False
2026-08-28T03:59:17.744412+00:00,c6c41b8d-eb93-4b3a-8189-07544e58d37d,NEW_VALID_HIGH,4342.91,FIB_ACTIVE,TP_DYNAMIC,4342.91,4340.17,4342.91,4340.17,4340.81664,4341.86332,4342.91,4344.60332,4341.86332,4340.81664,4342.91,,False,False
2026-08-28T03:59:17.744412+00:00,c6c41b8d-eb93-4b3a-8189-07544e58d37d,TP_UPDATED,4342.91,TP_DYNAMIC,TP_DYNAMIC,4342.91,4340.17,4342.91,4340.17,4340.81664,4341.86332,4342.91,4344.60332,4341.86332,4340.81664,4342.91,,False,False
2026-08-28T03:59:17.746424+00:00,c6c41b8d-eb93-4b3a-8189-07544e58d37d,INVALIDATED,4337.01,TP_DYNAMIC,INVALIDATED,4342.91,4340.17,4342.91,4340.17,4340.81664,4341.86332,4342.91,4344.60332,4341.86332,4340.81664,4342.91,,False,False
2026-08-28T03:59:17.777372+00:00,9e12e460-38e5-43ba-80ac-3e8a47b5a2ff,BOS_DETECTED,4343.96,NO_SETUP,BOS_DETECTED,4342.74,4339.65,4343.97,4339.65,4340.379239999999,4341.55962,4342.74,4344.64962,4341.55962,4340.379239999999,4342.74,4342.74,True,True
2026-08-28T03:59:17.777372+00:00,9e12e460-38e5-43ba-80ac-3e8a47b5a2ff,POINT_2_FOUND,4339.65,BOS_DETECTED,POINT_2_IDENTIFIED,4342.74,4339.65,4343.97,4339.65,4340.379239999999,4341.55962,4342.74,4344.64962,4341.55962,4340.379239999999,4342.74,4342.74,True,True
2026-08-28T03:59:17.777372+00:00,9e12e460-38e5-43ba-80ac-3e8a47b5a2ff,SETUP_CREATED,4342.74,POINT_2_IDENTIFIED,FIB_ACTIVE,4342.74,4339.65,4343.97,4339.65,4340.379239999999,4341.55962,4342.74,4344.64962,4341.55962,4340.379239999999,4342.74,4342.74,True,True
2026-08-28T03:59:17.777372+00:00,9e12e460-38e5-43ba-80ac-3e8a47b5a2ff,NEW_VALID_HIGH,4342.74,FIB_ACTIVE,TP_DYNAMIC,4342.74,4339.65,4343.97,4339.65,4340.379239999999,4341.55962,4342.74,4344.64962,4341.55962,4340.379239999999,4342.74,4342.74,True,True
2026-08-28T03:59:17.777372+00:00,9e12e460-38e5-43ba-80ac-3e8a47b5a2ff,TP_UPDATED,4342.74,TP_DYNAMIC,TP_DYNAMIC,4342.74,4339.65,4343.97,4339.65,4340.379239999999,4341.55962,4342.74,4344.64962,4341.55962,4340.379239999999,4342.74,4342.74,True,True
2026-08-28T03:59:17.777372+00:00,9e12e460-38e5-43ba-80ac-3e8a47b5a2ff,ENTRY_TOUCHED,4342.48,TP_DYNAMIC,ENTRY_TOUCHED,4342.74,4339.65,4343.97,4339.65,4340.379239999999,4341.55962,4342.74,4344.64962,4341.55962,4340.379239999999,4342.74,4342.74,True,True
2026-08-28T03:59:17.779922+00:00,9e12e460-38e5-43ba-80ac-3e8a47b5a2ff,TP_LOCKED,4342.74,ENTRY_TOUCHED,TP_FROZEN,4342.74,4339.65,4343.97,4339.65,4340.379239999999,4341.55962,4342.74,4344.64962,4341.55962,4340.379239999999,4342.74,4342.74,True,True
2026-08-28T03:59:17.779922+00:00,9e12e460-38e5-43ba-80ac-3e8a47b5a2ff,POST_ENTRY_HIGH_IGNORED,4343.97,TP_FROZEN,TP_FROZEN,4342.74,4339.65,4343.97,4339.65,4340.379239999999,4341.55962,4342.74,4344.64962,4341.55962,4340.379239999999,4342.74,4342.74,True,True
2026-08-28T03:59:17.779922+00:00,9e12e460-38e5-43ba-80ac-3e8a47b5a2ff,TP_HIT,4343.8,TP_FROZEN,COMPLETED,4342.74,4339.65,4343.97,4339.65,4340.379239999999,4341.55962,4342.74,4344.64962,4341.55962,4340.379239999999,4342.74,4342.74,True,True
2026-08-28T03:59:17.779922+00:00,565b2629-a2a9-49ad-b75b-88fd8c1a7141,BOS_DETECTED,4343.99,NO_SETUP,BOS_DETECTED,4343.97,4340.13,4343.97,4340.13,4341.03624,4342.50312,4343.97,4346.34312,4342.50312,4341.03624,4343.97,4343.97,True,True
2026-08-28T03:59:17.779922+00:00,565b2629-a2a9-49ad-b75b-88fd8c1a7141,POINT_2_FOUND,4340.13,BOS_DETECTED,POINT_2_IDENTIFIED,4343.97,4340.13,4343.97,4340.13,4341.03624,4342.50312,4343.97,4346.34312,4342.50312,4341.03624,4343.97,4343.97,True,True
2026-08-28T03:59:17.779922+00:00,565b2629-a2a9-49ad-b75b-88fd8c1a7141,SETUP_CREATED,4343.97,POINT_2_IDENTIFIED,FIB_ACTIVE,4343.97,4340.13,4343.97,4340.13,4341.03624,4342.50312,4343.97,4346.34312,4342.50312,4341.03624,4343.97,4343.97,True,True
2026-08-28T03:59:17.779922+00:00,565b2629-a2a9-49ad-b75b-88fd8c1a7141,NEW_VALID_HIGH,4343.97,FIB_ACTIVE,TP_DYNAMIC,4343.97,4340.13,4343.97,4340.13,4341.03624,4342.50312,4343.97,4346.34312,4342.50312,4341.03624,4343.97,4343.97,True,True
2026-08-28T03:59:17.779922+00:00,565b2629-a2a9-49ad-b75b-88fd8c1a7141,TP_UPDATED,4343.97,TP_DYNAMIC,TP_DYNAMIC,4343.97,4340.13,4343.97,4340.13,4341.03624,4342.50312,4343.97,4346.34312,4342.50312,4341.03624,4343.97,4343.97,True,True
2026-08-28T03:59:17.779922+00:00,565b2629-a2a9-49ad-b75b-88fd8c1a7141,ENTRY_TOUCHED,4341.47,TP_DYNAMIC,ENTRY_TOUCHED,4343.97,4340.13,4343.97,4340.13,4341.03624,4342.50312,4343.97,4346.34312,4342.50312,4341.03624,4343.97,4343.97,True,True
2026-08-28T03:59:17.779922+00:00,565b2629-a2a9-49ad-b75b-88fd8c1a7141,TP_LOCKED,4343.97,ENTRY_TOUCHED,TP_FROZEN,4343.97,4340.13,4343.97,4340.13,4341.03624,4342.50312,4343.97,4346.34312,4342.50312,4341.03624,4343.97,4343.97,True,True
2026-08-28T03:59:17.779922+00:00,565b2629-a2a9-49ad-b75b-88fd8c1a7141,SL_HIT,4340.25,TP_FROZEN,COMPLETED,4343.97,4340.13,4343.97,4340.13,4341.03624,4342.50312,4343.97,4346.34312,4342.50312,4341.03624,4343.97,4343.97,True,True
2026-08-28T03:59:17.807753+00:00,e2df7c0b-e6ef-4286-948f-9532559e259b,BOS_DETECTED,4343.58,NO_SETUP,BOS_DETECTED,4343.32,4340.58,4343.32,4340.58,4341.22664,4342.27332,4343.32,4345.01332,4342.27332,4341.22664,4343.32,4343.32,True,True
2026-08-28T03:59:17.807753+00:00,e2df7c0b-e6ef-4286-948f-9532559e259b,POINT_2_FOUND,4340.58,BOS_DETECTED,POINT_2_IDENTIFIED,4343.32,4340.58,4343.32,4340.58,4341.22664,4342.27332,4343.32,4345.01332,4342.27332,4341.22664,4343.32,4343.32,True,True
2026-08-28T03:59:17.809768+00:00,e2df7c0b-e6ef-4286-948f-9532559e259b,SETUP_CREATED,4343.32,POINT_2_IDENTIFIED,FIB_ACTIVE,4343.32,4340.58,4343.32,4340.58,4341.22664,4342.27332,4343.32,4345.01332,4342.27332,4341.22664,4343.32,4343.32,True,True
2026-08-28T03:59:17.809768+00:00,e2df7c0b-e6ef-4286-948f-9532559e259b,NEW_VALID_HIGH,4343.32,FIB_ACTIVE,TP_DYNAMIC,4343.32,4340.58,4343.32,4340.58,4341.22664,4342.27332,4343.32,4345.01332,4342.27332,4341.22664,4343.32,4343.32,True,True
2026-08-28T03:59:17.809768+00:00,e2df7c0b-e6ef-4286-948f-9532559e259b,TP_UPDATED,4343.32,TP_DYNAMIC,TP_DYNAMIC,4343.32,4340.58,4343.32,4340.58,4341.22664,4342.27332,4343.32,4345.01332,4342.27332,4341.22664,4343.32,4343.32,True,True
2026-08-28T03:59:17.809768+00:00,e2df7c0b-e6ef-4286-948f-9532559e259b,ENTRY_TOUCHED,4343.58,TP_DYNAMIC,ENTRY_TOUCHED,4343.32,4340.58,4343.32,4340.58,4341.22664,4342.27332,4343.32,4345.01332,4342.27332,4341.22664,4343.32,4343.32,True,True
2026-08-28T03:59:17.809768+00:00,e2df7c0b-e6ef-4286-948f-9532559e259b,TP_LOCKED,4343.32,ENTRY_TOUCHED,TP_FROZEN,4343.32,4340.58,4343.32,4340.58,4341.22664,4342.27332,4343.32,4345.01332,4342.27332,4341.22664,4343.32,4343.32,True,True
2026-08-28T03:59:17.809768+00:00,e2df7c0b-e6ef-4286-948f-9532559e259b,TP_HIT,4343.98,TP_FROZEN,COMPLETED,4343.32,4340.58,4343.32,4340.58,4341.22664,4342.27332,4343.32,4345.01332,4342.27332,4341.22664,4343.32,4343.32,True,True
2026-08-28T03:59:17.814896+00:00,fa285938-b6ed-4c1a-bd72-3d4d012d6abb,BOS_DETECTED,4347.96,NO_SETUP,BOS_DETECTED,4344.99,4334.11,4500.67,4334.11,4373.41816,4437.04408,4500.67,4603.60408,4437.04408,4373.41816,4500.67,4500.67,True,True
2026-08-28T03:59:17.814896+00:00,fa285938-b6ed-4c1a-bd72-3d4d012d6abb,POINT_2_FOUND,4334.11,BOS_DETECTED,POINT_2_IDENTIFIED,4344.99,4334.11,4500.67,4334.11,4373.41816,4437.04408,4500.67,4603.60408,4437.04408,4373.41816,4500.67,4500.67,True,True
2026-08-28T03:59:17.814896+00:00,fa285938-b6ed-4c1a-bd72-3d4d012d6abb,SETUP_CREATED,4344.99,POINT_2_IDENTIFIED,FIB_ACTIVE,4344.99,4334.11,4500.67,4334.11,4373.41816,4437.04408,4500.67,4603.60408,4437.04408,4373.41816,4500.67,4500.67,True,True
2026-08-28T03:59:17.814896+00:00,fa285938-b6ed-4c1a-bd72-3d4d012d6abb,NEW_VALID_HIGH,4344.99,FIB_ACTIVE,TP_DYNAMIC,4344.99,4334.11,4500.67,4334.11,4373.41816,4437.04408,4500.67,4603.60408,4437.04408,4373.41816,4500.67,4500.67,True,True
2026-08-28T03:59:17.814896+00:00,fa285938-b6ed-4c1a-bd72-3d4d012d6abb,TP_UPDATED,4344.99,TP_DYNAMIC,TP_DYNAMIC,4344.99,4334.11,4500.67,4334.11,4373.41816,4437.04408,4500.67,4603.60408,4437.04408,4373.41816,4500.67,4500.67,True,True
2026-08-28T03:59:17.824768+00:00,fa285938-b6ed-4c1a-bd72-3d4d012d6abb,NEW_VALID_HIGH,4383.45,TP_DYNAMIC,TP_DYNAMIC,4344.99,4334.11,4500.67,4334.11,4373.41816,4437.04408,4500.67,4603.60408,4437.04408,4373.41816,4500.67,4500.67,True,True
2026-08-28T03:59:17.824768+00:00,fa285938-b6ed-4c1a-bd72-3d4d012d6abb,TP_UPDATED,4383.45,TP_DYNAMIC,TP_DYNAMIC,4344.99,4334.11,4500.67,4334.11,4373.41816,4437.04408,4500.67,4603.60408,4437.04408,4373.41816,4500.67,4500.67,True,True
2026-08-28T03:59:17.824768+00:00,fa285938-b6ed-4c1a-bd72-3d4d012d6abb,NEW_VALID_HIGH,4387.03,TP_DYNAMIC,TP_DYNAMIC,4344.99,4334.11,4500.67,4334.11,4373.41816,4437.04408,4500.67,4603.60408,4437.04408,4373.41816,4500.67,4500.67,True,True
2026-08-28T03:59:17.830033+00:00,fa285938-b6ed-4c1a-bd72-3d4d012d6abb,TP_UPDATED,4387.03,TP_DYNAMIC,TP_DYNAMIC,4344.99,4334.11,4500.67,4334.11,4373.41816,4437.04408,4500.67,4603.60408,4437.04408,4373.41816,4500.67,4500.67,True,True
2026-08-28T03:59:17.830033+00:00,fa285938-b6ed-4c1a-bd72-3d4d012d6abb,NEW_VALID_HIGH,4401.85,TP_DYNAMIC,TP_DYNAMIC,4344.99,4334.11,4500.67,4334.11,4373.41816,4437.04408,4500.67,4603.60408,4437.04408,4373.41816,4500.67,4500.67,True,True
2026-08-28T03:59:17.830033+00:00,fa285938-b6ed-4c1a-bd72-3d4d012d6abb,TP_UPDATED,4401.85,TP_DYNAMIC,TP_DYNAMIC,4344.99,4334.11,4500.67,4334.11,4373.41816,4437.04408,4500.67,4603.60408,4437.04408,4373.41816,4500.67,4500.67,True,True
2026-08-28T03:59:17.835213+00:00,fa285938-b6ed-4c1a-bd72-3d4d012d6abb,NEW_VALID_HIGH,4410.0,TP_DYNAMIC,TP_DYNAMIC,4344.99,4334.11,4500.67,4334.11,4373.41816,4437.04408,4500.67,4603.60408,4437.04408,4373.41816,4500.67,4500.67,True,True
2026-08-28T03:59:17.835213+00:00,fa285938-b6ed-4c1a-bd72-3d4d012d6abb,TP_UPDATED,4410.0,TP_DYNAMIC,TP_DYNAMIC,4344.99,4334.11,4500.67,4334.11,4373.41816,4437.04408,4500.67,4603.60408,4437.04408,4373.41816,4500.67,4500.67,True,True
2026-08-28T03:59:17.844258+00:00,fa285938-b6ed-4c1a-bd72-3d4d012d6abb,NEW_VALID_HIGH,4429.73,TP_DYNAMIC,TP_DYNAMIC,4344.99,4334.11,4500.67,4334.11,4373.41816,4437.04408,4500.67,4603.60408,4437.04408,4373.41816,4500.67,4500.67,True,True
2026-08-28T03:59:17.844258+00:00,fa285938-b6ed-4c1a-bd72-3d4d012d6abb,TP_UPDATED,4429.73,TP_DYNAMIC,TP_DYNAMIC,4344.99,4334.11,4500.67,4334.11,4373.41816,4437.04408,4500.67,4603.60408,4437.04408,4373.41816,4500.67,4500.67,True,True
2026-08-28T03:59:17.864907+00:00,fa285938-b6ed-4c1a-bd72-3d4d012d6abb,NEW_VALID_HIGH,4430.17,TP_DYNAMIC,TP_DYNAMIC,4344.99,4334.11,4500.67,4334.11,4373.41816,4437.04408,4500.67,4603.60408,4437.04408,4373.41816,4500.67,4500.67,True,True
2026-08-28T03:59:17.864907+00:00,fa285938-b6ed-4c1a-bd72-3d4d012d6abb,TP_UPDATED,4430.17,TP_DYNAMIC,TP_DYNAMIC,4344.99,4334.11,4500.67,4334.11,4373.41816,4437.04408,4500.67,4603.60408,4437.04408,4373.41816,4500.67,4500.67,True,True
2026-08-28T03:59:17.879903+00:00,fa285938-b6ed-4c1a-bd72-3d4d012d6abb,NEW_VALID_HIGH,4445.0,TP_DYNAMIC,TP_DYNAMIC,4344.99,4334.11,4500.67,4334.11,4373.41816,4437.04408,4500.67,4603.60408,4437.04408,4373.41816,4500.67,4500.67,True,True
2026-08-28T03:59:17.879903+00:00,fa285938-b6ed-4c1a-bd72-3d4d012d6abb,TP_UPDATED,4445.0,TP_DYNAMIC,TP_DYNAMIC,4344.99,4334.11,4500.67,4334.11,4373.41816,4437.04408,4500.67,4603.60408,4437.04408,4373.41816,4500.67,4500.67,True,True
2026-08-28T03:59:17.890221+00:00,fa285938-b6ed-4c1a-bd72-3d4d012d6abb,NEW_VALID_HIGH,4447.0,TP_DYNAMIC,TP_DYNAMIC,4344.99,4334.11,4500.67,4334.11,4373.41816,4437.04408,4500.67,4603.60408,4437.04408,4373.41816,4500.67,4500.67,True,True
2026-08-28T03:59:17.890221+00:00,fa285938-b6ed-4c1a-bd72-3d4d012d6abb,TP_UPDATED,4447.0,TP_DYNAMIC,TP_DYNAMIC,4344.99,4334.11,4500.67,4334.11,4373.41816,4437.04408,4500.67,4603.60408,4437.04408,4373.41816,4500.67,4500.67,True,True
2026-08-28T03:59:17.894746+00:00,fa285938-b6ed-4c1a-bd72-3d4d012d6abb,NEW_VALID_HIGH,4460.0,TP_DYNAMIC,TP_DYNAMIC,4344.99,4334.11,4500.67,4334.11,4373.41816,4437.04408,4500.67,4603.60408,4437.04408,4373.41816,4500.67,4500.67,True,True
2026-08-28T03:59:17.894746+00:00,fa285938-b6ed-4c1a-bd72-3d4d012d6abb,TP_UPDATED,4460.0,TP_DYNAMIC,TP_DYNAMIC,4344.99,4334.11,4500.67,4334.11,4373.41816,4437.04408,4500.67,4603.60408,4437.04408,4373.41816,4500.67,4500.67,True,True
2026-08-28T03:59:17.908999+00:00,fa285938-b6ed-4c1a-bd72-3d4d012d6abb,NEW_VALID_HIGH,4500.0,TP_DYNAMIC,TP_DYNAMIC,4344.99,4334.11,4500.67,4334.11,4373.41816,4437.04408,4500.67,4603.60408,4437.04408,4373.41816,4500.67,4500.67,True,True
2026-08-28T03:59:17.908999+00:00,fa285938-b6ed-4c1a-bd72-3d4d012d6abb,TP_UPDATED,4500.0,TP_DYNAMIC,TP_DYNAMIC,4344.99,4334.11,4500.67,4334.11,4373.41816,4437.04408,4500.67,4603.60408,4437.04408,4373.41816,4500.67,4500.67,True,True
2026-08-28T03:59:17.910011+00:00,fa285938-b6ed-4c1a-bd72-3d4d012d6abb,NEW_VALID_HIGH,4500.2,TP_DYNAMIC,TP_DYNAMIC,4344.99,4334.11,4500.67,4334.11,4373.41816,4437.04408,4500.67,4603.60408,4437.04408,4373.41816,4500.67,4500.67,True,True
2026-08-28T03:59:17.910011+00:00,fa285938-b6ed-4c1a-bd72-3d4d012d6abb,TP_UPDATED,4500.2,TP_DYNAMIC,TP_DYNAMIC,4344.99,4334.11,4500.67,4334.11,4373.41816,4437.04408,4500.67,4603.60408,4437.04408,4373.41816,4500.67,4500.67,True,True
2026-08-28T03:59:17.910011+00:00,fa285938-b6ed-4c1a-bd72-3d4d012d6abb,NEW_VALID_HIGH,4500.67,TP_DYNAMIC,TP_DYNAMIC,4344.99,4334.11,4500.67,4334.11,4373.41816,4437.04408,4500.67,4603.60408,4437.04408,4373.41816,4500.67,4500.67,True,True
2026-08-28T03:59:17.910011+00:00,fa285938-b6ed-4c1a-bd72-3d4d012d6abb,TP_UPDATED,4500.67,TP_DYNAMIC,TP_DYNAMIC,4344.99,4334.11,4500.67,4334.11,4373.41816,4437.04408,4500.67,4603.60408,4437.04408,4373.41816,4500.67,4500.67,True,True
2026-08-28T03:59:17.953360+00:00,fa285938-b6ed-4c1a-bd72-3d4d012d6abb,ENTRY_TOUCHED,4449.54,TP_DYNAMIC,ENTRY_TOUCHED,4344.99,4334.11,4500.67,4334.11,4373.41816,4437.04408,4500.67,4603.60408,4437.04408,4373.41816,4500.67,4500.67,True,True
2026-08-28T03:59:17.953360+00:00,fa285938-b6ed-4c1a-bd72-3d4d012d6abb,TP_LOCKED,4500.67,ENTRY_TOUCHED,TP_FROZEN,4344.99,4334.11,4500.67,4334.11,4373.41816,4437.04408,4500.67,4603.60408,4437.04408,4373.41816,4500.67,4500.67,True,True
2026-08-28T03:59:17.984946+00:00,fa285938-b6ed-4c1a-bd72-3d4d012d6abb,TP_HIT,4510.0,TP_FROZEN,COMPLETED,4344.99,4334.11,4500.67,4334.11,4373.41816,4437.04408,4500.67,4603.60408,4437.04408,4373.41816,4500.67,4500.67,True,True
2026-08-28T03:59:18.024584+00:00,e4effc14-9e91-46ec-b57d-2fe2149e924c,BOS_DETECTED,4504.33,NO_SETUP,BOS_DETECTED,4502.78,4482.0,4506.56,4482.0,4486.90408,4494.8420399999995,4502.78,4515.622039999999,4494.8420399999995,4486.90408,4502.78,4502.78,True,True
2026-08-28T03:59:18.024584+00:00,e4effc14-9e91-46ec-b57d-2fe2149e924c,POINT_2_FOUND,4482.0,BOS_DETECTED,POINT_2_IDENTIFIED,4502.78,4482.0,4506.56,4482.0,4486.90408,4494.8420399999995,4502.78,4515.622039999999,4494.8420399999995,4486.90408,4502.78,4502.78,True,True
2026-08-28T03:59:18.024584+00:00,e4effc14-9e91-46ec-b57d-2fe2149e924c,SETUP_CREATED,4502.78,POINT_2_IDENTIFIED,FIB_ACTIVE,4502.78,4482.0,4506.56,4482.0,4486.90408,4494.8420399999995,4502.78,4515.622039999999,4494.8420399999995,4486.90408,4502.78,4502.78,True,True
2026-08-28T03:59:18.024584+00:00,e4effc14-9e91-46ec-b57d-2fe2149e924c,NEW_VALID_HIGH,4502.78,FIB_ACTIVE,TP_DYNAMIC,4502.78,4482.0,4506.56,4482.0,4486.90408,4494.8420399999995,4502.78,4515.622039999999,4494.8420399999995,4486.90408,4502.78,4502.78,True,True
2026-08-28T03:59:18.024584+00:00,e4effc14-9e91-46ec-b57d-2fe2149e924c,TP_UPDATED,4502.78,TP_DYNAMIC,TP_DYNAMIC,4502.78,4482.0,4506.56,4482.0,4486.90408,4494.8420399999995,4502.78,4515.622039999999,4494.8420399999995,4486.90408,4502.78,4502.78,True,True
2026-08-28T03:59:18.024584+00:00,e4effc14-9e91-46ec-b57d-2fe2149e924c,ENTRY_TOUCHED,4493.0,TP_DYNAMIC,ENTRY_TOUCHED,4502.78,4482.0,4506.56,4482.0,4486.90408,4494.8420399999995,4502.78,4515.622039999999,4494.8420399999995,4486.90408,4502.78,4502.78,True,True
2026-08-28T03:59:18.024584+00:00,e4effc14-9e91-46ec-b57d-2fe2149e924c,TP_LOCKED,4502.78,ENTRY_TOUCHED,TP_FROZEN,4502.78,4482.0,4506.56,4482.0,4486.90408,4494.8420399999995,4502.78,4515.622039999999,4494.8420399999995,4486.90408,4502.78,4502.78,True,True
2026-08-28T03:59:18.029801+00:00,e4effc14-9e91-46ec-b57d-2fe2149e924c,POST_ENTRY_HIGH_IGNORED,4506.56,TP_FROZEN,TP_FROZEN,4502.78,4482.0,4506.56,4482.0,4486.90408,4494.8420399999995,4502.78,4515.622039999999,4494.8420399999995,4486.90408,4502.78,4502.78,True,True
2026-08-28T03:59:18.029801+00:00,e4effc14-9e91-46ec-b57d-2fe2149e924c,TP_HIT,4500.0,TP_FROZEN,COMPLETED,4502.78,4482.0,4506.56,4482.0,4486.90408,4494.8420399999995,4502.78,4515.622039999999,4494.8420399999995,4486.90408,4502.78,4502.78,True,True
2026-08-28T03:59:18.079792+00:00,732f2cc9-54cf-49cb-91a9-3a91106bd641,BOS_DETECTED,4479.99,NO_SETUP,BOS_DETECTED,4479.96,4461.96,4479.99,4461.96,4466.21508,4473.10254,4479.99,4491.13254,4473.10254,4466.21508,4479.99,4479.99,True,True
2026-08-28T03:59:18.079792+00:00,732f2cc9-54cf-49cb-91a9-3a91106bd641,POINT_2_FOUND,4461.96,BOS_DETECTED,POINT_2_IDENTIFIED,4479.96,4461.96,4479.99,4461.96,4466.21508,4473.10254,4479.99,4491.13254,4473.10254,4466.21508,4479.99,4479.99,True,True
2026-08-28T03:59:18.079792+00:00,732f2cc9-54cf-49cb-91a9-3a91106bd641,SETUP_CREATED,4479.96,POINT_2_IDENTIFIED,FIB_ACTIVE,4479.96,4461.96,4479.99,4461.96,4466.21508,4473.10254,4479.99,4491.13254,4473.10254,4466.21508,4479.99,4479.99,True,True
2026-08-28T03:59:18.079792+00:00,732f2cc9-54cf-49cb-91a9-3a91106bd641,NEW_VALID_HIGH,4479.96,FIB_ACTIVE,TP_DYNAMIC,4479.96,4461.96,4479.99,4461.96,4466.21508,4473.10254,4479.99,4491.13254,4473.10254,4466.21508,4479.99,4479.99,True,True
2026-08-28T03:59:18.079792+00:00,732f2cc9-54cf-49cb-91a9-3a91106bd641,TP_UPDATED,4479.96,TP_DYNAMIC,TP_DYNAMIC,4479.96,4461.96,4479.99,4461.96,4466.21508,4473.10254,4479.99,4491.13254,4473.10254,4466.21508,4479.99,4479.99,True,True
2026-08-28T03:59:18.081852+00:00,732f2cc9-54cf-49cb-91a9-3a91106bd641,NEW_VALID_HIGH,4479.99,TP_DYNAMIC,TP_DYNAMIC,4479.96,4461.96,4479.99,4461.96,4466.21508,4473.10254,4479.99,4491.13254,4473.10254,4466.21508,4479.99,4479.99,True,True
2026-08-28T03:59:18.081852+00:00,732f2cc9-54cf-49cb-91a9-3a91106bd641,TP_UPDATED,4479.99,TP_DYNAMIC,TP_DYNAMIC,4479.96,4461.96,4479.99,4461.96,4466.21508,4473.10254,4479.99,4491.13254,4473.10254,4466.21508,4479.99,4479.99,True,True
2026-08-28T03:59:18.083865+00:00,732f2cc9-54cf-49cb-91a9-3a91106bd641,ENTRY_TOUCHED,4475.99,TP_DYNAMIC,ENTRY_TOUCHED,4479.96,4461.96,4479.99,4461.96,4466.21508,4473.10254,4479.99,4491.13254,4473.10254,4466.21508,4479.99,4479.99,True,True
2026-08-28T03:59:18.083865+00:00,732f2cc9-54cf-49cb-91a9-3a91106bd641,TP_LOCKED,4479.99,ENTRY_TOUCHED,TP_FROZEN,4479.96,4461.96,4479.99,4461.96,4466.21508,4473.10254,4479.99,4491.13254,4473.10254,4466.21508,4479.99,4479.99,True,True
2026-08-28T03:59:18.118974+00:00,732f2cc9-54cf-49cb-91a9-3a91106bd641,TP_HIT,4476.15,TP_FROZEN,COMPLETED,4479.96,4461.96,4479.99,4461.96,4466.21508,4473.10254,4479.99,4491.13254,4473.10254,4466.21508,4479.99,4479.99,True,True
2026-08-28T03:59:18.131982+00:00,6aa17546-6e4b-4d93-a45d-4bdaf89f01f1,BOS_DETECTED,4484.16,NO_SETUP,BOS_DETECTED,4479.99,4473.49,4499.69,4473.49,4479.6732,4489.6816,4499.69,4515.8816,4489.6816,4479.6732,4499.69,4499.69,True,True
2026-08-28T03:59:18.131982+00:00,6aa17546-6e4b-4d93-a45d-4bdaf89f01f1,POINT_2_FOUND,4473.49,BOS_DETECTED,POINT_2_IDENTIFIED,4479.99,4473.49,4499.69,4473.49,4479.6732,4489.6816,4499.69,4515.8816,4489.6816,4479.6732,4499.69,4499.69,True,True
2026-08-28T03:59:18.131982+00:00,6aa17546-6e4b-4d93-a45d-4bdaf89f01f1,SETUP_CREATED,4479.99,POINT_2_IDENTIFIED,FIB_ACTIVE,4479.99,4473.49,4499.69,4473.49,4479.6732,4489.6816,4499.69,4515.8816,4489.6816,4479.6732,4499.69,4499.69,True,True
2026-08-28T03:59:18.131982+00:00,6aa17546-6e4b-4d93-a45d-4bdaf89f01f1,NEW_VALID_HIGH,4479.99,FIB_ACTIVE,TP_DYNAMIC,4479.99,4473.49,4499.69,4473.49,4479.6732,4489.6816,4499.69,4515.8816,4489.6816,4479.6732,4499.69,4499.69,True,True
2026-08-28T03:59:18.131982+00:00,6aa17546-6e4b-4d93-a45d-4bdaf89f01f1,TP_UPDATED,4479.99,TP_DYNAMIC,TP_DYNAMIC,4479.99,4473.49,4499.69,4473.49,4479.6732,4489.6816,4499.69,4515.8816,4489.6816,4479.6732,4499.69,4499.69,True,True
2026-08-28T03:59:18.135938+00:00,6aa17546-6e4b-4d93-a45d-4bdaf89f01f1,NEW_VALID_HIGH,4499.69,TP_DYNAMIC,TP_DYNAMIC,4479.99,4473.49,4499.69,4473.49,4479.6732,4489.6816,4499.69,4515.8816,4489.6816,4479.6732,4499.69,4499.69,True,True
2026-08-28T03:59:18.135938+00:00,6aa17546-6e4b-4d93-a45d-4bdaf89f01f1,TP_UPDATED,4499.69,TP_DYNAMIC,TP_DYNAMIC,4479.99,4473.49,4499.69,4473.49,4479.6732,4489.6816,4499.69,4515.8816,4489.6816,4479.6732,4499.69,4499.69,True,True
2026-08-28T03:59:18.135938+00:00,6aa17546-6e4b-4d93-a45d-4bdaf89f01f1,ENTRY_TOUCHED,4487.62,TP_DYNAMIC,ENTRY_TOUCHED,4479.99,4473.49,4499.69,4473.49,4479.6732,4489.6816,4499.69,4515.8816,4489.6816,4479.6732,4499.69,4499.69,True,True
2026-08-28T03:59:18.135938+00:00,6aa17546-6e4b-4d93-a45d-4bdaf89f01f1,TP_LOCKED,4499.69,ENTRY_TOUCHED,TP_FROZEN,4479.99,4473.49,4499.69,4473.49,4479.6732,4489.6816,4499.69,4515.8816,4489.6816,4479.6732,4499.69,4499.69,True,True
2026-08-28T03:59:18.161092+00:00,6aa17546-6e4b-4d93-a45d-4bdaf89f01f1,TP_HIT,4490.47,TP_FROZEN,COMPLETED,4479.99,4473.49,4499.69,4473.49,4479.6732,4489.6816,4499.69,4515.8816,4489.6816,4479.6732,4499.69,4499.69,True,True
2026-08-28T03:59:18.162794+00:00,a37e571d-a6a8-4e01-9fcb-7a3fb2ec3a5e,BOS_DETECTED,4496.01,NO_SETUP,BOS_DETECTED,4495.22,4485.13,4495.22,4485.13,4487.51124,4491.3656200000005,4495.22,4501.455620000001,4491.3656200000005,4487.51124,4495.22,4495.22,True,True
2026-08-28T03:59:18.162794+00:00,a37e571d-a6a8-4e01-9fcb-7a3fb2ec3a5e,POINT_2_FOUND,4485.13,BOS_DETECTED,POINT_2_IDENTIFIED,4495.22,4485.13,4495.22,4485.13,4487.51124,4491.3656200000005,4495.22,4501.455620000001,4491.3656200000005,4487.51124,4495.22,4495.22,True,True
2026-08-28T03:59:18.162794+00:00,a37e571d-a6a8-4e01-9fcb-7a3fb2ec3a5e,SETUP_CREATED,4495.22,POINT_2_IDENTIFIED,FIB_ACTIVE,4495.22,4485.13,4495.22,4485.13,4487.51124,4491.3656200000005,4495.22,4501.455620000001,4491.3656200000005,4487.51124,4495.22,4495.22,True,True
2026-08-28T03:59:18.162794+00:00,a37e571d-a6a8-4e01-9fcb-7a3fb2ec3a5e,NEW_VALID_HIGH,4495.22,FIB_ACTIVE,TP_DYNAMIC,4495.22,4485.13,4495.22,4485.13,4487.51124,4491.3656200000005,4495.22,4501.455620000001,4491.3656200000005,4487.51124,4495.22,4495.22,True,True
2026-08-28T03:59:18.162794+00:00,a37e571d-a6a8-4e01-9fcb-7a3fb2ec3a5e,TP_UPDATED,4495.22,TP_DYNAMIC,TP_DYNAMIC,4495.22,4485.13,4495.22,4485.13,4487.51124,4491.3656200000005,4495.22,4501.455620000001,4491.3656200000005,4487.51124,4495.22,4495.22,True,True
2026-08-28T03:59:18.162794+00:00,a37e571d-a6a8-4e01-9fcb-7a3fb2ec3a5e,ENTRY_TOUCHED,4496.01,TP_DYNAMIC,ENTRY_TOUCHED,4495.22,4485.13,4495.22,4485.13,4487.51124,4491.3656200000005,4495.22,4501.455620000001,4491.3656200000005,4487.51124,4495.22,4495.22,True,True
2026-08-28T03:59:18.162794+00:00,a37e571d-a6a8-4e01-9fcb-7a3fb2ec3a5e,TP_LOCKED,4495.22,ENTRY_TOUCHED,TP_FROZEN,4495.22,4485.13,4495.22,4485.13,4487.51124,4491.3656200000005,4495.22,4501.455620000001,4491.3656200000005,4487.51124,4495.22,4495.22,True,True
2026-08-28T03:59:18.162794+00:00,a37e571d-a6a8-4e01-9fcb-7a3fb2ec3a5e,TP_HIT,4499.99,TP_FROZEN,COMPLETED,4495.22,4485.13,4495.22,4485.13,4487.51124,4491.3656200000005,4495.22,4501.455620000001,4491.3656200000005,4487.51124,4495.22,4495.22,True,True
2026-08-28T03:59:18.179790+00:00,2c1ce3ab-3b71-4226-a1de-4bcb22a7ff69,BOS_DETECTED,4511.84,NO_SETUP,BOS_DETECTED,4509.32,4493.26,4515.99,4493.26,4498.62428,4507.30714,4515.99,4530.037139999999,4507.30714,4498.62428,4515.99,4515.99,True,True
2026-08-28T03:59:18.179790+00:00,2c1ce3ab-3b71-4226-a1de-4bcb22a7ff69,POINT_2_FOUND,4493.26,BOS_DETECTED,POINT_2_IDENTIFIED,4509.32,4493.26,4515.99,4493.26,4498.62428,4507.30714,4515.99,4530.037139999999,4507.30714,4498.62428,4515.99,4515.99,True,True
2026-08-28T03:59:18.179790+00:00,2c1ce3ab-3b71-4226-a1de-4bcb22a7ff69,SETUP_CREATED,4509.32,POINT_2_IDENTIFIED,FIB_ACTIVE,4509.32,4493.26,4515.99,4493.26,4498.62428,4507.30714,4515.99,4530.037139999999,4507.30714,4498.62428,4515.99,4515.99,True,True
2026-08-28T03:59:18.179790+00:00,2c1ce3ab-3b71-4226-a1de-4bcb22a7ff69,NEW_VALID_HIGH,4509.32,FIB_ACTIVE,TP_DYNAMIC,4509.32,4493.26,4515.99,4493.26,4498.62428,4507.30714,4515.99,4530.037139999999,4507.30714,4498.62428,4515.99,4515.99,True,True
2026-08-28T03:59:18.179790+00:00,2c1ce3ab-3b71-4226-a1de-4bcb22a7ff69,TP_UPDATED,4509.32,TP_DYNAMIC,TP_DYNAMIC,4509.32,4493.26,4515.99,4493.26,4498.62428,4507.30714,4515.99,4530.037139999999,4507.30714,4498.62428,4515.99,4515.99,True,True
2026-08-28T03:59:18.185059+00:00,2c1ce3ab-3b71-4226-a1de-4bcb22a7ff69,NEW_VALID_HIGH,4515.99,TP_DYNAMIC,TP_DYNAMIC,4509.32,4493.26,4515.99,4493.26,4498.62428,4507.30714,4515.99,4530.037139999999,4507.30714,4498.62428,4515.99,4515.99,True,True
2026-08-28T03:59:18.185059+00:00,2c1ce3ab-3b71-4226-a1de-4bcb22a7ff69,TP_UPDATED,4515.99,TP_DYNAMIC,TP_DYNAMIC,4509.32,4493.26,4515.99,4493.26,4498.62428,4507.30714,4515.99,4530.037139999999,4507.30714,4498.62428,4515.99,4515.99,True,True
2026-08-28T03:59:18.193283+00:00,2c1ce3ab-3b71-4226-a1de-4bcb22a7ff69,ENTRY_TOUCHED,4512.75,TP_DYNAMIC,ENTRY_TOUCHED,4509.32,4493.26,4515.99,4493.26,4498.62428,4507.30714,4515.99,4530.037139999999,4507.30714,4498.62428,4515.99,4515.99,True,True
2026-08-28T03:59:18.193283+00:00,2c1ce3ab-3b71-4226-a1de-4bcb22a7ff69,TP_LOCKED,4515.99,ENTRY_TOUCHED,TP_FROZEN,4509.32,4493.26,4515.99,4493.26,4498.62428,4507.30714,4515.99,4530.037139999999,4507.30714,4498.62428,4515.99,4515.99,True,True
2026-08-28T03:59:18.193283+00:00,2c1ce3ab-3b71-4226-a1de-4bcb22a7ff69,TP_HIT,4517.42,TP_FROZEN,COMPLETED,4509.32,4493.26,4515.99,4493.26,4498.62428,4507.30714,4515.99,4530.037139999999,4507.30714,4498.62428,4515.99,4515.99,True,True
2026-08-28T03:59:18.193283+00:00,2478e138-fcfd-4b67-9d19-7b94c7bb305d,BOS_DETECTED,4514.55,NO_SETUP,BOS_DETECTED,4514.54,4498.51,4530.0,4498.51,4502.29308,4508.41654,4514.54,4524.44654,4508.41654,4502.29308,4514.54,4514.54,True,True
2026-08-28T03:59:18.193283+00:00,2478e138-fcfd-4b67-9d19-7b94c7bb305d,POINT_2_FOUND,4498.51,BOS_DETECTED,POINT_2_IDENTIFIED,4514.54,4498.51,4530.0,4498.51,4502.29308,4508.41654,4514.54,4524.44654,4508.41654,4502.29308,4514.54,4514.54,True,True
2026-08-28T03:59:18.193283+00:00,2478e138-fcfd-4b67-9d19-7b94c7bb305d,SETUP_CREATED,4514.54,POINT_2_IDENTIFIED,FIB_ACTIVE,4514.54,4498.51,4530.0,4498.51,4502.29308,4508.41654,4514.54,4524.44654,4508.41654,4502.29308,4514.54,4514.54,True,True
2026-08-28T03:59:18.193283+00:00,2478e138-fcfd-4b67-9d19-7b94c7bb305d,NEW_VALID_HIGH,4514.54,FIB_ACTIVE,TP_DYNAMIC,4514.54,4498.51,4530.0,4498.51,4502.29308,4508.41654,4514.54,4524.44654,4508.41654,4502.29308,4514.54,4514.54,True,True
2026-08-28T03:59:18.193283+00:00,2478e138-fcfd-4b67-9d19-7b94c7bb305d,TP_UPDATED,4514.54,TP_DYNAMIC,TP_DYNAMIC,4514.54,4498.51,4530.0,4498.51,4502.29308,4508.41654,4514.54,4524.44654,4508.41654,4502.29308,4514.54,4514.54,True,True
2026-08-28T03:59:18.193283+00:00,2478e138-fcfd-4b67-9d19-7b94c7bb305d,ENTRY_TOUCHED,4514.55,TP_DYNAMIC,ENTRY_TOUCHED,4514.54,4498.51,4530.0,4498.51,4502.29308,4508.41654,4514.54,4524.44654,4508.41654,4502.29308,4514.54,4514.54,True,True
2026-08-28T03:59:18.193283+00:00,2478e138-fcfd-4b67-9d19-7b94c7bb305d,TP_LOCKED,4514.54,ENTRY_TOUCHED,TP_FROZEN,4514.54,4498.51,4530.0,4498.51,4502.29308,4508.41654,4514.54,4524.44654,4508.41654,4502.29308,4514.54,4514.54,True,True
2026-08-28T03:59:18.193283+00:00,2478e138-fcfd-4b67-9d19-7b94c7bb305d,POST_ENTRY_HIGH_IGNORED,4530.0,TP_FROZEN,TP_FROZEN,4514.54,4498.51,4530.0,4498.51,4502.29308,4508.41654,4514.54,4524.44654,4508.41654,4502.29308,4514.54,4514.54,True,True
2026-08-28T03:59:18.193283+00:00,2478e138-fcfd-4b67-9d19-7b94c7bb305d,TP_HIT,4509.79,TP_FROZEN,COMPLETED,4514.54,4498.51,4530.0,4498.51,4502.29308,4508.41654,4514.54,4524.44654,4508.41654,4502.29308,4514.54,4514.54,True,True
2026-08-28T03:59:18.201363+00:00,c3062ca5-d420-43ac-8649-8a38c203f29c,BOS_DETECTED,4515.23,NO_SETUP,BOS_DETECTED,4515.0,4500.1,4523.97,4500.1,4505.73332,4514.85166,4523.97,4538.72166,4514.85166,4505.73332,4523.97,4523.97,True,True
2026-08-28T03:59:18.201363+00:00,c3062ca5-d420-43ac-8649-8a38c203f29c,POINT_2_FOUND,4500.1,BOS_DETECTED,POINT_2_IDENTIFIED,4515.0,4500.1,4523.97,4500.1,4505.73332,4514.85166,4523.97,4538.72166,4514.85166,4505.73332,4523.97,4523.97,True,True
2026-08-28T03:59:18.201363+00:00,c3062ca5-d420-43ac-8649-8a38c203f29c,SETUP_CREATED,4515.0,POINT_2_IDENTIFIED,FIB_ACTIVE,4515.0,4500.1,4523.97,4500.1,4505.73332,4514.85166,4523.97,4538.72166,4514.85166,4505.73332,4523.97,4523.97,True,True
2026-08-28T03:59:18.201363+00:00,c3062ca5-d420-43ac-8649-8a38c203f29c,NEW_VALID_HIGH,4515.0,FIB_ACTIVE,TP_DYNAMIC,4515.0,4500.1,4523.97,4500.1,4505.73332,4514.85166,4523.97,4538.72166,4514.85166,4505.73332,4523.97,4523.97,True,True
2026-08-28T03:59:18.201363+00:00,c3062ca5-d420-43ac-8649-8a38c203f29c,TP_UPDATED,4515.0,TP_DYNAMIC,TP_DYNAMIC,4515.0,4500.1,4523.97,4500.1,4505.73332,4514.85166,4523.97,4538.72166,4514.85166,4505.73332,4523.97,4523.97,True,True
2026-08-28T03:59:18.207410+00:00,c3062ca5-d420-43ac-8649-8a38c203f29c,NEW_VALID_HIGH,4523.97,TP_DYNAMIC,TP_DYNAMIC,4515.0,4500.1,4523.97,4500.1,4505.73332,4514.85166,4523.97,4538.72166,4514.85166,4505.73332,4523.97,4523.97,True,True
2026-08-28T03:59:18.207410+00:00,c3062ca5-d420-43ac-8649-8a38c203f29c,TP_UPDATED,4523.97,TP_DYNAMIC,TP_DYNAMIC,4515.0,4500.1,4523.97,4500.1,4505.73332,4514.85166,4523.97,4538.72166,4514.85166,4505.73332,4523.97,4523.97,True,True
2026-08-28T03:59:18.207410+00:00,c3062ca5-d420-43ac-8649-8a38c203f29c,ENTRY_TOUCHED,4520.16,TP_DYNAMIC,ENTRY_TOUCHED,4515.0,4500.1,4523.97,4500.1,4505.73332,4514.85166,4523.97,4538.72166,4514.85166,4505.73332,4523.97,4523.97,True,True
2026-08-28T03:59:18.207410+00:00,c3062ca5-d420-43ac-8649-8a38c203f29c,TP_LOCKED,4523.97,ENTRY_TOUCHED,TP_FROZEN,4515.0,4500.1,4523.97,4500.1,4505.73332,4514.85166,4523.97,4538.72166,4514.85166,4505.73332,4523.97,4523.97,True,True
2026-08-28T03:59:18.210209+00:00,c3062ca5-d420-43ac-8649-8a38c203f29c,TP_HIT,4515.07,TP_FROZEN,COMPLETED,4515.0,4500.1,4523.97,4500.1,4505.73332,4514.85166,4523.97,4538.72166,4514.85166,4505.73332,4523.97,4523.97,True,True
2026-08-28T03:59:18.210209+00:00,fa607347-6dae-4b3f-8c82-e780b3ed39d3,BOS_DETECTED,4529.03,NO_SETUP,BOS_DETECTED,4528.0,4500.1,4540.0,4500.1,4509.5164,4524.7582,4540.0,4564.6582,4524.7582,4509.5164,4540.0,4540.0,True,True
2026-08-28T03:59:18.210209+00:00,fa607347-6dae-4b3f-8c82-e780b3ed39d3,POINT_2_FOUND,4500.1,BOS_DETECTED,POINT_2_IDENTIFIED,4528.0,4500.1,4540.0,4500.1,4509.5164,4524.7582,4540.0,4564.6582,4524.7582,4509.5164,4540.0,4540.0,True,True
2026-08-28T03:59:18.210209+00:00,fa607347-6dae-4b3f-8c82-e780b3ed39d3,SETUP_CREATED,4528.0,POINT_2_IDENTIFIED,FIB_ACTIVE,4528.0,4500.1,4540.0,4500.1,4509.5164,4524.7582,4540.0,4564.6582,4524.7582,4509.5164,4540.0,4540.0,True,True
2026-08-28T03:59:18.210209+00:00,fa607347-6dae-4b3f-8c82-e780b3ed39d3,NEW_VALID_HIGH,4528.0,FIB_ACTIVE,TP_DYNAMIC,4528.0,4500.1,4540.0,4500.1,4509.5164,4524.7582,4540.0,4564.6582,4524.7582,4509.5164,4540.0,4540.0,True,True
2026-08-28T03:59:18.210209+00:00,fa607347-6dae-4b3f-8c82-e780b3ed39d3,TP_UPDATED,4528.0,TP_DYNAMIC,TP_DYNAMIC,4528.0,4500.1,4540.0,4500.1,4509.5164,4524.7582,4540.0,4564.6582,4524.7582,4509.5164,4540.0,4540.0,True,True
2026-08-28T03:59:18.210209+00:00,fa607347-6dae-4b3f-8c82-e780b3ed39d3,NEW_VALID_HIGH,4540.0,TP_DYNAMIC,TP_DYNAMIC,4528.0,4500.1,4540.0,4500.1,4509.5164,4524.7582,4540.0,4564.6582,4524.7582,4509.5164,4540.0,4540.0,True,True
2026-08-28T03:59:18.210209+00:00,fa607347-6dae-4b3f-8c82-e780b3ed39d3,TP_UPDATED,4540.0,TP_DYNAMIC,TP_DYNAMIC,4528.0,4500.1,4540.0,4500.1,4509.5164,4524.7582,4540.0,4564.6582,4524.7582,4509.5164,4540.0,4540.0,True,True
2026-08-28T03:59:18.210209+00:00,fa607347-6dae-4b3f-8c82-e780b3ed39d3,ENTRY_TOUCHED,4530.81,TP_DYNAMIC,ENTRY_TOUCHED,4528.0,4500.1,4540.0,4500.1,4509.5164,4524.7582,4540.0,4564.6582,4524.7582,4509.5164,4540.0,4540.0,True,True
2026-08-28T03:59:18.210209+00:00,fa607347-6dae-4b3f-8c82-e780b3ed39d3,TP_LOCKED,4540.0,ENTRY_TOUCHED,TP_FROZEN,4528.0,4500.1,4540.0,4500.1,4509.5164,4524.7582,4540.0,4564.6582,4524.7582,4509.5164,4540.0,4540.0,True,True
2026-08-28T03:59:18.229771+00:00,fa607347-6dae-4b3f-8c82-e780b3ed39d3,TP_HIT,4535.84,TP_FROZEN,COMPLETED,4528.0,4500.1,4540.0,4500.1,4509.5164,4524.7582,4540.0,4564.6582,4524.7582,4509.5164,4540.0,4540.0,True,True
2026-08-28T03:59:18.229771+00:00,bf31b663-684b-4bbe-b442-094d9309c5d9,BOS_DETECTED,4538.0,NO_SETUP,BOS_DETECTED,4535.67,4513.33,4550.0,4513.33,4521.98412,4535.99206,4550.0,4572.66206,4535.99206,4521.98412,4550.0,4550.0,True,True
2026-08-28T03:59:18.229771+00:00,bf31b663-684b-4bbe-b442-094d9309c5d9,POINT_2_FOUND,4513.33,BOS_DETECTED,POINT_2_IDENTIFIED,4535.67,4513.33,4550.0,4513.33,4521.98412,4535.99206,4550.0,4572.66206,4535.99206,4521.98412,4550.0,4550.0,True,True
2026-08-28T03:59:18.229771+00:00,bf31b663-684b-4bbe-b442-094d9309c5d9,SETUP_CREATED,4535.67,POINT_2_IDENTIFIED,FIB_ACTIVE,4535.67,4513.33,4550.0,4513.33,4521.98412,4535.99206,4550.0,4572.66206,4535.99206,4521.98412,4550.0,4550.0,True,True
2026-08-28T03:59:18.229771+00:00,bf31b663-684b-4bbe-b442-094d9309c5d9,NEW_VALID_HIGH,4535.67,FIB_ACTIVE,TP_DYNAMIC,4535.67,4513.33,4550.0,4513.33,4521.98412,4535.99206,4550.0,4572.66206,4535.99206,4521.98412,4550.0,4550.0,True,True
2026-08-28T03:59:18.229771+00:00,bf31b663-684b-4bbe-b442-094d9309c5d9,TP_UPDATED,4535.67,TP_DYNAMIC,TP_DYNAMIC,4535.67,4513.33,4550.0,4513.33,4521.98412,4535.99206,4550.0,4572.66206,4535.99206,4521.98412,4550.0,4550.0,True,True
2026-08-28T03:59:18.229771+00:00,bf31b663-684b-4bbe-b442-094d9309c5d9,NEW_VALID_HIGH,4550.0,TP_DYNAMIC,TP_DYNAMIC,4535.67,4513.33,4550.0,4513.33,4521.98412,4535.99206,4550.0,4572.66206,4535.99206,4521.98412,4550.0,4550.0,True,True
2026-08-28T03:59:18.229771+00:00,bf31b663-684b-4bbe-b442-094d9309c5d9,TP_UPDATED,4550.0,TP_DYNAMIC,TP_DYNAMIC,4535.67,4513.33,4550.0,4513.33,4521.98412,4535.99206,4550.0,4572.66206,4535.99206,4521.98412,4550.0,4550.0,True,True
2026-08-28T03:59:18.229771+00:00,bf31b663-684b-4bbe-b442-094d9309c5d9,ENTRY_TOUCHED,4542.49,TP_DYNAMIC,ENTRY_TOUCHED,4535.67,4513.33,4550.0,4513.33,4521.98412,4535.99206,4550.0,4572.66206,4535.99206,4521.98412,4550.0,4550.0,True,True
2026-08-28T03:59:18.229771+00:00,bf31b663-684b-4bbe-b442-094d9309c5d9,TP_LOCKED,4550.0,ENTRY_TOUCHED,TP_FROZEN,4535.67,4513.33,4550.0,4513.33,4521.98412,4535.99206,4550.0,4572.66206,4535.99206,4521.98412,4550.0,4550.0,True,True
2026-08-28T03:59:18.239939+00:00,bf31b663-684b-4bbe-b442-094d9309c5d9,SL_HIT,4531.99,TP_FROZEN,COMPLETED,4535.67,4513.33,4550.0,4513.33,4521.98412,4535.99206,4550.0,4572.66206,4535.99206,4521.98412,4550.0,4550.0,True,True
2026-08-28T03:59:18.268165+00:00,52818c1e-a13e-4ad3-83df-0eac85d6362a,BOS_DETECTED,4541.95,NO_SETUP,BOS_DETECTED,4538.99,4528.99,4538.99,4528.99,4531.349999999999,4535.17,4538.99,4545.17,4535.17,4531.349999999999,4538.99,4538.99,True,True
2026-08-28T03:59:18.268165+00:00,52818c1e-a13e-4ad3-83df-0eac85d6362a,POINT_2_FOUND,4528.99,BOS_DETECTED,POINT_2_IDENTIFIED,4538.99,4528.99,4538.99,4528.99,4531.349999999999,4535.17,4538.99,4545.17,4535.17,4531.349999999999,4538.99,4538.99,True,True
2026-08-28T03:59:18.268165+00:00,52818c1e-a13e-4ad3-83df-0eac85d6362a,SETUP_CREATED,4538.99,POINT_2_IDENTIFIED,FIB_ACTIVE,4538.99,4528.99,4538.99,4528.99,4531.349999999999,4535.17,4538.99,4545.17,4535.17,4531.349999999999,4538.99,4538.99,True,True
2026-08-28T03:59:18.268165+00:00,52818c1e-a13e-4ad3-83df-0eac85d6362a,NEW_VALID_HIGH,4538.99,FIB_ACTIVE,TP_DYNAMIC,4538.99,4528.99,4538.99,4528.99,4531.349999999999,4535.17,4538.99,4545.17,4535.17,4531.349999999999,4538.99,4538.99,True,True
2026-08-28T03:59:18.268165+00:00,52818c1e-a13e-4ad3-83df-0eac85d6362a,TP_UPDATED,4538.99,TP_DYNAMIC,TP_DYNAMIC,4538.99,4528.99,4538.99,4528.99,4531.349999999999,4535.17,4538.99,4545.17,4535.17,4531.349999999999,4538.99,4538.99,True,True
2026-08-28T03:59:18.268165+00:00,52818c1e-a13e-4ad3-83df-0eac85d6362a,ENTRY_TOUCHED,4541.95,TP_DYNAMIC,ENTRY_TOUCHED,4538.99,4528.99,4538.99,4528.99,4531.349999999999,4535.17,4538.99,4545.17,4535.17,4531.349999999999,4538.99,4538.99,True,True
2026-08-28T03:59:18.268165+00:00,52818c1e-a13e-4ad3-83df-0eac85d6362a,TP_LOCKED,4538.99,ENTRY_TOUCHED,TP_FROZEN,4538.99,4528.99,4538.99,4528.99,4531.349999999999,4535.17,4538.99,4545.17,4535.17,4531.349999999999,4538.99,4538.99,True,True
2026-08-28T03:59:18.268165+00:00,52818c1e-a13e-4ad3-83df-0eac85d6362a,TP_HIT,4539.98,TP_FROZEN,COMPLETED,4538.99,4528.99,4538.99,4528.99,4531.349999999999,4535.17,4538.99,4545.17,4535.17,4531.349999999999,4538.99,4538.99,True,True
2026-08-28T03:59:18.284535+00:00,99b12ef9-dfdc-4504-b0a8-f8cb842bc18b,BOS_DETECTED,4543.0,NO_SETUP,BOS_DETECTED,4542.8,4532.33,4542.8,4532.33,4534.80092,4538.80046,4542.8,4549.270460000001,4538.80046,4534.80092,4542.8,4542.8,True,True
2026-08-28T03:59:18.284535+00:00,99b12ef9-dfdc-4504-b0a8-f8cb842bc18b,POINT_2_FOUND,4532.33,BOS_DETECTED,POINT_2_IDENTIFIED,4542.8,4532.33,4542.8,4532.33,4534.80092,4538.80046,4542.8,4549.270460000001,4538.80046,4534.80092,4542.8,4542.8,True,True
2026-08-28T03:59:18.284535+00:00,99b12ef9-dfdc-4504-b0a8-f8cb842bc18b,SETUP_CREATED,4542.8,POINT_2_IDENTIFIED,FIB_ACTIVE,4542.8,4532.33,4542.8,4532.33,4534.80092,4538.80046,4542.8,4549.270460000001,4538.80046,4534.80092,4542.8,4542.8,True,True
2026-08-28T03:59:18.284535+00:00,99b12ef9-dfdc-4504-b0a8-f8cb842bc18b,NEW_VALID_HIGH,4542.8,FIB_ACTIVE,TP_DYNAMIC,4542.8,4532.33,4542.8,4532.33,4534.80092,4538.80046,4542.8,4549.270460000001,4538.80046,4534.80092,4542.8,4542.8,True,True
2026-08-28T03:59:18.284535+00:00,99b12ef9-dfdc-4504-b0a8-f8cb842bc18b,TP_UPDATED,4542.8,TP_DYNAMIC,TP_DYNAMIC,4542.8,4532.33,4542.8,4532.33,4534.80092,4538.80046,4542.8,4549.270460000001,4538.80046,4534.80092,4542.8,4542.8,True,True
2026-08-28T03:59:18.284535+00:00,99b12ef9-dfdc-4504-b0a8-f8cb842bc18b,ENTRY_TOUCHED,4543.0,TP_DYNAMIC,ENTRY_TOUCHED,4542.8,4532.33,4542.8,4532.33,4534.80092,4538.80046,4542.8,4549.270460000001,4538.80046,4534.80092,4542.8,4542.8,True,True
2026-08-28T03:59:18.284535+00:00,99b12ef9-dfdc-4504-b0a8-f8cb842bc18b,TP_LOCKED,4542.8,ENTRY_TOUCHED,TP_FROZEN,4542.8,4532.33,4542.8,4532.33,4534.80092,4538.80046,4542.8,4549.270460000001,4538.80046,4534.80092,4542.8,4542.8,True,True
2026-08-28T03:59:18.284535+00:00,99b12ef9-dfdc-4504-b0a8-f8cb842bc18b,TP_HIT,4540.96,TP_FROZEN,COMPLETED,4542.8,4532.33,4542.8,4532.33,4534.80092,4538.80046,4542.8,4549.270460000001,4538.80046,4534.80092,4542.8,4542.8,True,True
2026-08-28T03:59:18.344949+00:00,f07dea7a-5107-4ddb-a85b-855bcef37afe,BOS_DETECTED,4542.99,NO_SETUP,BOS_DETECTED,4540.0,4532.27,4540.0,4532.27,4534.09428,4537.047140000001,4540.0,4544.77714,4537.047140000001,4534.09428,4540.0,4540.0,True,True
2026-08-28T03:59:18.344949+00:00,f07dea7a-5107-4ddb-a85b-855bcef37afe,POINT_2_FOUND,4532.27,BOS_DETECTED,POINT_2_IDENTIFIED,4540.0,4532.27,4540.0,4532.27,4534.09428,4537.047140000001,4540.0,4544.77714,4537.047140000001,4534.09428,4540.0,4540.0,True,True
2026-08-28T03:59:18.344949+00:00,f07dea7a-5107-4ddb-a85b-855bcef37afe,SETUP_CREATED,4540.0,POINT_2_IDENTIFIED,FIB_ACTIVE,4540.0,4532.27,4540.0,4532.27,4534.09428,4537.047140000001,4540.0,4544.77714,4537.047140000001,4534.09428,4540.0,4540.0,True,True
2026-08-28T03:59:18.344949+00:00,f07dea7a-5107-4ddb-a85b-855bcef37afe,NEW_VALID_HIGH,4540.0,FIB_ACTIVE,TP_DYNAMIC,4540.0,4532.27,4540.0,4532.27,4534.09428,4537.047140000001,4540.0,4544.77714,4537.047140000001,4534.09428,4540.0,4540.0,True,True
2026-08-28T03:59:18.344949+00:00,f07dea7a-5107-4ddb-a85b-855bcef37afe,TP_UPDATED,4540.0,TP_DYNAMIC,TP_DYNAMIC,4540.0,4532.27,4540.0,4532.27,4534.09428,4537.047140000001,4540.0,4544.77714,4537.047140000001,4534.09428,4540.0,4540.0,True,True
2026-08-28T03:59:18.344949+00:00,f07dea7a-5107-4ddb-a85b-855bcef37afe,ENTRY_TOUCHED,4542.99,TP_DYNAMIC,ENTRY_TOUCHED,4540.0,4532.27,4540.0,4532.27,4534.09428,4537.047140000001,4540.0,4544.77714,4537.047140000001,4534.09428,4540.0,4540.0,True,True
2026-08-28T03:59:18.344949+00:00,f07dea7a-5107-4ddb-a85b-855bcef37afe,TP_LOCKED,4540.0,ENTRY_TOUCHED,TP_FROZEN,4540.0,4532.27,4540.0,4532.27,4534.09428,4537.047140000001,4540.0,4544.77714,4537.047140000001,4534.09428,4540.0,4540.0,True,True
2026-08-28T03:59:18.344949+00:00,f07dea7a-5107-4ddb-a85b-855bcef37afe,TP_HIT,4541.14,TP_FROZEN,COMPLETED,4540.0,4532.27,4540.0,4532.27,4534.09428,4537.047140000001,4540.0,4544.77714,4537.047140000001,4534.09428,4540.0,4540.0,True,True
2026-08-28T03:59:18.375475+00:00,2bbf3fbf-0483-47fc-9592-37579c698038,BOS_DETECTED,4550.0,NO_SETUP,BOS_DETECTED,4545.0,4530.0,4555.55,4530.0,4536.0298,4545.7899,4555.55,4571.3399,4545.7899,4536.0298,4555.55,4555.55,True,True
2026-08-28T03:59:18.375475+00:00,2bbf3fbf-0483-47fc-9592-37579c698038,POINT_2_FOUND,4530.0,BOS_DETECTED,POINT_2_IDENTIFIED,4545.0,4530.0,4555.55,4530.0,4536.0298,4545.7899,4555.55,4571.3399,4545.7899,4536.0298,4555.55,4555.55,True,True
2026-08-28T03:59:18.375475+00:00,2bbf3fbf-0483-47fc-9592-37579c698038,SETUP_CREATED,4545.0,POINT_2_IDENTIFIED,FIB_ACTIVE,4545.0,4530.0,4555.55,4530.0,4536.0298,4545.7899,4555.55,4571.3399,4545.7899,4536.0298,4555.55,4555.55,True,True
2026-08-28T03:59:18.375475+00:00,2bbf3fbf-0483-47fc-9592-37579c698038,NEW_VALID_HIGH,4545.0,FIB_ACTIVE,TP_DYNAMIC,4545.0,4530.0,4555.55,4530.0,4536.0298,4545.7899,4555.55,4571.3399,4545.7899,4536.0298,4555.55,4555.55,True,True
2026-08-28T03:59:18.375475+00:00,2bbf3fbf-0483-47fc-9592-37579c698038,TP_UPDATED,4545.0,TP_DYNAMIC,TP_DYNAMIC,4545.0,4530.0,4555.55,4530.0,4536.0298,4545.7899,4555.55,4571.3399,4545.7899,4536.0298,4555.55,4555.55,True,True
2026-08-28T03:59:18.378979+00:00,2bbf3fbf-0483-47fc-9592-37579c698038,NEW_VALID_HIGH,4555.55,TP_DYNAMIC,TP_DYNAMIC,4545.0,4530.0,4555.55,4530.0,4536.0298,4545.7899,4555.55,4571.3399,4545.7899,4536.0298,4555.55,4555.55,True,True
2026-08-28T03:59:18.378979+00:00,2bbf3fbf-0483-47fc-9592-37579c698038,TP_UPDATED,4555.55,TP_DYNAMIC,TP_DYNAMIC,4545.0,4530.0,4555.55,4530.0,4536.0298,4545.7899,4555.55,4571.3399,4545.7899,4536.0298,4555.55,4555.55,True,True
2026-08-28T03:59:18.378979+00:00,2bbf3fbf-0483-47fc-9592-37579c698038,ENTRY_TOUCHED,4539.0,TP_DYNAMIC,ENTRY_TOUCHED,4545.0,4530.0,4555.55,4530.0,4536.0298,4545.7899,4555.55,4571.3399,4545.7899,4536.0298,4555.55,4555.55,True,True
2026-08-28T03:59:18.378979+00:00,2bbf3fbf-0483-47fc-9592-37579c698038,TP_LOCKED,4555.55,ENTRY_TOUCHED,TP_FROZEN,4545.0,4530.0,4555.55,4530.0,4536.0298,4545.7899,4555.55,4571.3399,4545.7899,4536.0298,4555.55,4555.55,True,True
2026-08-28T03:59:18.379988+00:00,2bbf3fbf-0483-47fc-9592-37579c698038,SL_HIT,4533.16,TP_FROZEN,COMPLETED,4545.0,4530.0,4555.55,4530.0,4536.0298,4545.7899,4555.55,4571.3399,4545.7899,4536.0298,4555.55,4555.55,True,True
2026-08-28T03:59:18.480190+00:00,b313116b-029d-4a70-9d15-6368898ce035,BOS_DETECTED,4353.9,NO_SETUP,BOS_DETECTED,4352.63,4330.0,4357.66,4330.0,4335.34068,4343.98534,4352.63,4366.61534,4343.98534,4335.34068,4352.63,4352.63,True,True
2026-08-28T03:59:18.480190+00:00,b313116b-029d-4a70-9d15-6368898ce035,POINT_2_FOUND,4330.0,BOS_DETECTED,POINT_2_IDENTIFIED,4352.63,4330.0,4357.66,4330.0,4335.34068,4343.98534,4352.63,4366.61534,4343.98534,4335.34068,4352.63,4352.63,True,True
2026-08-28T03:59:18.480190+00:00,b313116b-029d-4a70-9d15-6368898ce035,SETUP_CREATED,4352.63,POINT_2_IDENTIFIED,FIB_ACTIVE,4352.63,4330.0,4357.66,4330.0,4335.34068,4343.98534,4352.63,4366.61534,4343.98534,4335.34068,4352.63,4352.63,True,True
2026-08-28T03:59:18.480190+00:00,b313116b-029d-4a70-9d15-6368898ce035,NEW_VALID_HIGH,4352.63,FIB_ACTIVE,TP_DYNAMIC,4352.63,4330.0,4357.66,4330.0,4335.34068,4343.98534,4352.63,4366.61534,4343.98534,4335.34068,4352.63,4352.63,True,True
2026-08-28T03:59:18.480190+00:00,b313116b-029d-4a70-9d15-6368898ce035,TP_UPDATED,4352.63,TP_DYNAMIC,TP_DYNAMIC,4352.63,4330.0,4357.66,4330.0,4335.34068,4343.98534,4352.63,4366.61534,4343.98534,4335.34068,4352.63,4352.63,True,True
2026-08-28T03:59:18.482298+00:00,b313116b-029d-4a70-9d15-6368898ce035,ENTRY_TOUCHED,4345.68,TP_DYNAMIC,ENTRY_TOUCHED,4352.63,4330.0,4357.66,4330.0,4335.34068,4343.98534,4352.63,4366.61534,4343.98534,4335.34068,4352.63,4352.63,True,True
2026-08-28T03:59:18.482298+00:00,b313116b-029d-4a70-9d15-6368898ce035,TP_LOCKED,4352.63,ENTRY_TOUCHED,TP_FROZEN,4352.63,4330.0,4357.66,4330.0,4335.34068,4343.98534,4352.63,4366.61534,4343.98534,4335.34068,4352.63,4352.63,True,True
2026-08-28T03:59:18.482298+00:00,b313116b-029d-4a70-9d15-6368898ce035,POST_ENTRY_HIGH_IGNORED,4357.66,TP_FROZEN,TP_FROZEN,4352.63,4330.0,4357.66,4330.0,4335.34068,4343.98534,4352.63,4366.61534,4343.98534,4335.34068,4352.63,4352.63,True,True
2026-08-28T03:59:18.482298+00:00,b313116b-029d-4a70-9d15-6368898ce035,SL_HIT,4342.72,TP_FROZEN,COMPLETED,4352.63,4330.0,4357.66,4330.0,4335.34068,4343.98534,4352.63,4366.61534,4343.98534,4335.34068,4352.63,4352.63,True,True
2026-08-28T03:59:18.482298+00:00,5fd9cc1d-55d4-41be-9d7a-b14d574d611f,BOS_DETECTED,4366.0,NO_SETUP,BOS_DETECTED,4357.66,4330.0,4392.78,4330.0,4344.81608,4368.79804,4392.78,4431.578039999999,4368.79804,4344.81608,4392.78,4392.78,True,True
2026-08-28T03:59:18.482298+00:00,5fd9cc1d-55d4-41be-9d7a-b14d574d611f,POINT_2_FOUND,4330.0,BOS_DETECTED,POINT_2_IDENTIFIED,4357.66,4330.0,4392.78,4330.0,4344.81608,4368.79804,4392.78,4431.578039999999,4368.79804,4344.81608,4392.78,4392.78,True,True
2026-08-28T03:59:18.482298+00:00,5fd9cc1d-55d4-41be-9d7a-b14d574d611f,SETUP_CREATED,4357.66,POINT_2_IDENTIFIED,FIB_ACTIVE,4357.66,4330.0,4392.78,4330.0,4344.81608,4368.79804,4392.78,4431.578039999999,4368.79804,4344.81608,4392.78,4392.78,True,True
2026-08-28T03:59:18.482298+00:00,5fd9cc1d-55d4-41be-9d7a-b14d574d611f,NEW_VALID_HIGH,4357.66,FIB_ACTIVE,TP_DYNAMIC,4357.66,4330.0,4392.78,4330.0,4344.81608,4368.79804,4392.78,4431.578039999999,4368.79804,4344.81608,4392.78,4392.78,True,True
2026-08-28T03:59:18.482298+00:00,5fd9cc1d-55d4-41be-9d7a-b14d574d611f,TP_UPDATED,4357.66,TP_DYNAMIC,TP_DYNAMIC,4357.66,4330.0,4392.78,4330.0,4344.81608,4368.79804,4392.78,4431.578039999999,4368.79804,4344.81608,4392.78,4392.78,True,True
2026-08-28T03:59:18.496297+00:00,5fd9cc1d-55d4-41be-9d7a-b14d574d611f,NEW_VALID_HIGH,4380.77,TP_DYNAMIC,TP_DYNAMIC,4357.66,4330.0,4392.78,4330.0,4344.81608,4368.79804,4392.78,4431.578039999999,4368.79804,4344.81608,4392.78,4392.78,True,True
2026-08-28T03:59:18.496297+00:00,5fd9cc1d-55d4-41be-9d7a-b14d574d611f,TP_UPDATED,4380.77,TP_DYNAMIC,TP_DYNAMIC,4357.66,4330.0,4392.78,4330.0,4344.81608,4368.79804,4392.78,4431.578039999999,4368.79804,4344.81608,4392.78,4392.78,True,True
2026-08-28T03:59:18.501895+00:00,5fd9cc1d-55d4-41be-9d7a-b14d574d611f,NEW_VALID_HIGH,4392.78,TP_DYNAMIC,TP_DYNAMIC,4357.66,4330.0,4392.78,4330.0,4344.81608,4368.79804,4392.78,4431.578039999999,4368.79804,4344.81608,4392.78,4392.78,True,True
2026-08-28T03:59:18.501895+00:00,5fd9cc1d-55d4-41be-9d7a-b14d574d611f,TP_UPDATED,4392.78,TP_DYNAMIC,TP_DYNAMIC,4357.66,4330.0,4392.78,4330.0,4344.81608,4368.79804,4392.78,4431.578039999999,4368.79804,4344.81608,4392.78,4392.78,True,True
2026-08-28T03:59:18.503906+00:00,5fd9cc1d-55d4-41be-9d7a-b14d574d611f,ENTRY_TOUCHED,4378.9,TP_DYNAMIC,ENTRY_TOUCHED,4357.66,4330.0,4392.78,4330.0,4344.81608,4368.79804,4392.78,4431.578039999999,4368.79804,4344.81608,4392.78,4392.78,True,True
2026-08-28T03:59:18.503906+00:00,5fd9cc1d-55d4-41be-9d7a-b14d574d611f,TP_LOCKED,4392.78,ENTRY_TOUCHED,TP_FROZEN,4357.66,4330.0,4392.78,4330.0,4344.81608,4368.79804,4392.78,4431.578039999999,4368.79804,4344.81608,4392.78,4392.78,True,True
2026-08-28T03:59:18.514946+00:00,5fd9cc1d-55d4-41be-9d7a-b14d574d611f,TP_HIT,4392.31,TP_FROZEN,COMPLETED,4357.66,4330.0,4392.78,4330.0,4344.81608,4368.79804,4392.78,4431.578039999999,4368.79804,4344.81608,4392.78,4392.78,True,True
2026-08-28T03:59:18.585334+00:00,ed49fa9c-65bb-423a-b9da-1d5b332c8284,BOS_DETECTED,4338.88,NO_SETUP,BOS_DETECTED,4336.59,4280.96,4339.66,4280.96,4294.8132,4317.2366,4339.66,4375.9366,4317.2366,4294.8132,4339.66,4339.66,True,True
2026-08-28T03:59:18.585334+00:00,ed49fa9c-65bb-423a-b9da-1d5b332c8284,POINT_2_FOUND,4280.96,BOS_DETECTED,POINT_2_IDENTIFIED,4336.59,4280.96,4339.66,4280.96,4294.8132,4317.2366,4339.66,4375.9366,4317.2366,4294.8132,4339.66,4339.66,True,True
2026-08-28T03:59:18.586903+00:00,ed49fa9c-65bb-423a-b9da-1d5b332c8284,SETUP_CREATED,4336.59,POINT_2_IDENTIFIED,FIB_ACTIVE,4336.59,4280.96,4339.66,4280.96,4294.8132,4317.2366,4339.66,4375.9366,4317.2366,4294.8132,4339.66,4339.66,True,True
2026-08-28T03:59:18.586903+00:00,ed49fa9c-65bb-423a-b9da-1d5b332c8284,NEW_VALID_HIGH,4336.59,FIB_ACTIVE,TP_DYNAMIC,4336.59,4280.96,4339.66,4280.96,4294.8132,4317.2366,4339.66,4375.9366,4317.2366,4294.8132,4339.66,4339.66,True,True
2026-08-28T03:59:18.586903+00:00,ed49fa9c-65bb-423a-b9da-1d5b332c8284,TP_UPDATED,4336.59,TP_DYNAMIC,TP_DYNAMIC,4336.59,4280.96,4339.66,4280.96,4294.8132,4317.2366,4339.66,4375.9366,4317.2366,4294.8132,4339.66,4339.66,True,True
2026-08-28T03:59:18.589980+00:00,ed49fa9c-65bb-423a-b9da-1d5b332c8284,NEW_VALID_HIGH,4339.66,TP_DYNAMIC,TP_DYNAMIC,4336.59,4280.96,4339.66,4280.96,4294.8132,4317.2366,4339.66,4375.9366,4317.2366,4294.8132,4339.66,4339.66,True,True
2026-08-28T03:59:18.589980+00:00,ed49fa9c-65bb-423a-b9da-1d5b332c8284,TP_UPDATED,4339.66,TP_DYNAMIC,TP_DYNAMIC,4336.59,4280.96,4339.66,4280.96,4294.8132,4317.2366,4339.66,4375.9366,4317.2366,4294.8132,4339.66,4339.66,True,True
2026-08-28T03:59:18.592028+00:00,ed49fa9c-65bb-423a-b9da-1d5b332c8284,ENTRY_TOUCHED,4313.43,TP_DYNAMIC,ENTRY_TOUCHED,4336.59,4280.96,4339.66,4280.96,4294.8132,4317.2366,4339.66,4375.9366,4317.2366,4294.8132,4339.66,4339.66,True,True
2026-08-28T03:59:18.592028+00:00,ed49fa9c-65bb-423a-b9da-1d5b332c8284,TP_LOCKED,4339.66,ENTRY_TOUCHED,TP_FROZEN,4336.59,4280.96,4339.66,4280.96,4294.8132,4317.2366,4339.66,4375.9366,4317.2366,4294.8132,4339.66,4339.66,True,True
2026-08-28T03:59:18.600088+00:00,ed49fa9c-65bb-423a-b9da-1d5b332c8284,TP_HIT,4345.55,TP_FROZEN,COMPLETED,4336.59,4280.96,4339.66,4280.96,4294.8132,4317.2366,4339.66,4375.9366,4317.2366,4294.8132,4339.66,4339.66,True,True
2026-08-28T03:59:18.626969+00:00,a1ed9f67-3193-4d17-8f00-7f2be7c3adbd,BOS_DETECTED,4327.56,NO_SETUP,BOS_DETECTED,4327.45,4311.24,4328.49,4311.24,4315.311,4321.9005,4328.49,4339.1505,4321.9005,4315.311,4328.49,4328.49,True,True
2026-08-28T03:59:18.626969+00:00,a1ed9f67-3193-4d17-8f00-7f2be7c3adbd,POINT_2_FOUND,4311.24,BOS_DETECTED,POINT_2_IDENTIFIED,4327.45,4311.24,4328.49,4311.24,4315.311,4321.9005,4328.49,4339.1505,4321.9005,4315.311,4328.49,4328.49,True,True
2026-08-28T03:59:18.626969+00:00,a1ed9f67-3193-4d17-8f00-7f2be7c3adbd,SETUP_CREATED,4327.45,POINT_2_IDENTIFIED,FIB_ACTIVE,4327.45,4311.24,4328.49,4311.24,4315.311,4321.9005,4328.49,4339.1505,4321.9005,4315.311,4328.49,4328.49,True,True
2026-08-28T03:59:18.626969+00:00,a1ed9f67-3193-4d17-8f00-7f2be7c3adbd,NEW_VALID_HIGH,4327.45,FIB_ACTIVE,TP_DYNAMIC,4327.45,4311.24,4328.49,4311.24,4315.311,4321.9005,4328.49,4339.1505,4321.9005,4315.311,4328.49,4328.49,True,True
2026-08-28T03:59:18.626969+00:00,a1ed9f67-3193-4d17-8f00-7f2be7c3adbd,TP_UPDATED,4327.45,TP_DYNAMIC,TP_DYNAMIC,4327.45,4311.24,4328.49,4311.24,4315.311,4321.9005,4328.49,4339.1505,4321.9005,4315.311,4328.49,4328.49,True,True
2026-08-28T03:59:18.630463+00:00,a1ed9f67-3193-4d17-8f00-7f2be7c3adbd,NEW_VALID_HIGH,4328.49,TP_DYNAMIC,TP_DYNAMIC,4327.45,4311.24,4328.49,4311.24,4315.311,4321.9005,4328.49,4339.1505,4321.9005,4315.311,4328.49,4328.49,True,True
2026-08-28T03:59:18.630463+00:00,a1ed9f67-3193-4d17-8f00-7f2be7c3adbd,TP_UPDATED,4328.49,TP_DYNAMIC,TP_DYNAMIC,4327.45,4311.24,4328.49,4311.24,4315.311,4321.9005,4328.49,4339.1505,4321.9005,4315.311,4328.49,4328.49,True,True
2026-08-28T03:59:18.635617+00:00,a1ed9f67-3193-4d17-8f00-7f2be7c3adbd,ENTRY_TOUCHED,4322.02,TP_DYNAMIC,ENTRY_TOUCHED,4327.45,4311.24,4328.49,4311.24,4315.311,4321.9005,4328.49,4339.1505,4321.9005,4315.311,4328.49,4328.49,True,True
2026-08-28T03:59:18.635617+00:00,a1ed9f67-3193-4d17-8f00-7f2be7c3adbd,TP_LOCKED,4328.49,ENTRY_TOUCHED,TP_FROZEN,4327.45,4311.24,4328.49,4311.24,4315.311,4321.9005,4328.49,4339.1505,4321.9005,4315.311,4328.49,4328.49,True,True
2026-08-28T03:59:18.640273+00:00,a1ed9f67-3193-4d17-8f00-7f2be7c3adbd,TP_HIT,4329.57,TP_FROZEN,COMPLETED,4327.45,4311.24,4328.49,4311.24,4315.311,4321.9005,4328.49,4339.1505,4321.9005,4315.311,4328.49,4328.49,True,True
2026-08-28T03:59:18.668132+00:00,b75f9b4f-e028-459d-9668-f60d4aefc627,BOS_DETECTED,4329.31,NO_SETUP,BOS_DETECTED,4329.1,4322.3,4329.1,4322.3,4323.9048,4326.5024,4329.1,4333.3024000000005,4326.5024,4323.9048,4329.1,4329.1,True,True
2026-08-28T03:59:18.668132+00:00,b75f9b4f-e028-459d-9668-f60d4aefc627,POINT_2_FOUND,4322.3,BOS_DETECTED,POINT_2_IDENTIFIED,4329.1,4322.3,4329.1,4322.3,4323.9048,4326.5024,4329.1,4333.3024000000005,4326.5024,4323.9048,4329.1,4329.1,True,True
2026-08-28T03:59:18.668132+00:00,b75f9b4f-e028-459d-9668-f60d4aefc627,SETUP_CREATED,4329.1,POINT_2_IDENTIFIED,FIB_ACTIVE,4329.1,4322.3,4329.1,4322.3,4323.9048,4326.5024,4329.1,4333.3024000000005,4326.5024,4323.9048,4329.1,4329.1,True,True
2026-08-28T03:59:18.668132+00:00,b75f9b4f-e028-459d-9668-f60d4aefc627,NEW_VALID_HIGH,4329.1,FIB_ACTIVE,TP_DYNAMIC,4329.1,4322.3,4329.1,4322.3,4323.9048,4326.5024,4329.1,4333.3024000000005,4326.5024,4323.9048,4329.1,4329.1,True,True
2026-08-28T03:59:18.668132+00:00,b75f9b4f-e028-459d-9668-f60d4aefc627,TP_UPDATED,4329.1,TP_DYNAMIC,TP_DYNAMIC,4329.1,4322.3,4329.1,4322.3,4323.9048,4326.5024,4329.1,4333.3024000000005,4326.5024,4323.9048,4329.1,4329.1,True,True
2026-08-28T03:59:18.668132+00:00,b75f9b4f-e028-459d-9668-f60d4aefc627,ENTRY_TOUCHED,4329.31,TP_DYNAMIC,ENTRY_TOUCHED,4329.1,4322.3,4329.1,4322.3,4323.9048,4326.5024,4329.1,4333.3024000000005,4326.5024,4323.9048,4329.1,4329.1,True,True
2026-08-28T03:59:18.668132+00:00,b75f9b4f-e028-459d-9668-f60d4aefc627,TP_LOCKED,4329.1,ENTRY_TOUCHED,TP_FROZEN,4329.1,4322.3,4329.1,4322.3,4323.9048,4326.5024,4329.1,4333.3024000000005,4326.5024,4323.9048,4329.1,4329.1,True,True
2026-08-28T03:59:18.668132+00:00,b75f9b4f-e028-459d-9668-f60d4aefc627,TP_HIT,4329.2,TP_FROZEN,COMPLETED,4329.1,4322.3,4329.1,4322.3,4323.9048,4326.5024,4329.1,4333.3024000000005,4326.5024,4323.9048,4329.1,4329.1,True,True
2026-08-28T03:59:18.676221+00:00,0ec44b36-e50c-4663-a805-90438f19a9d0,BOS_DETECTED,4330.0,NO_SETUP,BOS_DETECTED,4329.99,4324.16,4331.66,4324.16,4325.535879999999,4327.76294,4329.99,4333.5929399999995,4327.76294,4325.535879999999,4329.99,4329.99,True,True
2026-08-28T03:59:18.676221+00:00,0ec44b36-e50c-4663-a805-90438f19a9d0,POINT_2_FOUND,4324.16,BOS_DETECTED,POINT_2_IDENTIFIED,4329.99,4324.16,4331.66,4324.16,4325.535879999999,4327.76294,4329.99,4333.5929399999995,4327.76294,4325.535879999999,4329.99,4329.99,True,True
2026-08-28T03:59:18.676221+00:00,0ec44b36-e50c-4663-a805-90438f19a9d0,SETUP_CREATED,4329.99,POINT_2_IDENTIFIED,FIB_ACTIVE,4329.99,4324.16,4331.66,4324.16,4325.535879999999,4327.76294,4329.99,4333.5929399999995,4327.76294,4325.535879999999,4329.99,4329.99,True,True
2026-08-28T03:59:18.676221+00:00,0ec44b36-e50c-4663-a805-90438f19a9d0,NEW_VALID_HIGH,4329.99,FIB_ACTIVE,TP_DYNAMIC,4329.99,4324.16,4331.66,4324.16,4325.535879999999,4327.76294,4329.99,4333.5929399999995,4327.76294,4325.535879999999,4329.99,4329.99,True,True
2026-08-28T03:59:18.676221+00:00,0ec44b36-e50c-4663-a805-90438f19a9d0,TP_UPDATED,4329.99,TP_DYNAMIC,TP_DYNAMIC,4329.99,4324.16,4331.66,4324.16,4325.535879999999,4327.76294,4329.99,4333.5929399999995,4327.76294,4325.535879999999,4329.99,4329.99,True,True
2026-08-28T03:59:18.676221+00:00,0ec44b36-e50c-4663-a805-90438f19a9d0,ENTRY_TOUCHED,4328.81,TP_DYNAMIC,ENTRY_TOUCHED,4329.99,4324.16,4331.66,4324.16,4325.535879999999,4327.76294,4329.99,4333.5929399999995,4327.76294,4325.535879999999,4329.99,4329.99,True,True
2026-08-28T03:59:18.676221+00:00,0ec44b36-e50c-4663-a805-90438f19a9d0,TP_LOCKED,4329.99,ENTRY_TOUCHED,TP_FROZEN,4329.99,4324.16,4331.66,4324.16,4325.535879999999,4327.76294,4329.99,4333.5929399999995,4327.76294,4325.535879999999,4329.99,4329.99,True,True
2026-08-28T03:59:18.680241+00:00,0ec44b36-e50c-4663-a805-90438f19a9d0,POST_ENTRY_HIGH_IGNORED,4331.66,TP_FROZEN,TP_FROZEN,4329.99,4324.16,4331.66,4324.16,4325.535879999999,4327.76294,4329.99,4333.5929399999995,4327.76294,4325.535879999999,4329.99,4329.99,True,True
2026-08-28T03:59:18.680241+00:00,0ec44b36-e50c-4663-a805-90438f19a9d0,TP_HIT,4329.98,TP_FROZEN,COMPLETED,4329.99,4324.16,4331.66,4324.16,4325.535879999999,4327.76294,4329.99,4333.5929399999995,4327.76294,4325.535879999999,4329.99,4329.99,True,True
2026-08-28T03:59:18.696693+00:00,017595f6-5000-462d-bb52-9210ce11ba08,BOS_DETECTED,4334.75,NO_SETUP,BOS_DETECTED,4332.0,4323.42,4332.0,4323.42,4325.44488,4328.7224400000005,4332.0,4337.30244,4328.7224400000005,4325.44488,4332.0,4332.0,True,True
2026-08-28T03:59:18.696693+00:00,017595f6-5000-462d-bb52-9210ce11ba08,POINT_2_FOUND,4323.42,BOS_DETECTED,POINT_2_IDENTIFIED,4332.0,4323.42,4332.0,4323.42,4325.44488,4328.7224400000005,4332.0,4337.30244,4328.7224400000005,4325.44488,4332.0,4332.0,True,True
2026-08-28T03:59:18.696693+00:00,017595f6-5000-462d-bb52-9210ce11ba08,SETUP_CREATED,4332.0,POINT_2_IDENTIFIED,FIB_ACTIVE,4332.0,4323.42,4332.0,4323.42,4325.44488,4328.7224400000005,4332.0,4337.30244,4328.7224400000005,4325.44488,4332.0,4332.0,True,True
2026-08-28T03:59:18.696693+00:00,017595f6-5000-462d-bb52-9210ce11ba08,NEW_VALID_HIGH,4332.0,FIB_ACTIVE,TP_DYNAMIC,4332.0,4323.42,4332.0,4323.42,4325.44488,4328.7224400000005,4332.0,4337.30244,4328.7224400000005,4325.44488,4332.0,4332.0,True,True
2026-08-28T03:59:18.696693+00:00,017595f6-5000-462d-bb52-9210ce11ba08,TP_UPDATED,4332.0,TP_DYNAMIC,TP_DYNAMIC,4332.0,4323.42,4332.0,4323.42,4325.44488,4328.7224400000005,4332.0,4337.30244,4328.7224400000005,4325.44488,4332.0,4332.0,True,True
2026-08-28T03:59:18.696693+00:00,017595f6-5000-462d-bb52-9210ce11ba08,ENTRY_TOUCHED,4334.75,TP_DYNAMIC,ENTRY_TOUCHED,4332.0,4323.42,4332.0,4323.42,4325.44488,4328.7224400000005,4332.0,4337.30244,4328.7224400000005,4325.44488,4332.0,4332.0,True,True
2026-08-28T03:59:18.696693+00:00,017595f6-5000-462d-bb52-9210ce11ba08,TP_LOCKED,4332.0,ENTRY_TOUCHED,TP_FROZEN,4332.0,4323.42,4332.0,4323.42,4325.44488,4328.7224400000005,4332.0,4337.30244,4328.7224400000005,4325.44488,4332.0,4332.0,True,True
2026-08-28T03:59:18.698704+00:00,017595f6-5000-462d-bb52-9210ce11ba08,TP_HIT,4345.25,TP_FROZEN,COMPLETED,4332.0,4323.42,4332.0,4323.42,4325.44488,4328.7224400000005,4332.0,4337.30244,4328.7224400000005,4325.44488,4332.0,4332.0,True,True
2026-08-28T03:59:18.709939+00:00,c4764068-5b45-4470-afc2-e07cfa627e1b,BOS_DETECTED,4362.96,NO_SETUP,BOS_DETECTED,4357.88,4323.42,4398.24,4323.42,4340.8391599999995,4369.03458,4397.23,4442.844579999999,4369.03458,4340.8391599999995,4397.23,4397.23,True,True
2026-08-28T03:59:18.709939+00:00,c4764068-5b45-4470-afc2-e07cfa627e1b,POINT_2_FOUND,4323.42,BOS_DETECTED,POINT_2_IDENTIFIED,4357.88,4323.42,4398.24,4323.42,4340.8391599999995,4369.03458,4397.23,4442.844579999999,4369.03458,4340.8391599999995,4397.23,4397.23,True,True
2026-08-28T03:59:18.709939+00:00,c4764068-5b45-4470-afc2-e07cfa627e1b,SETUP_CREATED,4357.88,POINT_2_IDENTIFIED,FIB_ACTIVE,4357.88,4323.42,4398.24,4323.42,4340.8391599999995,4369.03458,4397.23,4442.844579999999,4369.03458,4340.8391599999995,4397.23,4397.23,True,True
2026-08-28T03:59:18.709939+00:00,c4764068-5b45-4470-afc2-e07cfa627e1b,NEW_VALID_HIGH,4357.88,FIB_ACTIVE,TP_DYNAMIC,4357.88,4323.42,4398.24,4323.42,4340.8391599999995,4369.03458,4397.23,4442.844579999999,4369.03458,4340.8391599999995,4397.23,4397.23,True,True
2026-08-28T03:59:18.709939+00:00,c4764068-5b45-4470-afc2-e07cfa627e1b,TP_UPDATED,4357.88,TP_DYNAMIC,TP_DYNAMIC,4357.88,4323.42,4398.24,4323.42,4340.8391599999995,4369.03458,4397.23,4442.844579999999,4369.03458,4340.8391599999995,4397.23,4397.23,True,True
2026-08-28T03:59:18.711992+00:00,c4764068-5b45-4470-afc2-e07cfa627e1b,NEW_VALID_HIGH,4377.95,TP_DYNAMIC,TP_DYNAMIC,4357.88,4323.42,4398.24,4323.42,4340.8391599999995,4369.03458,4397.23,4442.844579999999,4369.03458,4340.8391599999995,4397.23,4397.23,True,True
2026-08-28T03:59:18.711992+00:00,c4764068-5b45-4470-afc2-e07cfa627e1b,TP_UPDATED,4377.95,TP_DYNAMIC,TP_DYNAMIC,4357.88,4323.42,4398.24,4323.42,4340.8391599999995,4369.03458,4397.23,4442.844579999999,4369.03458,4340.8391599999995,4397.23,4397.23,True,True
2026-08-28T03:59:18.716534+00:00,c4764068-5b45-4470-afc2-e07cfa627e1b,NEW_VALID_HIGH,4380.0,TP_DYNAMIC,TP_DYNAMIC,4357.88,4323.42,4398.24,4323.42,4340.8391599999995,4369.03458,4397.23,4442.844579999999,4369.03458,4340.8391599999995,4397.23,4397.23,True,True
2026-08-28T03:59:18.716534+00:00,c4764068-5b45-4470-afc2-e07cfa627e1b,TP_UPDATED,4380.0,TP_DYNAMIC,TP_DYNAMIC,4357.88,4323.42,4398.24,4323.42,4340.8391599999995,4369.03458,4397.23,4442.844579999999,4369.03458,4340.8391599999995,4397.23,4397.23,True,True
2026-08-28T03:59:18.724562+00:00,c4764068-5b45-4470-afc2-e07cfa627e1b,NEW_VALID_HIGH,4394.46,TP_DYNAMIC,TP_DYNAMIC,4357.88,4323.42,4398.24,4323.42,4340.8391599999995,4369.03458,4397.23,4442.844579999999,4369.03458,4340.8391599999995,4397.23,4397.23,True,True
2026-08-28T03:59:18.724562+00:00,c4764068-5b45-4470-afc2-e07cfa627e1b,TP_UPDATED,4394.46,TP_DYNAMIC,TP_DYNAMIC,4357.88,4323.42,4398.24,4323.42,4340.8391599999995,4369.03458,4397.23,4442.844579999999,4369.03458,4340.8391599999995,4397.23,4397.23,True,True
2026-08-28T03:59:18.732805+00:00,c4764068-5b45-4470-afc2-e07cfa627e1b,NEW_VALID_HIGH,4397.23,TP_DYNAMIC,TP_DYNAMIC,4357.88,4323.42,4398.24,4323.42,4340.8391599999995,4369.03458,4397.23,4442.844579999999,4369.03458,4340.8391599999995,4397.23,4397.23,True,True
2026-08-28T03:59:18.732805+00:00,c4764068-5b45-4470-afc2-e07cfa627e1b,TP_UPDATED,4397.23,TP_DYNAMIC,TP_DYNAMIC,4357.88,4323.42,4398.24,4323.42,4340.8391599999995,4369.03458,4397.23,4442.844579999999,4369.03458,4340.8391599999995,4397.23,4397.23,True,True
2026-08-28T03:59:18.732805+00:00,c4764068-5b45-4470-afc2-e07cfa627e1b,ENTRY_TOUCHED,4370.0,TP_DYNAMIC,ENTRY_TOUCHED,4357.88,4323.42,4398.24,4323.42,4340.8391599999995,4369.03458,4397.23,4442.844579999999,4369.03458,4340.8391599999995,4397.23,4397.23,True,True
2026-08-28T03:59:18.732805+00:00,c4764068-5b45-4470-afc2-e07cfa627e1b,TP_LOCKED,4397.23,ENTRY_TOUCHED,TP_FROZEN,4357.88,4323.42,4398.24,4323.42,4340.8391599999995,4369.03458,4397.23,4442.844579999999,4369.03458,4340.8391599999995,4397.23,4397.23,True,True
2026-08-28T03:59:18.732805+00:00,c4764068-5b45-4470-afc2-e07cfa627e1b,POST_ENTRY_HIGH_IGNORED,4398.24,TP_FROZEN,TP_FROZEN,4357.88,4323.42,4398.24,4323.42,4340.8391599999995,4369.03458,4397.23,4442.844579999999,4369.03458,4340.8391599999995,4397.23,4397.23,True,True
2026-08-28T03:59:18.740542+00:00,c4764068-5b45-4470-afc2-e07cfa627e1b,SL_HIT,4342.68,TP_FROZEN,COMPLETED,4357.88,4323.42,4398.24,4323.42,4340.8391599999995,4369.03458,4397.23,4442.844579999999,4369.03458,4340.8391599999995,4397.23,4397.23,True,True
2026-08-28T03:59:18.771372+00:00,c793919a-963f-4e89-9ec2-c6f2703a9936,BOS_DETECTED,4333.58,NO_SETUP,BOS_DETECTED,4333.07,4327.27,4333.58,4327.27,4328.7591600000005,4331.16958,4333.58,4337.479579999999,4331.16958,4328.7591600000005,4333.58,4333.58,True,True
2026-08-28T03:59:18.771372+00:00,c793919a-963f-4e89-9ec2-c6f2703a9936,POINT_2_FOUND,4327.27,BOS_DETECTED,POINT_2_IDENTIFIED,4333.07,4327.27,4333.58,4327.27,4328.7591600000005,4331.16958,4333.58,4337.479579999999,4331.16958,4328.7591600000005,4333.58,4333.58,True,True
2026-08-28T03:59:18.771372+00:00,c793919a-963f-4e89-9ec2-c6f2703a9936,SETUP_CREATED,4333.07,POINT_2_IDENTIFIED,FIB_ACTIVE,4333.07,4327.27,4333.58,4327.27,4328.7591600000005,4331.16958,4333.58,4337.479579999999,4331.16958,4328.7591600000005,4333.58,4333.58,True,True
2026-08-28T03:59:18.771372+00:00,c793919a-963f-4e89-9ec2-c6f2703a9936,NEW_VALID_HIGH,4333.07,FIB_ACTIVE,TP_DYNAMIC,4333.07,4327.27,4333.58,4327.27,4328.7591600000005,4331.16958,4333.58,4337.479579999999,4331.16958,4328.7591600000005,4333.58,4333.58,True,True
2026-08-28T03:59:18.771372+00:00,c793919a-963f-4e89-9ec2-c6f2703a9936,TP_UPDATED,4333.07,TP_DYNAMIC,TP_DYNAMIC,4333.07,4327.27,4333.58,4327.27,4328.7591600000005,4331.16958,4333.58,4337.479579999999,4331.16958,4328.7591600000005,4333.58,4333.58,True,True
2026-08-28T03:59:18.773301+00:00,c793919a-963f-4e89-9ec2-c6f2703a9936,NEW_VALID_HIGH,4333.58,TP_DYNAMIC,TP_DYNAMIC,4333.07,4327.27,4333.58,4327.27,4328.7591600000005,4331.16958,4333.58,4337.479579999999,4331.16958,4328.7591600000005,4333.58,4333.58,True,True
2026-08-28T03:59:18.773301+00:00,c793919a-963f-4e89-9ec2-c6f2703a9936,TP_UPDATED,4333.58,TP_DYNAMIC,TP_DYNAMIC,4333.07,4327.27,4333.58,4327.27,4328.7591600000005,4331.16958,4333.58,4337.479579999999,4331.16958,4328.7591600000005,4333.58,4333.58,True,True
2026-08-28T03:59:18.773301+00:00,c793919a-963f-4e89-9ec2-c6f2703a9936,ENTRY_TOUCHED,4330.41,TP_DYNAMIC,ENTRY_TOUCHED,4333.07,4327.27,4333.58,4327.27,4328.7591600000005,4331.16958,4333.58,4337.479579999999,4331.16958,4328.7591600000005,4333.58,4333.58,True,True
2026-08-28T03:59:18.773301+00:00,c793919a-963f-4e89-9ec2-c6f2703a9936,TP_LOCKED,4333.58,ENTRY_TOUCHED,TP_FROZEN,4333.07,4327.27,4333.58,4327.27,4328.7591600000005,4331.16958,4333.58,4337.479579999999,4331.16958,4328.7591600000005,4333.58,4333.58,True,True
2026-08-28T03:59:18.779877+00:00,c793919a-963f-4e89-9ec2-c6f2703a9936,SL_HIT,4328.04,TP_FROZEN,COMPLETED,4333.07,4327.27,4333.58,4327.27,4328.7591600000005,4331.16958,4333.58,4337.479579999999,4331.16958,4328.7591600000005,4333.58,4333.58,True,True
2026-08-28T03:59:18.781656+00:00,03c9b302-dd33-4726-965a-1a4c35d29054,BOS_DETECTED,4337.31,NO_SETUP,BOS_DETECTED,4334.54,4327.27,4363.66,4327.27,4335.85804,4349.75902,4363.66,4386.14902,4349.75902,4335.85804,4363.66,4363.66,True,True
2026-08-28T03:59:18.781656+00:00,03c9b302-dd33-4726-965a-1a4c35d29054,POINT_2_FOUND,4327.27,BOS_DETECTED,POINT_2_IDENTIFIED,4334.54,4327.27,4363.66,4327.27,4335.85804,4349.75902,4363.66,4386.14902,4349.75902,4335.85804,4363.66,4363.66,True,True
2026-08-28T03:59:18.781656+00:00,03c9b302-dd33-4726-965a-1a4c35d29054,SETUP_CREATED,4334.54,POINT_2_IDENTIFIED,FIB_ACTIVE,4334.54,4327.27,4363.66,4327.27,4335.85804,4349.75902,4363.66,4386.14902,4349.75902,4335.85804,4363.66,4363.66,True,True
2026-08-28T03:59:18.781656+00:00,03c9b302-dd33-4726-965a-1a4c35d29054,NEW_VALID_HIGH,4334.54,FIB_ACTIVE,TP_DYNAMIC,4334.54,4327.27,4363.66,4327.27,4335.85804,4349.75902,4363.66,4386.14902,4349.75902,4335.85804,4363.66,4363.66,True,True
2026-08-28T03:59:18.781656+00:00,03c9b302-dd33-4726-965a-1a4c35d29054,TP_UPDATED,4334.54,TP_DYNAMIC,TP_DYNAMIC,4334.54,4327.27,4363.66,4327.27,4335.85804,4349.75902,4363.66,4386.14902,4349.75902,4335.85804,4363.66,4363.66,True,True
2026-08-28T03:59:18.792299+00:00,03c9b302-dd33-4726-965a-1a4c35d29054,NEW_VALID_HIGH,4363.66,TP_DYNAMIC,TP_DYNAMIC,4334.54,4327.27,4363.66,4327.27,4335.85804,4349.75902,4363.66,4386.14902,4349.75902,4335.85804,4363.66,4363.66,True,True
2026-08-28T03:59:18.792299+00:00,03c9b302-dd33-4726-965a-1a4c35d29054,TP_UPDATED,4363.66,TP_DYNAMIC,TP_DYNAMIC,4334.54,4327.27,4363.66,4327.27,4335.85804,4349.75902,4363.66,4386.14902,4349.75902,4335.85804,4363.66,4363.66,True,True
2026-08-28T03:59:18.792299+00:00,03c9b302-dd33-4726-965a-1a4c35d29054,ENTRY_TOUCHED,4348.97,TP_DYNAMIC,ENTRY_TOUCHED,4334.54,4327.27,4363.66,4327.27,4335.85804,4349.75902,4363.66,4386.14902,4349.75902,4335.85804,4363.66,4363.66,True,True
2026-08-28T03:59:18.792299+00:00,03c9b302-dd33-4726-965a-1a4c35d29054,TP_LOCKED,4363.66,ENTRY_TOUCHED,TP_FROZEN,4334.54,4327.27,4363.66,4327.27,4335.85804,4349.75902,4363.66,4386.14902,4349.75902,4335.85804,4363.66,4363.66,True,True
2026-08-28T03:59:18.792299+00:00,03c9b302-dd33-4726-965a-1a4c35d29054,TP_HIT,4352.75,TP_FROZEN,COMPLETED,4334.54,4327.27,4363.66,4327.27,4335.85804,4349.75902,4363.66,4386.14902,4349.75902,4335.85804,4363.66,4363.66,True,True
2026-08-28T03:59:18.811126+00:00,8324108a-2f7e-4075-8968-9604a03c059c,BOS_DETECTED,4351.43,NO_SETUP,BOS_DETECTED,4350.22,4332.22,4352.88,4332.22,4337.09576,4344.987880000001,4352.88,4365.64788,4344.987880000001,4337.09576,4352.88,4352.88,True,True
2026-08-28T03:59:18.811126+00:00,8324108a-2f7e-4075-8968-9604a03c059c,POINT_2_FOUND,4332.22,BOS_DETECTED,POINT_2_IDENTIFIED,4350.22,4332.22,4352.88,4332.22,4337.09576,4344.987880000001,4352.88,4365.64788,4344.987880000001,4337.09576,4352.88,4352.88,True,True
2026-08-28T03:59:18.811126+00:00,8324108a-2f7e-4075-8968-9604a03c059c,SETUP_CREATED,4350.22,POINT_2_IDENTIFIED,FIB_ACTIVE,4350.22,4332.22,4352.88,4332.22,4337.09576,4344.987880000001,4352.88,4365.64788,4344.987880000001,4337.09576,4352.88,4352.88,True,True
2026-08-28T03:59:18.811126+00:00,8324108a-2f7e-4075-8968-9604a03c059c,NEW_VALID_HIGH,4350.22,FIB_ACTIVE,TP_DYNAMIC,4350.22,4332.22,4352.88,4332.22,4337.09576,4344.987880000001,4352.88,4365.64788,4344.987880000001,4337.09576,4352.88,4352.88,True,True
2026-08-28T03:59:18.811126+00:00,8324108a-2f7e-4075-8968-9604a03c059c,TP_UPDATED,4350.22,TP_DYNAMIC,TP_DYNAMIC,4350.22,4332.22,4352.88,4332.22,4337.09576,4344.987880000001,4352.88,4365.64788,4344.987880000001,4337.09576,4352.88,4352.88,True,True
2026-08-28T03:59:18.820137+00:00,8324108a-2f7e-4075-8968-9604a03c059c,NEW_VALID_HIGH,4352.88,TP_DYNAMIC,TP_DYNAMIC,4350.22,4332.22,4352.88,4332.22,4337.09576,4344.987880000001,4352.88,4365.64788,4344.987880000001,4337.09576,4352.88,4352.88,True,True
2026-08-28T03:59:18.820137+00:00,8324108a-2f7e-4075-8968-9604a03c059c,TP_UPDATED,4352.88,TP_DYNAMIC,TP_DYNAMIC,4350.22,4332.22,4352.88,4332.22,4337.09576,4344.987880000001,4352.88,4365.64788,4344.987880000001,4337.09576,4352.88,4352.88,True,True
2026-08-28T03:59:18.828013+00:00,8324108a-2f7e-4075-8968-9604a03c059c,ENTRY_TOUCHED,4342.02,TP_DYNAMIC,ENTRY_TOUCHED,4350.22,4332.22,4352.88,4332.22,4337.09576,4344.987880000001,4352.88,4365.64788,4344.987880000001,4337.09576,4352.88,4352.88,True,True
2026-08-28T03:59:18.828013+00:00,8324108a-2f7e-4075-8968-9604a03c059c,TP_LOCKED,4352.88,ENTRY_TOUCHED,TP_FROZEN,4350.22,4332.22,4352.88,4332.22,4337.09576,4344.987880000001,4352.88,4365.64788,4344.987880000001,4337.09576,4352.88,4352.88,True,True
2026-08-28T03:59:18.836762+00:00,8324108a-2f7e-4075-8968-9604a03c059c,SL_HIT,4339.7,TP_FROZEN,COMPLETED,4350.22,4332.22,4352.88,4332.22,4337.09576,4344.987880000001,4352.88,4365.64788,4344.987880000001,4337.09576,4352.88,4352.88,True,True
2026-08-28T03:59:18.854247+00:00,fc304f24-fbcd-4cb5-af82-0abc4be0ef52,BOS_DETECTED,4340.01,NO_SETUP,BOS_DETECTED,4339.56,4336.62,4339.56,4336.62,4337.31384,4338.43692,4339.56,4341.376920000001,4338.43692,4337.31384,4339.56,4339.56,True,True
2026-08-28T03:59:18.854247+00:00,fc304f24-fbcd-4cb5-af82-0abc4be0ef52,POINT_2_FOUND,4336.62,BOS_DETECTED,POINT_2_IDENTIFIED,4339.56,4336.62,4339.56,4336.62,4337.31384,4338.43692,4339.56,4341.376920000001,4338.43692,4337.31384,4339.56,4339.56,True,True
2026-08-28T03:59:18.854247+00:00,fc304f24-fbcd-4cb5-af82-0abc4be0ef52,SETUP_CREATED,4339.56,POINT_2_IDENTIFIED,FIB_ACTIVE,4339.56,4336.62,4339.56,4336.62,4337.31384,4338.43692,4339.56,4341.376920000001,4338.43692,4337.31384,4339.56,4339.56,True,True
2026-08-28T03:59:18.854247+00:00,fc304f24-fbcd-4cb5-af82-0abc4be0ef52,NEW_VALID_HIGH,4339.56,FIB_ACTIVE,TP_DYNAMIC,4339.56,4336.62,4339.56,4336.62,4337.31384,4338.43692,4339.56,4341.376920000001,4338.43692,4337.31384,4339.56,4339.56,True,True
2026-08-28T03:59:18.854247+00:00,fc304f24-fbcd-4cb5-af82-0abc4be0ef52,TP_UPDATED,4339.56,TP_DYNAMIC,TP_DYNAMIC,4339.56,4336.62,4339.56,4336.62,4337.31384,4338.43692,4339.56,4341.376920000001,4338.43692,4337.31384,4339.56,4339.56,True,True
2026-08-28T03:59:18.854247+00:00,fc304f24-fbcd-4cb5-af82-0abc4be0ef52,ENTRY_TOUCHED,4340.01,TP_DYNAMIC,ENTRY_TOUCHED,4339.56,4336.62,4339.56,4336.62,4337.31384,4338.43692,4339.56,4341.376920000001,4338.43692,4337.31384,4339.56,4339.56,True,True
2026-08-28T03:59:18.854247+00:00,fc304f24-fbcd-4cb5-af82-0abc4be0ef52,TP_LOCKED,4339.56,ENTRY_TOUCHED,TP_FROZEN,4339.56,4336.62,4339.56,4336.62,4337.31384,4338.43692,4339.56,4341.376920000001,4338.43692,4337.31384,4339.56,4339.56,True,True
2026-08-28T03:59:18.854247+00:00,fc304f24-fbcd-4cb5-af82-0abc4be0ef52,TP_HIT,4339.29,TP_FROZEN,COMPLETED,4339.56,4336.62,4339.56,4336.62,4337.31384,4338.43692,4339.56,4341.376920000001,4338.43692,4337.31384,4339.56,4339.56,True,True
2026-08-28T03:59:18.868782+00:00,a80fe824-8d6b-45fd-8b6b-7aa60472d80e,BOS_DETECTED,4341.63,NO_SETUP,BOS_DETECTED,4340.24,4331.21,4359.65,4331.21,4337.92184,4348.785919999999,4359.65,4377.225919999999,4348.785919999999,4337.92184,4359.65,4359.65,True,True
2026-08-28T03:59:18.868782+00:00,a80fe824-8d6b-45fd-8b6b-7aa60472d80e,POINT_2_FOUND,4331.21,BOS_DETECTED,POINT_2_IDENTIFIED,4340.24,4331.21,4359.65,4331.21,4337.92184,4348.785919999999,4359.65,4377.225919999999,4348.785919999999,4337.92184,4359.65,4359.65,True,True
2026-08-28T03:59:18.868782+00:00,a80fe824-8d6b-45fd-8b6b-7aa60472d80e,SETUP_CREATED,4340.24,POINT_2_IDENTIFIED,FIB_ACTIVE,4340.24,4331.21,4359.65,4331.21,4337.92184,4348.785919999999,4359.65,4377.225919999999,4348.785919999999,4337.92184,4359.65,4359.65,True,True
2026-08-28T03:59:18.868782+00:00,a80fe824-8d6b-45fd-8b6b-7aa60472d80e,NEW_VALID_HIGH,4340.24,FIB_ACTIVE,TP_DYNAMIC,4340.24,4331.21,4359.65,4331.21,4337.92184,4348.785919999999,4359.65,4377.225919999999,4348.785919999999,4337.92184,4359.65,4359.65,True,True
2026-08-28T03:59:18.868782+00:00,a80fe824-8d6b-45fd-8b6b-7aa60472d80e,TP_UPDATED,4340.24,TP_DYNAMIC,TP_DYNAMIC,4340.24,4331.21,4359.65,4331.21,4337.92184,4348.785919999999,4359.65,4377.225919999999,4348.785919999999,4337.92184,4359.65,4359.65,True,True
2026-08-28T03:59:18.876549+00:00,a80fe824-8d6b-45fd-8b6b-7aa60472d80e,NEW_VALID_HIGH,4346.55,TP_DYNAMIC,TP_DYNAMIC,4340.24,4331.21,4359.65,4331.21,4337.92184,4348.785919999999,4359.65,4377.225919999999,4348.785919999999,4337.92184,4359.65,4359.65,True,True
2026-08-28T03:59:18.876549+00:00,a80fe824-8d6b-45fd-8b6b-7aa60472d80e,TP_UPDATED,4346.55,TP_DYNAMIC,TP_DYNAMIC,4340.24,4331.21,4359.65,4331.21,4337.92184,4348.785919999999,4359.65,4377.225919999999,4348.785919999999,4337.92184,4359.65,4359.65,True,True
2026-08-28T03:59:18.880098+00:00,a80fe824-8d6b-45fd-8b6b-7aa60472d80e,NEW_VALID_HIGH,4346.97,TP_DYNAMIC,TP_DYNAMIC,4340.24,4331.21,4359.65,4331.21,4337.92184,4348.785919999999,4359.65,4377.225919999999,4348.785919999999,4337.92184,4359.65,4359.65,True,True
2026-08-28T03:59:18.880098+00:00,a80fe824-8d6b-45fd-8b6b-7aa60472d80e,TP_UPDATED,4346.97,TP_DYNAMIC,TP_DYNAMIC,4340.24,4331.21,4359.65,4331.21,4337.92184,4348.785919999999,4359.65,4377.225919999999,4348.785919999999,4337.92184,4359.65,4359.65,True,True
2026-08-28T03:59:18.885360+00:00,a80fe824-8d6b-45fd-8b6b-7aa60472d80e,NEW_VALID_HIGH,4359.65,TP_DYNAMIC,TP_DYNAMIC,4340.24,4331.21,4359.65,4331.21,4337.92184,4348.785919999999,4359.65,4377.225919999999,4348.785919999999,4337.92184,4359.65,4359.65,True,True
2026-08-28T03:59:18.885360+00:00,a80fe824-8d6b-45fd-8b6b-7aa60472d80e,TP_UPDATED,4359.65,TP_DYNAMIC,TP_DYNAMIC,4340.24,4331.21,4359.65,4331.21,4337.92184,4348.785919999999,4359.65,4377.225919999999,4348.785919999999,4337.92184,4359.65,4359.65,True,True
2026-08-28T03:59:18.885360+00:00,a80fe824-8d6b-45fd-8b6b-7aa60472d80e,ENTRY_TOUCHED,4362.64,TP_DYNAMIC,ENTRY_TOUCHED,4340.24,4331.21,4359.65,4331.21,4337.92184,4348.785919999999,4359.65,4377.225919999999,4348.785919999999,4337.92184,4359.65,4359.65,True,True
2026-08-28T03:59:18.885360+00:00,a80fe824-8d6b-45fd-8b6b-7aa60472d80e,TP_LOCKED,4359.65,ENTRY_TOUCHED,TP_FROZEN,4340.24,4331.21,4359.65,4331.21,4337.92184,4348.785919999999,4359.65,4377.225919999999,4348.785919999999,4337.92184,4359.65,4359.65,True,True
2026-08-28T03:59:18.885360+00:00,a80fe824-8d6b-45fd-8b6b-7aa60472d80e,TP_HIT,4358.49,TP_FROZEN,COMPLETED,4340.24,4331.21,4359.65,4331.21,4337.92184,4348.785919999999,4359.65,4377.225919999999,4348.785919999999,4337.92184,4359.65,4359.65,True,True
2026-08-28T03:59:18.890129+00:00,12e42b10-fb78-458b-96a8-17d16dff08b5,BOS_DETECTED,4360.72,NO_SETUP,BOS_DETECTED,4359.65,4336.24,4439.22,4336.24,4360.54328,4399.8816400000005,4439.22,4502.861640000001,4399.8816400000005,4360.54328,4439.22,4439.22,True,True
2026-08-28T03:59:18.890129+00:00,12e42b10-fb78-458b-96a8-17d16dff08b5,POINT_2_FOUND,4336.24,BOS_DETECTED,POINT_2_IDENTIFIED,4359.65,4336.24,4439.22,4336.24,4360.54328,4399.8816400000005,4439.22,4502.861640000001,4399.8816400000005,4360.54328,4439.22,4439.22,True,True
2026-08-28T03:59:18.890129+00:00,12e42b10-fb78-458b-96a8-17d16dff08b5,SETUP_CREATED,4359.65,POINT_2_IDENTIFIED,FIB_ACTIVE,4359.65,4336.24,4439.22,4336.24,4360.54328,4399.8816400000005,4439.22,4502.861640000001,4399.8816400000005,4360.54328,4439.22,4439.22,True,True
2026-08-28T03:59:18.890129+00:00,12e42b10-fb78-458b-96a8-17d16dff08b5,NEW_VALID_HIGH,4359.65,FIB_ACTIVE,TP_DYNAMIC,4359.65,4336.24,4439.22,4336.24,4360.54328,4399.8816400000005,4439.22,4502.861640000001,4399.8816400000005,4360.54328,4439.22,4439.22,True,True
2026-08-28T03:59:18.890129+00:00,12e42b10-fb78-458b-96a8-17d16dff08b5,TP_UPDATED,4359.65,TP_DYNAMIC,TP_DYNAMIC,4359.65,4336.24,4439.22,4336.24,4360.54328,4399.8816400000005,4439.22,4502.861640000001,4399.8816400000005,4360.54328,4439.22,4439.22,True,True
2026-08-28T03:59:18.894590+00:00,12e42b10-fb78-458b-96a8-17d16dff08b5,NEW_VALID_HIGH,4404.74,TP_DYNAMIC,TP_DYNAMIC,4359.65,4336.24,4439.22,4336.24,4360.54328,4399.8816400000005,4439.22,4502.861640000001,4399.8816400000005,4360.54328,4439.22,4439.22,True,True
2026-08-28T03:59:18.894590+00:00,12e42b10-fb78-458b-96a8-17d16dff08b5,TP_UPDATED,4404.74,TP_DYNAMIC,TP_DYNAMIC,4359.65,4336.24,4439.22,4336.24,4360.54328,4399.8816400000005,4439.22,4502.861640000001,4399.8816400000005,4360.54328,4439.22,4439.22,True,True
2026-08-28T03:59:18.902217+00:00,12e42b10-fb78-458b-96a8-17d16dff08b5,NEW_VALID_HIGH,4417.01,TP_DYNAMIC,TP_DYNAMIC,4359.65,4336.24,4439.22,4336.24,4360.54328,4399.8816400000005,4439.22,4502.861640000001,4399.8816400000005,4360.54328,4439.22,4439.22,True,True
2026-08-28T03:59:18.902217+00:00,12e42b10-fb78-458b-96a8-17d16dff08b5,TP_UPDATED,4417.01,TP_DYNAMIC,TP_DYNAMIC,4359.65,4336.24,4439.22,4336.24,4360.54328,4399.8816400000005,4439.22,4502.861640000001,4399.8816400000005,4360.54328,4439.22,4439.22,True,True
2026-08-28T03:59:18.909833+00:00,12e42b10-fb78-458b-96a8-17d16dff08b5,NEW_VALID_HIGH,4432.82,TP_DYNAMIC,TP_DYNAMIC,4359.65,4336.24,4439.22,4336.24,4360.54328,4399.8816400000005,4439.22,4502.861640000001,4399.8816400000005,4360.54328,4439.22,4439.22,True,True
2026-08-28T03:59:18.909833+00:00,12e42b10-fb78-458b-96a8-17d16dff08b5,TP_UPDATED,4432.82,TP_DYNAMIC,TP_DYNAMIC,4359.65,4336.24,4439.22,4336.24,4360.54328,4399.8816400000005,4439.22,4502.861640000001,4399.8816400000005,4360.54328,4439.22,4439.22,True,True
2026-08-28T03:59:18.909833+00:00,12e42b10-fb78-458b-96a8-17d16dff08b5,NEW_VALID_HIGH,4439.22,TP_DYNAMIC,TP_DYNAMIC,4359.65,4336.24,4439.22,4336.24,4360.54328,4399.8816400000005,4439.22,4502.861640000001,4399.8816400000005,4360.54328,4439.22,4439.22,True,True
2026-08-28T03:59:18.917906+00:00,12e42b10-fb78-458b-96a8-17d16dff08b5,TP_UPDATED,4439.22,TP_DYNAMIC,TP_DYNAMIC,4359.65,4336.24,4439.22,4336.24,4360.54328,4399.8816400000005,4439.22,4502.861640000001,4399.8816400000005,4360.54328,4439.22,4439.22,True,True
2026-08-28T03:59:18.923352+00:00,12e42b10-fb78-458b-96a8-17d16dff08b5,ENTRY_TOUCHED,4403.87,TP_DYNAMIC,ENTRY_TOUCHED,4359.65,4336.24,4439.22,4336.24,4360.54328,4399.8816400000005,4439.22,4502.861640000001,4399.8816400000005,4360.54328,4439.22,4439.22,True,True
2026-08-28T03:59:18.923352+00:00,12e42b10-fb78-458b-96a8-17d16dff08b5,TP_LOCKED,4439.22,ENTRY_TOUCHED,TP_FROZEN,4359.65,4336.24,4439.22,4336.24,4360.54328,4399.8816400000005,4439.22,4502.861640000001,4399.8816400000005,4360.54328,4439.22,4439.22,True,True
2026-08-28T03:59:18.930293+00:00,12e42b10-fb78-458b-96a8-17d16dff08b5,TP_HIT,4432.9,TP_FROZEN,COMPLETED,4359.65,4336.24,4439.22,4336.24,4360.54328,4399.8816400000005,4439.22,4502.861640000001,4399.8816400000005,4360.54328,4439.22,4439.22,True,True
2026-08-28T03:59:18.952490+00:00,f10e11ef-9579-4fe8-ab86-dfbc9bbcd9b5,BOS_DETECTED,4448.74,NO_SETUP,BOS_DETECTED,4444.94,4434.6,4444.94,4434.6,4437.04024,4440.9901199999995,4444.94,4451.330119999999,4440.9901199999995,4437.04024,4444.94,4444.94,True,True
2026-08-28T03:59:18.952490+00:00,f10e11ef-9579-4fe8-ab86-dfbc9bbcd9b5,POINT_2_FOUND,4434.6,BOS_DETECTED,POINT_2_IDENTIFIED,4444.94,4434.6,4444.94,4434.6,4437.04024,4440.9901199999995,4444.94,4451.330119999999,4440.9901199999995,4437.04024,4444.94,4444.94,True,True
2026-08-28T03:59:18.952490+00:00,f10e11ef-9579-4fe8-ab86-dfbc9bbcd9b5,SETUP_CREATED,4444.94,POINT_2_IDENTIFIED,FIB_ACTIVE,4444.94,4434.6,4444.94,4434.6,4437.04024,4440.9901199999995,4444.94,4451.330119999999,4440.9901199999995,4437.04024,4444.94,4444.94,True,True
2026-08-28T03:59:18.952490+00:00,f10e11ef-9579-4fe8-ab86-dfbc9bbcd9b5,NEW_VALID_HIGH,4444.94,FIB_ACTIVE,TP_DYNAMIC,4444.94,4434.6,4444.94,4434.6,4437.04024,4440.9901199999995,4444.94,4451.330119999999,4440.9901199999995,4437.04024,4444.94,4444.94,True,True
2026-08-28T03:59:18.952490+00:00,f10e11ef-9579-4fe8-ab86-dfbc9bbcd9b5,TP_UPDATED,4444.94,TP_DYNAMIC,TP_DYNAMIC,4444.94,4434.6,4444.94,4434.6,4437.04024,4440.9901199999995,4444.94,4451.330119999999,4440.9901199999995,4437.04024,4444.94,4444.94,True,True
2026-08-28T03:59:18.952490+00:00,f10e11ef-9579-4fe8-ab86-dfbc9bbcd9b5,ENTRY_TOUCHED,4448.74,TP_DYNAMIC,ENTRY_TOUCHED,4444.94,4434.6,4444.94,4434.6,4437.04024,4440.9901199999995,4444.94,4451.330119999999,4440.9901199999995,4437.04024,4444.94,4444.94,True,True
2026-08-28T03:59:18.952490+00:00,f10e11ef-9579-4fe8-ab86-dfbc9bbcd9b5,TP_LOCKED,4444.94,ENTRY_TOUCHED,TP_FROZEN,4444.94,4434.6,4444.94,4434.6,4437.04024,4440.9901199999995,4444.94,4451.330119999999,4440.9901199999995,4437.04024,4444.94,4444.94,True,True
2026-08-28T03:59:18.952490+00:00,f10e11ef-9579-4fe8-ab86-dfbc9bbcd9b5,TP_HIT,4447.44,TP_FROZEN,COMPLETED,4444.94,4434.6,4444.94,4434.6,4437.04024,4440.9901199999995,4444.94,4451.330119999999,4440.9901199999995,4437.04024,4444.94,4444.94,True,True
2026-08-28T03:59:18.961896+00:00,3c81d804-5038-48ed-adc6-6da6845ab7ca,BOS_DETECTED,4454.48,NO_SETUP,BOS_DETECTED,4453.0,4423.31,4472.53,4423.31,4434.925920000001,4453.72796,4472.53,4502.9479599999995,4453.72796,4434.925920000001,4472.53,4472.53,True,True
2026-08-28T03:59:18.961896+00:00,3c81d804-5038-48ed-adc6-6da6845ab7ca,POINT_2_FOUND,4423.31,BOS_DETECTED,POINT_2_IDENTIFIED,4453.0,4423.31,4472.53,4423.31,4434.925920000001,4453.72796,4472.53,4502.9479599999995,4453.72796,4434.925920000001,4472.53,4472.53,True,True
2026-08-28T03:59:18.961896+00:00,3c81d804-5038-48ed-adc6-6da6845ab7ca,SETUP_CREATED,4453.0,POINT_2_IDENTIFIED,FIB_ACTIVE,4453.0,4423.31,4472.53,4423.31,4434.925920000001,4453.72796,4472.53,4502.9479599999995,4453.72796,4434.925920000001,4472.53,4472.53,True,True
2026-08-28T03:59:18.961896+00:00,3c81d804-5038-48ed-adc6-6da6845ab7ca,NEW_VALID_HIGH,4453.0,FIB_ACTIVE,TP_DYNAMIC,4453.0,4423.31,4472.53,4423.31,4434.925920000001,4453.72796,4472.53,4502.9479599999995,4453.72796,4434.925920000001,4472.53,4472.53,True,True
2026-08-28T03:59:18.961896+00:00,3c81d804-5038-48ed-adc6-6da6845ab7ca,TP_UPDATED,4453.0,TP_DYNAMIC,TP_DYNAMIC,4453.0,4423.31,4472.53,4423.31,4434.925920000001,4453.72796,4472.53,4502.9479599999995,4453.72796,4434.925920000001,4472.53,4472.53,True,True
2026-08-28T03:59:18.975361+00:00,3c81d804-5038-48ed-adc6-6da6845ab7ca,NEW_VALID_HIGH,4472.53,TP_DYNAMIC,TP_DYNAMIC,4453.0,4423.31,4472.53,4423.31,4434.925920000001,4453.72796,4472.53,4502.9479599999995,4453.72796,4434.925920000001,4472.53,4472.53,True,True
2026-08-28T03:59:18.975361+00:00,3c81d804-5038-48ed-adc6-6da6845ab7ca,TP_UPDATED,4472.53,TP_DYNAMIC,TP_DYNAMIC,4453.0,4423.31,4472.53,4423.31,4434.925920000001,4453.72796,4472.53,4502.9479599999995,4453.72796,4434.925920000001,4472.53,4472.53,True,True
2026-08-28T03:59:18.982201+00:00,3c81d804-5038-48ed-adc6-6da6845ab7ca,ENTRY_TOUCHED,4454.85,TP_DYNAMIC,ENTRY_TOUCHED,4453.0,4423.31,4472.53,4423.31,4434.925920000001,4453.72796,4472.53,4502.9479599999995,4453.72796,4434.925920000001,4472.53,4472.53,True,True
2026-08-28T03:59:18.982201+00:00,3c81d804-5038-48ed-adc6-6da6845ab7ca,TP_LOCKED,4472.53,ENTRY_TOUCHED,TP_FROZEN,4453.0,4423.31,4472.53,4423.31,4434.925920000001,4453.72796,4472.53,4502.9479599999995,4453.72796,4434.925920000001,4472.53,4472.53,True,True
2026-08-28T03:59:19.000278+00:00,3c81d804-5038-48ed-adc6-6da6845ab7ca,TP_HIT,4478.0,TP_FROZEN,COMPLETED,4453.0,4423.31,4472.53,4423.31,4434.925920000001,4453.72796,4472.53,4502.9479599999995,4453.72796,4434.925920000001,4472.53,4472.53,True,True
2026-08-28T03:59:19.010266+00:00,cad6d035-7d0f-4487-bd2c-c6a5cdd8a47c,BOS_DETECTED,4489.0,NO_SETUP,BOS_DETECTED,4488.86,4451.0,4492.67,4451.0,4460.83412,4476.75206,4492.67,4518.42206,4476.75206,4460.83412,4492.67,4492.67,True,True
2026-08-28T03:59:19.010266+00:00,cad6d035-7d0f-4487-bd2c-c6a5cdd8a47c,POINT_2_FOUND,4451.0,BOS_DETECTED,POINT_2_IDENTIFIED,4488.86,4451.0,4492.67,4451.0,4460.83412,4476.75206,4492.67,4518.42206,4476.75206,4460.83412,4492.67,4492.67,True,True
2026-08-28T03:59:19.010266+00:00,cad6d035-7d0f-4487-bd2c-c6a5cdd8a47c,SETUP_CREATED,4488.86,POINT_2_IDENTIFIED,FIB_ACTIVE,4488.86,4451.0,4492.67,4451.0,4460.83412,4476.75206,4492.67,4518.42206,4476.75206,4460.83412,4492.67,4492.67,True,True
2026-08-28T03:59:19.010266+00:00,cad6d035-7d0f-4487-bd2c-c6a5cdd8a47c,NEW_VALID_HIGH,4488.86,FIB_ACTIVE,TP_DYNAMIC,4488.86,4451.0,4492.67,4451.0,4460.83412,4476.75206,4492.67,4518.42206,4476.75206,4460.83412,4492.67,4492.67,True,True
2026-08-28T03:59:19.010266+00:00,cad6d035-7d0f-4487-bd2c-c6a5cdd8a47c,TP_UPDATED,4488.86,TP_DYNAMIC,TP_DYNAMIC,4488.86,4451.0,4492.67,4451.0,4460.83412,4476.75206,4492.67,4518.42206,4476.75206,4460.83412,4492.67,4492.67,True,True
2026-08-28T03:59:19.012339+00:00,cad6d035-7d0f-4487-bd2c-c6a5cdd8a47c,NEW_VALID_HIGH,4492.67,TP_DYNAMIC,TP_DYNAMIC,4488.86,4451.0,4492.67,4451.0,4460.83412,4476.75206,4492.67,4518.42206,4476.75206,4460.83412,4492.67,4492.67,True,True
2026-08-28T03:59:19.012339+00:00,cad6d035-7d0f-4487-bd2c-c6a5cdd8a47c,TP_UPDATED,4492.67,TP_DYNAMIC,TP_DYNAMIC,4488.86,4451.0,4492.67,4451.0,4460.83412,4476.75206,4492.67,4518.42206,4476.75206,4460.83412,4492.67,4492.67,True,True
2026-08-28T03:59:19.014346+00:00,cad6d035-7d0f-4487-bd2c-c6a5cdd8a47c,ENTRY_TOUCHED,4478.68,TP_DYNAMIC,ENTRY_TOUCHED,4488.86,4451.0,4492.67,4451.0,4460.83412,4476.75206,4492.67,4518.42206,4476.75206,4460.83412,4492.67,4492.67,True,True
2026-08-28T03:59:19.014346+00:00,cad6d035-7d0f-4487-bd2c-c6a5cdd8a47c,TP_LOCKED,4492.67,ENTRY_TOUCHED,TP_FROZEN,4488.86,4451.0,4492.67,4451.0,4460.83412,4476.75206,4492.67,4518.42206,4476.75206,4460.83412,4492.67,4492.67,True,True
2026-08-28T03:59:19.018369+00:00,cad6d035-7d0f-4487-bd2c-c6a5cdd8a47c,TP_HIT,4492.08,TP_FROZEN,COMPLETED,4488.86,4451.0,4492.67,4451.0,4460.83412,4476.75206,4492.67,4518.42206,4476.75206,4460.83412,4492.67,4492.67,True,True
2026-08-28T03:59:19.020249+00:00,e9b90c48-a0f7-43f5-9548-b78306f505ca,BOS_DETECTED,4493.69,NO_SETUP,BOS_DETECTED,4492.67,4463.0,4499.75,4463.0,4471.673,4485.7115,4499.75,4522.4615,4485.7115,4471.673,4499.75,4499.75,True,True
2026-08-28T03:59:19.020249+00:00,e9b90c48-a0f7-43f5-9548-b78306f505ca,POINT_2_FOUND,4463.0,BOS_DETECTED,POINT_2_IDENTIFIED,4492.67,4463.0,4499.75,4463.0,4471.673,4485.7115,4499.75,4522.4615,4485.7115,4471.673,4499.75,4499.75,True,True
2026-08-28T03:59:19.020249+00:00,e9b90c48-a0f7-43f5-9548-b78306f505ca,SETUP_CREATED,4492.67,POINT_2_IDENTIFIED,FIB_ACTIVE,4492.67,4463.0,4499.75,4463.0,4471.673,4485.7115,4499.75,4522.4615,4485.7115,4471.673,4499.75,4499.75,True,True
2026-08-28T03:59:19.020249+00:00,e9b90c48-a0f7-43f5-9548-b78306f505ca,NEW_VALID_HIGH,4492.67,FIB_ACTIVE,TP_DYNAMIC,4492.67,4463.0,4499.75,4463.0,4471.673,4485.7115,4499.75,4522.4615,4485.7115,4471.673,4499.75,4499.75,True,True
2026-08-28T03:59:19.020249+00:00,e9b90c48-a0f7-43f5-9548-b78306f505ca,TP_UPDATED,4492.67,TP_DYNAMIC,TP_DYNAMIC,4492.67,4463.0,4499.75,4463.0,4471.673,4485.7115,4499.75,4522.4615,4485.7115,4471.673,4499.75,4499.75,True,True
2026-08-28T03:59:19.024408+00:00,e9b90c48-a0f7-43f5-9548-b78306f505ca,NEW_VALID_HIGH,4499.75,TP_DYNAMIC,TP_DYNAMIC,4492.67,4463.0,4499.75,4463.0,4471.673,4485.7115,4499.75,4522.4615,4485.7115,4471.673,4499.75,4499.75,True,True
2026-08-28T03:59:19.024408+00:00,e9b90c48-a0f7-43f5-9548-b78306f505ca,TP_UPDATED,4499.75,TP_DYNAMIC,TP_DYNAMIC,4492.67,4463.0,4499.75,4463.0,4471.673,4485.7115,4499.75,4522.4615,4485.7115,4471.673,4499.75,4499.75,True,True
2026-08-28T03:59:19.024408+00:00,e9b90c48-a0f7-43f5-9548-b78306f505ca,ENTRY_TOUCHED,4486.48,TP_DYNAMIC,ENTRY_TOUCHED,4492.67,4463.0,4499.75,4463.0,4471.673,4485.7115,4499.75,4522.4615,4485.7115,4471.673,4499.75,4499.75,True,True
2026-08-28T03:59:19.024408+00:00,e9b90c48-a0f7-43f5-9548-b78306f505ca,TP_LOCKED,4499.75,ENTRY_TOUCHED,TP_FROZEN,4492.67,4463.0,4499.75,4463.0,4471.673,4485.7115,4499.75,4522.4615,4485.7115,4471.673,4499.75,4499.75,True,True
2026-08-28T03:59:19.030002+00:00,e9b90c48-a0f7-43f5-9548-b78306f505ca,SL_HIT,4470.11,TP_FROZEN,COMPLETED,4492.67,4463.0,4499.75,4463.0,4471.673,4485.7115,4499.75,4522.4615,4485.7115,4471.673,4499.75,4499.75,True,True
2026-08-28T03:59:19.070135+00:00,679fd1e1-75e7-400b-a665-f94f49539530,BOS_DETECTED,4457.55,NO_SETUP,BOS_DETECTED,4454.75,4424.42,4467.58,4424.42,4434.60576,4451.09288,4467.58,4494.25288,4451.09288,4434.60576,4467.58,4467.58,True,True
2026-08-28T03:59:19.070135+00:00,679fd1e1-75e7-400b-a665-f94f49539530,POINT_2_FOUND,4424.42,BOS_DETECTED,POINT_2_IDENTIFIED,4454.75,4424.42,4467.58,4424.42,4434.60576,4451.09288,4467.58,4494.25288,4451.09288,4434.60576,4467.58,4467.58,True,True
2026-08-28T03:59:19.070135+00:00,679fd1e1-75e7-400b-a665-f94f49539530,SETUP_CREATED,4454.75,POINT_2_IDENTIFIED,FIB_ACTIVE,4454.75,4424.42,4467.58,4424.42,4434.60576,4451.09288,4467.58,4494.25288,4451.09288,4434.60576,4467.58,4467.58,True,True
2026-08-28T03:59:19.070135+00:00,679fd1e1-75e7-400b-a665-f94f49539530,NEW_VALID_HIGH,4454.75,FIB_ACTIVE,TP_DYNAMIC,4454.75,4424.42,4467.58,4424.42,4434.60576,4451.09288,4467.58,4494.25288,4451.09288,4434.60576,4467.58,4467.58,True,True
2026-08-28T03:59:19.070135+00:00,679fd1e1-75e7-400b-a665-f94f49539530,TP_UPDATED,4454.75,TP_DYNAMIC,TP_DYNAMIC,4454.75,4424.42,4467.58,4424.42,4434.60576,4451.09288,4467.58,4494.25288,4451.09288,4434.60576,4467.58,4467.58,True,True
2026-08-28T03:59:19.076851+00:00,679fd1e1-75e7-400b-a665-f94f49539530,NEW_VALID_HIGH,4467.58,TP_DYNAMIC,TP_DYNAMIC,4454.75,4424.42,4467.58,4424.42,4434.60576,4451.09288,4467.58,4494.25288,4451.09288,4434.60576,4467.58,4467.58,True,True
2026-08-28T03:59:19.076851+00:00,679fd1e1-75e7-400b-a665-f94f49539530,TP_UPDATED,4467.58,TP_DYNAMIC,TP_DYNAMIC,4454.75,4424.42,4467.58,4424.42,4434.60576,4451.09288,4467.58,4494.25288,4451.09288,4434.60576,4467.58,4467.58,True,True
2026-08-28T03:59:19.076851+00:00,679fd1e1-75e7-400b-a665-f94f49539530,ENTRY_TOUCHED,4452.37,TP_DYNAMIC,ENTRY_TOUCHED,4454.75,4424.42,4467.58,4424.42,4434.60576,4451.09288,4467.58,4494.25288,4451.09288,4434.60576,4467.58,4467.58,True,True
2026-08-28T03:59:19.076851+00:00,679fd1e1-75e7-400b-a665-f94f49539530,TP_LOCKED,4467.58,ENTRY_TOUCHED,TP_FROZEN,4454.75,4424.42,4467.58,4424.42,4434.60576,4451.09288,4467.58,4494.25288,4451.09288,4434.60576,4467.58,4467.58,True,True
2026-08-28T03:59:19.093365+00:00,679fd1e1-75e7-400b-a665-f94f49539530,TP_HIT,4468.73,TP_FROZEN,COMPLETED,4454.75,4424.42,4467.58,4424.42,4434.60576,4451.09288,4467.58,4494.25288,4451.09288,4434.60576,4467.58,4467.58,True,True
2026-08-28T03:59:19.134038+00:00,c44c7d96-632d-4f49-af8d-230c0c48d8cd,BOS_DETECTED,4448.73,NO_SETUP,BOS_DETECTED,4438.39,4410.01,4645.15,4410.01,4465.5030400000005,4555.32652,4645.15,4790.466519999999,4555.32652,4465.5030400000005,4645.15,4645.15,True,True
2026-08-28T03:59:19.134038+00:00,c44c7d96-632d-4f49-af8d-230c0c48d8cd,POINT_2_FOUND,4410.01,BOS_DETECTED,POINT_2_IDENTIFIED,4438.39,4410.01,4645.15,4410.01,4465.5030400000005,4555.32652,4645.15,4790.466519999999,4555.32652,4465.5030400000005,4645.15,4645.15,True,True
2026-08-28T03:59:19.134038+00:00,c44c7d96-632d-4f49-af8d-230c0c48d8cd,SETUP_CREATED,4438.39,POINT_2_IDENTIFIED,FIB_ACTIVE,4438.39,4410.01,4645.15,4410.01,4465.5030400000005,4555.32652,4645.15,4790.466519999999,4555.32652,4465.5030400000005,4645.15,4645.15,True,True
2026-08-28T03:59:19.134038+00:00,c44c7d96-632d-4f49-af8d-230c0c48d8cd,NEW_VALID_HIGH,4438.39,FIB_ACTIVE,TP_DYNAMIC,4438.39,4410.01,4645.15,4410.01,4465.5030400000005,4555.32652,4645.15,4790.466519999999,4555.32652,4465.5030400000005,4645.15,4645.15,True,True
2026-08-28T03:59:19.134038+00:00,c44c7d96-632d-4f49-af8d-230c0c48d8cd,TP_UPDATED,4438.39,TP_DYNAMIC,TP_DYNAMIC,4438.39,4410.01,4645.15,4410.01,4465.5030400000005,4555.32652,4645.15,4790.466519999999,4555.32652,4465.5030400000005,4645.15,4645.15,True,True
2026-08-28T03:59:19.142560+00:00,c44c7d96-632d-4f49-af8d-230c0c48d8cd,NEW_VALID_HIGH,4463.0,TP_DYNAMIC,TP_DYNAMIC,4438.39,4410.01,4645.15,4410.01,4465.5030400000005,4555.32652,4645.15,4790.466519999999,4555.32652,4465.5030400000005,4645.15,4645.15,True,True
2026-08-28T03:59:19.142560+00:00,c44c7d96-632d-4f49-af8d-230c0c48d8cd,TP_UPDATED,4463.0,TP_DYNAMIC,TP_DYNAMIC,4438.39,4410.01,4645.15,4410.01,4465.5030400000005,4555.32652,4645.15,4790.466519999999,4555.32652,4465.5030400000005,4645.15,4645.15,True,True
2026-08-28T03:59:19.151660+00:00,c44c7d96-632d-4f49-af8d-230c0c48d8cd,NEW_VALID_HIGH,4478.98,TP_DYNAMIC,TP_DYNAMIC,4438.39,4410.01,4645.15,4410.01,4465.5030400000005,4555.32652,4645.15,4790.466519999999,4555.32652,4465.5030400000005,4645.15,4645.15,True,True
2026-08-28T03:59:19.151660+00:00,c44c7d96-632d-4f49-af8d-230c0c48d8cd,TP_UPDATED,4478.98,TP_DYNAMIC,TP_DYNAMIC,4438.39,4410.01,4645.15,4410.01,4465.5030400000005,4555.32652,4645.15,4790.466519999999,4555.32652,4465.5030400000005,4645.15,4645.15,True,True
2026-08-28T03:59:19.200057+00:00,c44c7d96-632d-4f49-af8d-230c0c48d8cd,NEW_VALID_HIGH,4510.54,TP_DYNAMIC,TP_DYNAMIC,4438.39,4410.01,4645.15,4410.01,4465.5030400000005,4555.32652,4645.15,4790.466519999999,4555.32652,4465.5030400000005,4645.15,4645.15,True,True
2026-08-28T03:59:19.200057+00:00,c44c7d96-632d-4f49-af8d-230c0c48d8cd,TP_UPDATED,4510.54,TP_DYNAMIC,TP_DYNAMIC,4438.39,4410.01,4645.15,4410.01,4465.5030400000005,4555.32652,4645.15,4790.466519999999,4555.32652,4465.5030400000005,4645.15,4645.15,True,True
2026-08-28T03:59:19.244967+00:00,c44c7d96-632d-4f49-af8d-230c0c48d8cd,NEW_VALID_HIGH,4511.23,TP_DYNAMIC,TP_DYNAMIC,4438.39,4410.01,4645.15,4410.01,4465.5030400000005,4555.32652,4645.15,4790.466519999999,4555.32652,4465.5030400000005,4645.15,4645.15,True,True
2026-08-28T03:59:19.244967+00:00,c44c7d96-632d-4f49-af8d-230c0c48d8cd,TP_UPDATED,4511.23,TP_DYNAMIC,TP_DYNAMIC,4438.39,4410.01,4645.15,4410.01,4465.5030400000005,4555.32652,4645.15,4790.466519999999,4555.32652,4465.5030400000005,4645.15,4645.15,True,True
2026-08-28T03:59:19.263959+00:00,c44c7d96-632d-4f49-af8d-230c0c48d8cd,NEW_VALID_HIGH,4514.07,TP_DYNAMIC,TP_DYNAMIC,4438.39,4410.01,4645.15,4410.01,4465.5030400000005,4555.32652,4645.15,4790.466519999999,4555.32652,4465.5030400000005,4645.15,4645.15,True,True
2026-08-28T03:59:19.263959+00:00,c44c7d96-632d-4f49-af8d-230c0c48d8cd,TP_UPDATED,4514.07,TP_DYNAMIC,TP_DYNAMIC,4438.39,4410.01,4645.15,4410.01,4465.5030400000005,4555.32652,4645.15,4790.466519999999,4555.32652,4465.5030400000005,4645.15,4645.15,True,True
2026-08-28T03:59:19.305003+00:00,c44c7d96-632d-4f49-af8d-230c0c48d8cd,NEW_VALID_HIGH,4521.03,TP_DYNAMIC,TP_DYNAMIC,4438.39,4410.01,4645.15,4410.01,4465.5030400000005,4555.32652,4645.15,4790.466519999999,4555.32652,4465.5030400000005,4645.15,4645.15,True,True
2026-08-28T03:59:19.305003+00:00,c44c7d96-632d-4f49-af8d-230c0c48d8cd,TP_UPDATED,4521.03,TP_DYNAMIC,TP_DYNAMIC,4438.39,4410.01,4645.15,4410.01,4465.5030400000005,4555.32652,4645.15,4790.466519999999,4555.32652,4465.5030400000005,4645.15,4645.15,True,True
2026-08-28T03:59:19.369896+00:00,c44c7d96-632d-4f49-af8d-230c0c48d8cd,NEW_VALID_HIGH,4593.92,TP_DYNAMIC,TP_DYNAMIC,4438.39,4410.01,4645.15,4410.01,4465.5030400000005,4555.32652,4645.15,4790.466519999999,4555.32652,4465.5030400000005,4645.15,4645.15,True,True
2026-08-28T03:59:19.369896+00:00,c44c7d96-632d-4f49-af8d-230c0c48d8cd,TP_UPDATED,4593.92,TP_DYNAMIC,TP_DYNAMIC,4438.39,4410.01,4645.15,4410.01,4465.5030400000005,4555.32652,4645.15,4790.466519999999,4555.32652,4465.5030400000005,4645.15,4645.15,True,True
2026-08-28T03:59:19.394699+00:00,c44c7d96-632d-4f49-af8d-230c0c48d8cd,NEW_VALID_HIGH,4596.98,TP_DYNAMIC,TP_DYNAMIC,4438.39,4410.01,4645.15,4410.01,4465.5030400000005,4555.32652,4645.15,4790.466519999999,4555.32652,4465.5030400000005,4645.15,4645.15,True,True
2026-08-28T03:59:19.394699+00:00,c44c7d96-632d-4f49-af8d-230c0c48d8cd,TP_UPDATED,4596.98,TP_DYNAMIC,TP_DYNAMIC,4438.39,4410.01,4645.15,4410.01,4465.5030400000005,4555.32652,4645.15,4790.466519999999,4555.32652,4465.5030400000005,4645.15,4645.15,True,True
2026-08-28T03:59:19.407024+00:00,c44c7d96-632d-4f49-af8d-230c0c48d8cd,NEW_VALID_HIGH,4617.78,TP_DYNAMIC,TP_DYNAMIC,4438.39,4410.01,4645.15,4410.01,4465.5030400000005,4555.32652,4645.15,4790.466519999999,4555.32652,4465.5030400000005,4645.15,4645.15,True,True
2026-08-28T03:59:19.407024+00:00,c44c7d96-632d-4f49-af8d-230c0c48d8cd,TP_UPDATED,4617.78,TP_DYNAMIC,TP_DYNAMIC,4438.39,4410.01,4645.15,4410.01,4465.5030400000005,4555.32652,4645.15,4790.466519999999,4555.32652,4465.5030400000005,4645.15,4645.15,True,True
2026-08-28T03:59:19.411758+00:00,c44c7d96-632d-4f49-af8d-230c0c48d8cd,NEW_VALID_HIGH,4628.16,TP_DYNAMIC,TP_DYNAMIC,4438.39,4410.01,4645.15,4410.01,4465.5030400000005,4555.32652,4645.15,4790.466519999999,4555.32652,4465.5030400000005,4645.15,4645.15,True,True
2026-08-28T03:59:19.411758+00:00,c44c7d96-632d-4f49-af8d-230c0c48d8cd,TP_UPDATED,4628.16,TP_DYNAMIC,TP_DYNAMIC,4438.39,4410.01,4645.15,4410.01,4465.5030400000005,4555.32652,4645.15,4790.466519999999,4555.32652,4465.5030400000005,4645.15,4645.15,True,True
2026-08-28T03:59:19.471696+00:00,c44c7d96-632d-4f49-af8d-230c0c48d8cd,NEW_VALID_HIGH,4634.85,TP_DYNAMIC,TP_DYNAMIC,4438.39,4410.01,4645.15,4410.01,4465.5030400000005,4555.32652,4645.15,4790.466519999999,4555.32652,4465.5030400000005,4645.15,4645.15,True,True
2026-08-28T03:59:19.471696+00:00,c44c7d96-632d-4f49-af8d-230c0c48d8cd,TP_UPDATED,4634.85,TP_DYNAMIC,TP_DYNAMIC,4438.39,4410.01,4645.15,4410.01,4465.5030400000005,4555.32652,4645.15,4790.466519999999,4555.32652,4465.5030400000005,4645.15,4645.15,True,True
2026-08-28T03:59:19.511733+00:00,c44c7d96-632d-4f49-af8d-230c0c48d8cd,NEW_VALID_HIGH,4637.95,TP_DYNAMIC,TP_DYNAMIC,4438.39,4410.01,4645.15,4410.01,4465.5030400000005,4555.32652,4645.15,4790.466519999999,4555.32652,4465.5030400000005,4645.15,4645.15,True,True
2026-08-28T03:59:19.511733+00:00,c44c7d96-632d-4f49-af8d-230c0c48d8cd,TP_UPDATED,4637.95,TP_DYNAMIC,TP_DYNAMIC,4438.39,4410.01,4645.15,4410.01,4465.5030400000005,4555.32652,4645.15,4790.466519999999,4555.32652,4465.5030400000005,4645.15,4645.15,True,True
2026-08-28T03:59:19.511733+00:00,c44c7d96-632d-4f49-af8d-230c0c48d8cd,NEW_VALID_HIGH,4638.99,TP_DYNAMIC,TP_DYNAMIC,4438.39,4410.01,4645.15,4410.01,4465.5030400000005,4555.32652,4645.15,4790.466519999999,4555.32652,4465.5030400000005,4645.15,4645.15,True,True
2026-08-28T03:59:19.511733+00:00,c44c7d96-632d-4f49-af8d-230c0c48d8cd,TP_UPDATED,4638.99,TP_DYNAMIC,TP_DYNAMIC,4438.39,4410.01,4645.15,4410.01,4465.5030400000005,4555.32652,4645.15,4790.466519999999,4555.32652,4465.5030400000005,4645.15,4645.15,True,True
2026-08-28T03:59:19.534297+00:00,c44c7d96-632d-4f49-af8d-230c0c48d8cd,NEW_VALID_HIGH,4645.15,TP_DYNAMIC,TP_DYNAMIC,4438.39,4410.01,4645.15,4410.01,4465.5030400000005,4555.32652,4645.15,4790.466519999999,4555.32652,4465.5030400000005,4645.15,4645.15,True,True
2026-08-28T03:59:19.534297+00:00,c44c7d96-632d-4f49-af8d-230c0c48d8cd,TP_UPDATED,4645.15,TP_DYNAMIC,TP_DYNAMIC,4438.39,4410.01,4645.15,4410.01,4465.5030400000005,4555.32652,4645.15,4790.466519999999,4555.32652,4465.5030400000005,4645.15,4645.15,True,True
2026-08-28T03:59:19.666760+00:00,c44c7d96-632d-4f49-af8d-230c0c48d8cd,ENTRY_TOUCHED,4562.79,TP_DYNAMIC,ENTRY_TOUCHED,4438.39,4410.01,4645.15,4410.01,4465.5030400000005,4555.32652,4645.15,4790.466519999999,4555.32652,4465.5030400000005,4645.15,4645.15,True,True
2026-08-28T03:59:19.666760+00:00,c44c7d96-632d-4f49-af8d-230c0c48d8cd,TP_LOCKED,4645.15,ENTRY_TOUCHED,TP_FROZEN,4438.39,4410.01,4645.15,4410.01,4465.5030400000005,4555.32652,4645.15,4790.466519999999,4555.32652,4465.5030400000005,4645.15,4645.15,True,True
2026-08-28T03:59:19.814215+00:00,c44c7d96-632d-4f49-af8d-230c0c48d8cd,TP_HIT,4654.84,TP_FROZEN,COMPLETED,4438.39,4410.01,4645.15,4410.01,4465.5030400000005,4555.32652,4645.15,4790.466519999999,4555.32652,4465.5030400000005,4645.15,4645.15,True,True
2026-08-28T03:59:19.830123+00:00,fcbc77e5-1a34-489d-a8e3-6019d137fbef,BOS_DETECTED,4672.02,NO_SETUP,BOS_DETECTED,4670.0,4658.0,4678.0,4658.0,4662.72,4670.36,4678.0,4690.36,4670.36,4662.72,4678.0,4678.0,True,True
2026-08-28T03:59:19.830123+00:00,fcbc77e5-1a34-489d-a8e3-6019d137fbef,POINT_2_FOUND,4658.0,BOS_DETECTED,POINT_2_IDENTIFIED,4670.0,4658.0,4678.0,4658.0,4662.72,4670.36,4678.0,4690.36,4670.36,4662.72,4678.0,4678.0,True,True
2026-08-28T03:59:19.830123+00:00,fcbc77e5-1a34-489d-a8e3-6019d137fbef,SETUP_CREATED,4670.0,POINT_2_IDENTIFIED,FIB_ACTIVE,4670.0,4658.0,4678.0,4658.0,4662.72,4670.36,4678.0,4690.36,4670.36,4662.72,4678.0,4678.0,True,True
2026-08-28T03:59:19.830123+00:00,fcbc77e5-1a34-489d-a8e3-6019d137fbef,NEW_VALID_HIGH,4670.0,FIB_ACTIVE,TP_DYNAMIC,4670.0,4658.0,4678.0,4658.0,4662.72,4670.36,4678.0,4690.36,4670.36,4662.72,4678.0,4678.0,True,True
2026-08-28T03:59:19.830123+00:00,fcbc77e5-1a34-489d-a8e3-6019d137fbef,TP_UPDATED,4670.0,TP_DYNAMIC,TP_DYNAMIC,4670.0,4658.0,4678.0,4658.0,4662.72,4670.36,4678.0,4690.36,4670.36,4662.72,4678.0,4678.0,True,True
2026-08-28T03:59:19.835345+00:00,fcbc77e5-1a34-489d-a8e3-6019d137fbef,NEW_VALID_HIGH,4678.0,TP_DYNAMIC,TP_DYNAMIC,4670.0,4658.0,4678.0,4658.0,4662.72,4670.36,4678.0,4690.36,4670.36,4662.72,4678.0,4678.0,True,True
2026-08-28T03:59:19.835345+00:00,fcbc77e5-1a34-489d-a8e3-6019d137fbef,TP_UPDATED,4678.0,TP_DYNAMIC,TP_DYNAMIC,4670.0,4658.0,4678.0,4658.0,4662.72,4670.36,4678.0,4690.36,4670.36,4662.72,4678.0,4678.0,True,True
2026-08-28T03:59:19.835345+00:00,fcbc77e5-1a34-489d-a8e3-6019d137fbef,ENTRY_TOUCHED,4670.68,TP_DYNAMIC,ENTRY_TOUCHED,4670.0,4658.0,4678.0,4658.0,4662.72,4670.36,4678.0,4690.36,4670.36,4662.72,4678.0,4678.0,True,True
2026-08-28T03:59:19.835345+00:00,fcbc77e5-1a34-489d-a8e3-6019d137fbef,TP_LOCKED,4678.0,ENTRY_TOUCHED,TP_FROZEN,4670.0,4658.0,4678.0,4658.0,4662.72,4670.36,4678.0,4690.36,4670.36,4662.72,4678.0,4678.0,True,True
2026-08-28T03:59:19.848056+00:00,fcbc77e5-1a34-489d-a8e3-6019d137fbef,SL_HIT,4665.76,TP_FROZEN,COMPLETED,4670.0,4658.0,4678.0,4658.0,4662.72,4670.36,4678.0,4690.36,4670.36,4662.72,4678.0,4678.0,True,True
2026-08-28T03:59:19.860643+00:00,71d1bf0d-4596-4539-b865-9c545efa5b29,BOS_DETECTED,4674.57,NO_SETUP,BOS_DETECTED,4672.0,4664.09,4680.5,4664.09,4667.96276,4674.23138,4680.5,4690.64138,4674.23138,4667.96276,4680.5,4680.5,True,True
2026-08-28T03:59:19.860643+00:00,71d1bf0d-4596-4539-b865-9c545efa5b29,POINT_2_FOUND,4664.09,BOS_DETECTED,POINT_2_IDENTIFIED,4672.0,4664.09,4680.5,4664.09,4667.96276,4674.23138,4680.5,4690.64138,4674.23138,4667.96276,4680.5,4680.5,True,True
2026-08-28T03:59:19.860643+00:00,71d1bf0d-4596-4539-b865-9c545efa5b29,SETUP_CREATED,4672.0,POINT_2_IDENTIFIED,FIB_ACTIVE,4672.0,4664.09,4680.5,4664.09,4667.96276,4674.23138,4680.5,4690.64138,4674.23138,4667.96276,4680.5,4680.5,True,True
2026-08-28T03:59:19.860643+00:00,71d1bf0d-4596-4539-b865-9c545efa5b29,NEW_VALID_HIGH,4672.0,FIB_ACTIVE,TP_DYNAMIC,4672.0,4664.09,4680.5,4664.09,4667.96276,4674.23138,4680.5,4690.64138,4674.23138,4667.96276,4680.5,4680.5,True,True
2026-08-28T03:59:19.860643+00:00,71d1bf0d-4596-4539-b865-9c545efa5b29,TP_UPDATED,4672.0,TP_DYNAMIC,TP_DYNAMIC,4672.0,4664.09,4680.5,4664.09,4667.96276,4674.23138,4680.5,4690.64138,4674.23138,4667.96276,4680.5,4680.5,True,True
2026-08-28T03:59:19.864197+00:00,71d1bf0d-4596-4539-b865-9c545efa5b29,NEW_VALID_HIGH,4675.0,TP_DYNAMIC,TP_DYNAMIC,4672.0,4664.09,4680.5,4664.09,4667.96276,4674.23138,4680.5,4690.64138,4674.23138,4667.96276,4680.5,4680.5,True,True
2026-08-28T03:59:19.864197+00:00,71d1bf0d-4596-4539-b865-9c545efa5b29,TP_UPDATED,4675.0,TP_DYNAMIC,TP_DYNAMIC,4672.0,4664.09,4680.5,4664.09,4667.96276,4674.23138,4680.5,4690.64138,4674.23138,4667.96276,4680.5,4680.5,True,True
2026-08-28T03:59:19.870295+00:00,71d1bf0d-4596-4539-b865-9c545efa5b29,NEW_VALID_HIGH,4680.5,TP_DYNAMIC,TP_DYNAMIC,4672.0,4664.09,4680.5,4664.09,4667.96276,4674.23138,4680.5,4690.64138,4674.23138,4667.96276,4680.5,4680.5,True,True
2026-08-28T03:59:19.870295+00:00,71d1bf0d-4596-4539-b865-9c545efa5b29,TP_UPDATED,4680.5,TP_DYNAMIC,TP_DYNAMIC,4672.0,4664.09,4680.5,4664.09,4667.96276,4674.23138,4680.5,4690.64138,4674.23138,4667.96276,4680.5,4680.5,True,True
2026-08-28T03:59:19.870295+00:00,71d1bf0d-4596-4539-b865-9c545efa5b29,ENTRY_TOUCHED,4672.15,TP_DYNAMIC,ENTRY_TOUCHED,4672.0,4664.09,4680.5,4664.09,4667.96276,4674.23138,4680.5,4690.64138,4674.23138,4667.96276,4680.5,4680.5,True,True
2026-08-28T03:59:19.870295+00:00,71d1bf0d-4596-4539-b865-9c545efa5b29,TP_LOCKED,4680.5,ENTRY_TOUCHED,TP_FROZEN,4672.0,4664.09,4680.5,4664.09,4667.96276,4674.23138,4680.5,4690.64138,4674.23138,4667.96276,4680.5,4680.5,True,True
2026-08-28T03:59:19.879979+00:00,71d1bf0d-4596-4539-b865-9c545efa5b29,SL_HIT,4667.49,TP_FROZEN,COMPLETED,4672.0,4664.09,4680.5,4664.09,4667.96276,4674.23138,4680.5,4690.64138,4674.23138,4667.96276,4680.5,4680.5,True,True
2026-08-28T03:59:19.891860+00:00,982b0cde-0b91-47f8-b555-3a2726d62e3b,BOS_DETECTED,4676.53,NO_SETUP,BOS_DETECTED,4675.58,4661.54,4889.61,4661.54,4715.36452,4802.48726,4889.61,5030.55726,4802.48726,4715.36452,4889.61,4889.61,True,True
2026-08-28T03:59:19.891860+00:00,982b0cde-0b91-47f8-b555-3a2726d62e3b,POINT_2_FOUND,4661.54,BOS_DETECTED,POINT_2_IDENTIFIED,4675.58,4661.54,4889.61,4661.54,4715.36452,4802.48726,4889.61,5030.55726,4802.48726,4715.36452,4889.61,4889.61,True,True
2026-08-28T03:59:19.891860+00:00,982b0cde-0b91-47f8-b555-3a2726d62e3b,SETUP_CREATED,4675.58,POINT_2_IDENTIFIED,FIB_ACTIVE,4675.58,4661.54,4889.61,4661.54,4715.36452,4802.48726,4889.61,5030.55726,4802.48726,4715.36452,4889.61,4889.61,True,True
2026-08-28T03:59:19.891860+00:00,982b0cde-0b91-47f8-b555-3a2726d62e3b,NEW_VALID_HIGH,4675.58,FIB_ACTIVE,TP_DYNAMIC,4675.58,4661.54,4889.61,4661.54,4715.36452,4802.48726,4889.61,5030.55726,4802.48726,4715.36452,4889.61,4889.61,True,True
2026-08-28T03:59:19.891860+00:00,982b0cde-0b91-47f8-b555-3a2726d62e3b,TP_UPDATED,4675.58,TP_DYNAMIC,TP_DYNAMIC,4675.58,4661.54,4889.61,4661.54,4715.36452,4802.48726,4889.61,5030.55726,4802.48726,4715.36452,4889.61,4889.61,True,True
2026-08-28T03:59:19.900123+00:00,982b0cde-0b91-47f8-b555-3a2726d62e3b,NEW_VALID_HIGH,4717.99,TP_DYNAMIC,TP_DYNAMIC,4675.58,4661.54,4889.61,4661.54,4715.36452,4802.48726,4889.61,5030.55726,4802.48726,4715.36452,4889.61,4889.61,True,True
2026-08-28T03:59:19.900123+00:00,982b0cde-0b91-47f8-b555-3a2726d62e3b,TP_UPDATED,4717.99,TP_DYNAMIC,TP_DYNAMIC,4675.58,4661.54,4889.61,4661.54,4715.36452,4802.48726,4889.61,5030.55726,4802.48726,4715.36452,4889.61,4889.61,True,True
2026-08-28T03:59:19.910051+00:00,982b0cde-0b91-47f8-b555-3a2726d62e3b,NEW_VALID_HIGH,4740.99,TP_DYNAMIC,TP_DYNAMIC,4675.58,4661.54,4889.61,4661.54,4715.36452,4802.48726,4889.61,5030.55726,4802.48726,4715.36452,4889.61,4889.61,True,True
2026-08-28T03:59:19.910051+00:00,982b0cde-0b91-47f8-b555-3a2726d62e3b,TP_UPDATED,4740.99,TP_DYNAMIC,TP_DYNAMIC,4675.58,4661.54,4889.61,4661.54,4715.36452,4802.48726,4889.61,5030.55726,4802.48726,4715.36452,4889.61,4889.61,True,True
2026-08-28T03:59:19.925474+00:00,982b0cde-0b91-47f8-b555-3a2726d62e3b,NEW_VALID_HIGH,4755.0,TP_DYNAMIC,TP_DYNAMIC,4675.58,4661.54,4889.61,4661.54,4715.36452,4802.48726,4889.61,5030.55726,4802.48726,4715.36452,4889.61,4889.61,True,True
2026-08-28T03:59:19.925474+00:00,982b0cde-0b91-47f8-b555-3a2726d62e3b,TP_UPDATED,4755.0,TP_DYNAMIC,TP_DYNAMIC,4675.58,4661.54,4889.61,4661.54,4715.36452,4802.48726,4889.61,5030.55726,4802.48726,4715.36452,4889.61,4889.61,True,True
2026-08-28T03:59:19.932086+00:00,982b0cde-0b91-47f8-b555-3a2726d62e3b,NEW_VALID_HIGH,4757.88,TP_DYNAMIC,TP_DYNAMIC,4675.58,4661.54,4889.61,4661.54,4715.36452,4802.48726,4889.61,5030.55726,4802.48726,4715.36452,4889.61,4889.61,True,True
2026-08-28T03:59:19.932086+00:00,982b0cde-0b91-47f8-b555-3a2726d62e3b,TP_UPDATED,4757.88,TP_DYNAMIC,TP_DYNAMIC,4675.58,4661.54,4889.61,4661.54,4715.36452,4802.48726,4889.61,5030.55726,4802.48726,4715.36452,4889.61,4889.61,True,True
2026-08-28T03:59:19.935843+00:00,982b0cde-0b91-47f8-b555-3a2726d62e3b,NEW_VALID_HIGH,4766.46,TP_DYNAMIC,TP_DYNAMIC,4675.58,4661.54,4889.61,4661.54,4715.36452,4802.48726,4889.61,5030.55726,4802.48726,4715.36452,4889.61,4889.61,True,True
2026-08-28T03:59:19.935843+00:00,982b0cde-0b91-47f8-b555-3a2726d62e3b,TP_UPDATED,4766.46,TP_DYNAMIC,TP_DYNAMIC,4675.58,4661.54,4889.61,4661.54,4715.36452,4802.48726,4889.61,5030.55726,4802.48726,4715.36452,4889.61,4889.61,True,True
2026-08-28T03:59:19.947726+00:00,982b0cde-0b91-47f8-b555-3a2726d62e3b,NEW_VALID_HIGH,4772.11,TP_DYNAMIC,TP_DYNAMIC,4675.58,4661.54,4889.61,4661.54,4715.36452,4802.48726,4889.61,5030.55726,4802.48726,4715.36452,4889.61,4889.61,True,True
2026-08-28T03:59:19.947726+00:00,982b0cde-0b91-47f8-b555-3a2726d62e3b,TP_UPDATED,4772.11,TP_DYNAMIC,TP_DYNAMIC,4675.58,4661.54,4889.61,4661.54,4715.36452,4802.48726,4889.61,5030.55726,4802.48726,4715.36452,4889.61,4889.61,True,True
2026-08-28T03:59:19.954316+00:00,982b0cde-0b91-47f8-b555-3a2726d62e3b,NEW_VALID_HIGH,4846.47,TP_DYNAMIC,TP_DYNAMIC,4675.58,4661.54,4889.61,4661.54,4715.36452,4802.48726,4889.61,5030.55726,4802.48726,4715.36452,4889.61,4889.61,True,True
2026-08-28T03:59:19.954316+00:00,982b0cde-0b91-47f8-b555-3a2726d62e3b,TP_UPDATED,4846.47,TP_DYNAMIC,TP_DYNAMIC,4675.58,4661.54,4889.61,4661.54,4715.36452,4802.48726,4889.61,5030.55726,4802.48726,4715.36452,4889.61,4889.61,True,True
2026-08-28T03:59:19.960277+00:00,982b0cde-0b91-47f8-b555-3a2726d62e3b,NEW_VALID_HIGH,4848.59,TP_DYNAMIC,TP_DYNAMIC,4675.58,4661.54,4889.61,4661.54,4715.36452,4802.48726,4889.61,5030.55726,4802.48726,4715.36452,4889.61,4889.61,True,True
2026-08-28T03:59:19.960277+00:00,982b0cde-0b91-47f8-b555-3a2726d62e3b,TP_UPDATED,4848.59,TP_DYNAMIC,TP_DYNAMIC,4675.58,4661.54,4889.61,4661.54,4715.36452,4802.48726,4889.61,5030.55726,4802.48726,4715.36452,4889.61,4889.61,True,True
2026-08-28T03:59:19.968365+00:00,982b0cde-0b91-47f8-b555-3a2726d62e3b,NEW_VALID_HIGH,4889.61,TP_DYNAMIC,TP_DYNAMIC,4675.58,4661.54,4889.61,4661.54,4715.36452,4802.48726,4889.61,5030.55726,4802.48726,4715.36452,4889.61,4889.61,True,True
2026-08-28T03:59:19.968365+00:00,982b0cde-0b91-47f8-b555-3a2726d62e3b,TP_UPDATED,4889.61,TP_DYNAMIC,TP_DYNAMIC,4675.58,4661.54,4889.61,4661.54,4715.36452,4802.48726,4889.61,5030.55726,4802.48726,4715.36452,4889.61,4889.61,True,True
2026-08-28T03:59:20.000424+00:00,982b0cde-0b91-47f8-b555-3a2726d62e3b,ENTRY_TOUCHED,4809.55,TP_DYNAMIC,ENTRY_TOUCHED,4675.58,4661.54,4889.61,4661.54,4715.36452,4802.48726,4889.61,5030.55726,4802.48726,4715.36452,4889.61,4889.61,True,True
2026-08-28T03:59:20.000424+00:00,982b0cde-0b91-47f8-b555-3a2726d62e3b,TP_LOCKED,4889.61,ENTRY_TOUCHED,TP_FROZEN,4675.58,4661.54,4889.61,4661.54,4715.36452,4802.48726,4889.61,5030.55726,4802.48726,4715.36452,4889.61,4889.61,True,True
2026-08-28T03:59:20.070438+00:00,982b0cde-0b91-47f8-b555-3a2726d62e3b,TP_HIT,4888.1,TP_FROZEN,COMPLETED,4675.58,4661.54,4889.61,4661.54,4715.36452,4802.48726,4889.61,5030.55726,4802.48726,4715.36452,4889.61,4889.61,True,True
2026-08-28T03:59:20.072518+00:00,e03986e8-8590-44d5-9411-7eff031fb41a,BOS_DETECTED,4926.83,NO_SETUP,BOS_DETECTED,4926.66,4866.98,4963.76,4866.98,4889.8200799999995,4926.79004,4963.76,5023.5700400000005,4926.79004,4889.8200799999995,4963.76,4963.76,True,True
2026-08-28T03:59:20.072518+00:00,e03986e8-8590-44d5-9411-7eff031fb41a,POINT_2_FOUND,4866.98,BOS_DETECTED,POINT_2_IDENTIFIED,4926.66,4866.98,4963.76,4866.98,4889.8200799999995,4926.79004,4963.76,5023.5700400000005,4926.79004,4889.8200799999995,4963.76,4963.76,True,True
2026-08-28T03:59:20.072518+00:00,e03986e8-8590-44d5-9411-7eff031fb41a,SETUP_CREATED,4926.66,POINT_2_IDENTIFIED,FIB_ACTIVE,4926.66,4866.98,4963.76,4866.98,4889.8200799999995,4926.79004,4963.76,5023.5700400000005,4926.79004,4889.8200799999995,4963.76,4963.76,True,True
2026-08-28T03:59:20.072518+00:00,e03986e8-8590-44d5-9411-7eff031fb41a,NEW_VALID_HIGH,4926.66,FIB_ACTIVE,TP_DYNAMIC,4926.66,4866.98,4963.76,4866.98,4889.8200799999995,4926.79004,4963.76,5023.5700400000005,4926.79004,4889.8200799999995,4963.76,4963.76,True,True
2026-08-28T03:59:20.072518+00:00,e03986e8-8590-44d5-9411-7eff031fb41a,TP_UPDATED,4926.66,TP_DYNAMIC,TP_DYNAMIC,4926.66,4866.98,4963.76,4866.98,4889.8200799999995,4926.79004,4963.76,5023.5700400000005,4926.79004,4889.8200799999995,4963.76,4963.76,True,True
2026-08-28T03:59:20.080650+00:00,e03986e8-8590-44d5-9411-7eff031fb41a,NEW_VALID_HIGH,4929.64,TP_DYNAMIC,TP_DYNAMIC,4926.66,4866.98,4963.76,4866.98,4889.8200799999995,4926.79004,4963.76,5023.5700400000005,4926.79004,4889.8200799999995,4963.76,4963.76,True,True
2026-08-28T03:59:20.080650+00:00,e03986e8-8590-44d5-9411-7eff031fb41a,TP_UPDATED,4929.64,TP_DYNAMIC,TP_DYNAMIC,4926.66,4866.98,4963.76,4866.98,4889.8200799999995,4926.79004,4963.76,5023.5700400000005,4926.79004,4889.8200799999995,4963.76,4963.76,True,True
2026-08-28T03:59:20.080650+00:00,e03986e8-8590-44d5-9411-7eff031fb41a,NEW_VALID_HIGH,4943.92,TP_DYNAMIC,TP_DYNAMIC,4926.66,4866.98,4963.76,4866.98,4889.8200799999995,4926.79004,4963.76,5023.5700400000005,4926.79004,4889.8200799999995,4963.76,4963.76,True,True
2026-08-28T03:59:20.080650+00:00,e03986e8-8590-44d5-9411-7eff031fb41a,TP_UPDATED,4943.92,TP_DYNAMIC,TP_DYNAMIC,4926.66,4866.98,4963.76,4866.98,4889.8200799999995,4926.79004,4963.76,5023.5700400000005,4926.79004,4889.8200799999995,4963.76,4963.76,True,True
2026-08-28T03:59:20.088755+00:00,e03986e8-8590-44d5-9411-7eff031fb41a,NEW_VALID_HIGH,4959.49,TP_DYNAMIC,TP_DYNAMIC,4926.66,4866.98,4963.76,4866.98,4889.8200799999995,4926.79004,4963.76,5023.5700400000005,4926.79004,4889.8200799999995,4963.76,4963.76,True,True
2026-08-28T03:59:20.088755+00:00,e03986e8-8590-44d5-9411-7eff031fb41a,TP_UPDATED,4959.49,TP_DYNAMIC,TP_DYNAMIC,4926.66,4866.98,4963.76,4866.98,4889.8200799999995,4926.79004,4963.76,5023.5700400000005,4926.79004,4889.8200799999995,4963.76,4963.76,True,True
2026-08-28T03:59:20.090307+00:00,e03986e8-8590-44d5-9411-7eff031fb41a,NEW_VALID_HIGH,4963.76,TP_DYNAMIC,TP_DYNAMIC,4926.66,4866.98,4963.76,4866.98,4889.8200799999995,4926.79004,4963.76,5023.5700400000005,4926.79004,4889.8200799999995,4963.76,4963.76,True,True
2026-08-28T03:59:20.090307+00:00,e03986e8-8590-44d5-9411-7eff031fb41a,TP_UPDATED,4963.76,TP_DYNAMIC,TP_DYNAMIC,4926.66,4866.98,4963.76,4866.98,4889.8200799999995,4926.79004,4963.76,5023.5700400000005,4926.79004,4889.8200799999995,4963.76,4963.76,True,True
2026-08-28T03:59:20.113610+00:00,e03986e8-8590-44d5-9411-7eff031fb41a,ENTRY_TOUCHED,4913.52,TP_DYNAMIC,ENTRY_TOUCHED,4926.66,4866.98,4963.76,4866.98,4889.8200799999995,4926.79004,4963.76,5023.5700400000005,4926.79004,4889.8200799999995,4963.76,4963.76,True,True
2026-08-28T03:59:20.113610+00:00,e03986e8-8590-44d5-9411-7eff031fb41a,TP_LOCKED,4963.76,ENTRY_TOUCHED,TP_FROZEN,4926.66,4866.98,4963.76,4866.98,4889.8200799999995,4926.79004,4963.76,5023.5700400000005,4926.79004,4889.8200799999995,4963.76,4963.76,True,True
2026-08-28T03:59:20.130245+00:00,e03986e8-8590-44d5-9411-7eff031fb41a,TP_HIT,4962.71,TP_FROZEN,COMPLETED,4926.66,4866.98,4963.76,4866.98,4889.8200799999995,4926.79004,4963.76,5023.5700400000005,4926.79004,4889.8200799999995,4963.76,4963.76,True,True
2026-08-28T03:59:20.153080+00:00,906392de-3da5-4607-9198-5adcb00b91a3,BOS_DETECTED,4989.66,NO_SETUP,BOS_DETECTED,4989.48,4972.95,5009.38,4972.95,4981.54748,4995.46374,5009.38,5031.89374,4995.46374,4981.54748,5009.38,5009.38,True,True
2026-08-28T03:59:20.153080+00:00,906392de-3da5-4607-9198-5adcb00b91a3,POINT_2_FOUND,4972.95,BOS_DETECTED,POINT_2_IDENTIFIED,4989.48,4972.95,5009.38,4972.95,4981.54748,4995.46374,5009.38,5031.89374,4995.46374,4981.54748,5009.38,5009.38,True,True
2026-08-28T03:59:20.153080+00:00,906392de-3da5-4607-9198-5adcb00b91a3,SETUP_CREATED,4989.48,POINT_2_IDENTIFIED,FIB_ACTIVE,4989.48,4972.95,5009.38,4972.95,4981.54748,4995.46374,5009.38,5031.89374,4995.46374,4981.54748,5009.38,5009.38,True,True
2026-08-28T03:59:20.154830+00:00,906392de-3da5-4607-9198-5adcb00b91a3,NEW_VALID_HIGH,4989.48,FIB_ACTIVE,TP_DYNAMIC,4989.48,4972.95,5009.38,4972.95,4981.54748,4995.46374,5009.38,5031.89374,4995.46374,4981.54748,5009.38,5009.38,True,True
2026-08-28T03:59:20.154830+00:00,906392de-3da5-4607-9198-5adcb00b91a3,TP_UPDATED,4989.48,TP_DYNAMIC,TP_DYNAMIC,4989.48,4972.95,5009.38,4972.95,4981.54748,4995.46374,5009.38,5031.89374,4995.46374,4981.54748,5009.38,5009.38,True,True
2026-08-28T03:59:20.162893+00:00,906392de-3da5-4607-9198-5adcb00b91a3,NEW_VALID_HIGH,5009.38,TP_DYNAMIC,TP_DYNAMIC,4989.48,4972.95,5009.38,4972.95,4981.54748,4995.46374,5009.38,5031.89374,4995.46374,4981.54748,5009.38,5009.38,True,True
2026-08-28T03:59:20.162893+00:00,906392de-3da5-4607-9198-5adcb00b91a3,TP_UPDATED,5009.38,TP_DYNAMIC,TP_DYNAMIC,4989.48,4972.95,5009.38,4972.95,4981.54748,4995.46374,5009.38,5031.89374,4995.46374,4981.54748,5009.38,5009.38,True,True
2026-08-28T03:59:20.162893+00:00,906392de-3da5-4607-9198-5adcb00b91a3,ENTRY_TOUCHED,4995.66,TP_DYNAMIC,ENTRY_TOUCHED,4989.48,4972.95,5009.38,4972.95,4981.54748,4995.46374,5009.38,5031.89374,4995.46374,4981.54748,5009.38,5009.38,True,True
2026-08-28T03:59:20.162893+00:00,906392de-3da5-4607-9198-5adcb00b91a3,TP_LOCKED,5009.38,ENTRY_TOUCHED,TP_FROZEN,4989.48,4972.95,5009.38,4972.95,4981.54748,4995.46374,5009.38,5031.89374,4995.46374,4981.54748,5009.38,5009.38,True,True
2026-08-28T03:59:20.200385+00:00,906392de-3da5-4607-9198-5adcb00b91a3,TP_HIT,5018.15,TP_FROZEN,COMPLETED,4989.48,4972.95,5009.38,4972.95,4981.54748,4995.46374,5009.38,5031.89374,4995.46374,4981.54748,5009.38,5009.38,True,True
2026-08-28T03:59:20.213089+00:00,af21ee19-f4c5-4752-99ab-e83c4101bcde,BOS_DETECTED,5019.8,NO_SETUP,BOS_DETECTED,5018.55,5001.96,5018.55,5001.96,5005.87524,5012.21262,5018.55,5028.80262,5012.21262,5005.87524,5018.55,5018.55,True,True
2026-08-28T03:59:20.213089+00:00,af21ee19-f4c5-4752-99ab-e83c4101bcde,POINT_2_FOUND,5001.96,BOS_DETECTED,POINT_2_IDENTIFIED,5018.55,5001.96,5018.55,5001.96,5005.87524,5012.21262,5018.55,5028.80262,5012.21262,5005.87524,5018.55,5018.55,True,True
2026-08-28T03:59:20.213089+00:00,af21ee19-f4c5-4752-99ab-e83c4101bcde,SETUP_CREATED,5018.55,POINT_2_IDENTIFIED,FIB_ACTIVE,5018.55,5001.96,5018.55,5001.96,5005.87524,5012.21262,5018.55,5028.80262,5012.21262,5005.87524,5018.55,5018.55,True,True
2026-08-28T03:59:20.213089+00:00,af21ee19-f4c5-4752-99ab-e83c4101bcde,NEW_VALID_HIGH,5018.55,FIB_ACTIVE,TP_DYNAMIC,5018.55,5001.96,5018.55,5001.96,5005.87524,5012.21262,5018.55,5028.80262,5012.21262,5005.87524,5018.55,5018.55,True,True
2026-08-28T03:59:20.213089+00:00,af21ee19-f4c5-4752-99ab-e83c4101bcde,TP_UPDATED,5018.55,TP_DYNAMIC,TP_DYNAMIC,5018.55,5001.96,5018.55,5001.96,5005.87524,5012.21262,5018.55,5028.80262,5012.21262,5005.87524,5018.55,5018.55,True,True
2026-08-28T03:59:20.213089+00:00,af21ee19-f4c5-4752-99ab-e83c4101bcde,ENTRY_TOUCHED,5019.8,TP_DYNAMIC,ENTRY_TOUCHED,5018.55,5001.96,5018.55,5001.96,5005.87524,5012.21262,5018.55,5028.80262,5012.21262,5005.87524,5018.55,5018.55,True,True
2026-08-28T03:59:20.213089+00:00,af21ee19-f4c5-4752-99ab-e83c4101bcde,TP_LOCKED,5018.55,ENTRY_TOUCHED,TP_FROZEN,5018.55,5001.96,5018.55,5001.96,5005.87524,5012.21262,5018.55,5028.80262,5012.21262,5005.87524,5018.55,5018.55,True,True
2026-08-28T03:59:20.213089+00:00,af21ee19-f4c5-4752-99ab-e83c4101bcde,TP_HIT,5024.0,TP_FROZEN,COMPLETED,5018.55,5001.96,5018.55,5001.96,5005.87524,5012.21262,5018.55,5028.80262,5012.21262,5005.87524,5018.55,5018.55,True,True
2026-08-28T03:59:20.230424+00:00,1cb22d68-5a4e-4d0d-84e1-0ac7f7615a74,BOS_DETECTED,5014.01,NO_SETUP,BOS_DETECTED,5011.28,4995.2,5011.28,4995.2,4998.99488,5005.1374399999995,5011.28,5021.217439999999,5005.1374399999995,4998.99488,5011.28,5011.28,True,True
2026-08-28T03:59:20.230424+00:00,1cb22d68-5a4e-4d0d-84e1-0ac7f7615a74,POINT_2_FOUND,4995.2,BOS_DETECTED,POINT_2_IDENTIFIED,5011.28,4995.2,5011.28,4995.2,4998.99488,5005.1374399999995,5011.28,5021.217439999999,5005.1374399999995,4998.99488,5011.28,5011.28,True,True
2026-08-28T03:59:20.230424+00:00,1cb22d68-5a4e-4d0d-84e1-0ac7f7615a74,SETUP_CREATED,5011.28,POINT_2_IDENTIFIED,FIB_ACTIVE,5011.28,4995.2,5011.28,4995.2,4998.99488,5005.1374399999995,5011.28,5021.217439999999,5005.1374399999995,4998.99488,5011.28,5011.28,True,True
2026-08-28T03:59:20.230424+00:00,1cb22d68-5a4e-4d0d-84e1-0ac7f7615a74,NEW_VALID_HIGH,5011.28,FIB_ACTIVE,TP_DYNAMIC,5011.28,4995.2,5011.28,4995.2,4998.99488,5005.1374399999995,5011.28,5021.217439999999,5005.1374399999995,4998.99488,5011.28,5011.28,True,True
2026-08-28T03:59:20.230424+00:00,1cb22d68-5a4e-4d0d-84e1-0ac7f7615a74,TP_UPDATED,5011.28,TP_DYNAMIC,TP_DYNAMIC,5011.28,4995.2,5011.28,4995.2,4998.99488,5005.1374399999995,5011.28,5021.217439999999,5005.1374399999995,4998.99488,5011.28,5011.28,True,True
2026-08-28T03:59:20.230424+00:00,1cb22d68-5a4e-4d0d-84e1-0ac7f7615a74,ENTRY_TOUCHED,5014.01,TP_DYNAMIC,ENTRY_TOUCHED,5011.28,4995.2,5011.28,4995.2,4998.99488,5005.1374399999995,5011.28,5021.217439999999,5005.1374399999995,4998.99488,5011.28,5011.28,True,True
2026-08-28T03:59:20.230424+00:00,1cb22d68-5a4e-4d0d-84e1-0ac7f7615a74,TP_LOCKED,5011.28,ENTRY_TOUCHED,TP_FROZEN,5011.28,4995.2,5011.28,4995.2,4998.99488,5005.1374399999995,5011.28,5021.217439999999,5005.1374399999995,4998.99488,5011.28,5011.28,True,True
2026-08-28T03:59:20.230424+00:00,1cb22d68-5a4e-4d0d-84e1-0ac7f7615a74,TP_HIT,5005.44,TP_FROZEN,COMPLETED,5011.28,4995.2,5011.28,4995.2,4998.99488,5005.1374399999995,5011.28,5021.217439999999,5005.1374399999995,4998.99488,5011.28,5011.28,True,True
2026-08-28T03:59:20.254476+00:00,c2efb0d9-69f7-4a0a-b78d-2b9a8828d847,BOS_DETECTED,5004.61,NO_SETUP,BOS_DETECTED,5004.4,4995.02,5004.4,4995.02,4997.23368,5000.8168399999995,5004.4,5010.196839999999,5000.8168399999995,4997.23368,5004.4,5004.4,True,True
2026-08-28T03:59:20.254476+00:00,c2efb0d9-69f7-4a0a-b78d-2b9a8828d847,POINT_2_FOUND,4995.02,BOS_DETECTED,POINT_2_IDENTIFIED,5004.4,4995.02,5004.4,4995.02,4997.23368,5000.8168399999995,5004.4,5010.196839999999,5000.8168399999995,4997.23368,5004.4,5004.4,True,True
2026-08-28T03:59:20.254476+00:00,c2efb0d9-69f7-4a0a-b78d-2b9a8828d847,SETUP_CREATED,5004.4,POINT_2_IDENTIFIED,FIB_ACTIVE,5004.4,4995.02,5004.4,4995.02,4997.23368,5000.8168399999995,5004.4,5010.196839999999,5000.8168399999995,4997.23368,5004.4,5004.4,True,True
2026-08-28T03:59:20.254476+00:00,c2efb0d9-69f7-4a0a-b78d-2b9a8828d847,NEW_VALID_HIGH,5004.4,FIB_ACTIVE,TP_DYNAMIC,5004.4,4995.02,5004.4,4995.02,4997.23368,5000.8168399999995,5004.4,5010.196839999999,5000.8168399999995,4997.23368,5004.4,5004.4,True,True
2026-08-28T03:59:20.254476+00:00,c2efb0d9-69f7-4a0a-b78d-2b9a8828d847,TP_UPDATED,5004.4,TP_DYNAMIC,TP_DYNAMIC,5004.4,4995.02,5004.4,4995.02,4997.23368,5000.8168399999995,5004.4,5010.196839999999,5000.8168399999995,4997.23368,5004.4,5004.4,True,True
2026-08-28T03:59:20.254476+00:00,c2efb0d9-69f7-4a0a-b78d-2b9a8828d847,ENTRY_TOUCHED,5004.61,TP_DYNAMIC,ENTRY_TOUCHED,5004.4,4995.02,5004.4,4995.02,4997.23368,5000.8168399999995,5004.4,5010.196839999999,5000.8168399999995,4997.23368,5004.4,5004.4,True,True
2026-08-28T03:59:20.254476+00:00,c2efb0d9-69f7-4a0a-b78d-2b9a8828d847,TP_LOCKED,5004.4,ENTRY_TOUCHED,TP_FROZEN,5004.4,4995.02,5004.4,4995.02,4997.23368,5000.8168399999995,5004.4,5010.196839999999,5000.8168399999995,4997.23368,5004.4,5004.4,True,True
2026-08-28T03:59:20.254476+00:00,c2efb0d9-69f7-4a0a-b78d-2b9a8828d847,TP_HIT,5000.51,TP_FROZEN,COMPLETED,5004.4,4995.02,5004.4,4995.02,4997.23368,5000.8168399999995,5004.4,5010.196839999999,5000.8168399999995,4997.23368,5004.4,5004.4,True,True
2026-08-28T03:59:20.254476+00:00,84de83c6-a94b-402b-a128-ea7504d88c02,BOS_DETECTED,5007.59,NO_SETUP,BOS_DETECTED,5005.99,4995.02,5012.84,4995.02,4999.22552,5006.03276,5012.84,5023.85276,5006.03276,4999.22552,5012.84,5012.84,True,True
2026-08-28T03:59:20.254476+00:00,84de83c6-a94b-402b-a128-ea7504d88c02,POINT_2_FOUND,4995.02,BOS_DETECTED,POINT_2_IDENTIFIED,5005.99,4995.02,5012.84,4995.02,4999.22552,5006.03276,5012.84,5023.85276,5006.03276,4999.22552,5012.84,5012.84,True,True
2026-08-28T03:59:20.254476+00:00,84de83c6-a94b-402b-a128-ea7504d88c02,SETUP_CREATED,5005.99,POINT_2_IDENTIFIED,FIB_ACTIVE,5005.99,4995.02,5012.84,4995.02,4999.22552,5006.03276,5012.84,5023.85276,5006.03276,4999.22552,5012.84,5012.84,True,True
2026-08-28T03:59:20.254476+00:00,84de83c6-a94b-402b-a128-ea7504d88c02,NEW_VALID_HIGH,5005.99,FIB_ACTIVE,TP_DYNAMIC,5005.99,4995.02,5012.84,4995.02,4999.22552,5006.03276,5012.84,5023.85276,5006.03276,4999.22552,5012.84,5012.84,True,True
2026-08-28T03:59:20.254476+00:00,84de83c6-a94b-402b-a128-ea7504d88c02,TP_UPDATED,5005.99,TP_DYNAMIC,TP_DYNAMIC,5005.99,4995.02,5012.84,4995.02,4999.22552,5006.03276,5012.84,5023.85276,5006.03276,4999.22552,5012.84,5012.84,True,True
2026-08-28T03:59:20.260458+00:00,84de83c6-a94b-402b-a128-ea7504d88c02,NEW_VALID_HIGH,5012.84,TP_DYNAMIC,TP_DYNAMIC,5005.99,4995.02,5012.84,4995.02,4999.22552,5006.03276,5012.84,5023.85276,5006.03276,4999.22552,5012.84,5012.84,True,True
2026-08-28T03:59:20.260458+00:00,84de83c6-a94b-402b-a128-ea7504d88c02,TP_UPDATED,5012.84,TP_DYNAMIC,TP_DYNAMIC,5005.99,4995.02,5012.84,4995.02,4999.22552,5006.03276,5012.84,5023.85276,5006.03276,4999.22552,5012.84,5012.84,True,True
2026-08-28T03:59:20.260458+00:00,84de83c6-a94b-402b-a128-ea7504d88c02,ENTRY_TOUCHED,5006.17,TP_DYNAMIC,ENTRY_TOUCHED,5005.99,4995.02,5012.84,4995.02,4999.22552,5006.03276,5012.84,5023.85276,5006.03276,4999.22552,5012.84,5012.84,True,True
2026-08-28T03:59:20.260458+00:00,84de83c6-a94b-402b-a128-ea7504d88c02,TP_LOCKED,5012.84,ENTRY_TOUCHED,TP_FROZEN,5005.99,4995.02,5012.84,4995.02,4999.22552,5006.03276,5012.84,5023.85276,5006.03276,4999.22552,5012.84,5012.84,True,True
2026-08-28T03:59:20.265284+00:00,84de83c6-a94b-402b-a128-ea7504d88c02,TP_HIT,5023.95,TP_FROZEN,COMPLETED,5005.99,4995.02,5012.84,4995.02,4999.22552,5006.03276,5012.84,5023.85276,5006.03276,4999.22552,5012.84,5012.84,True,True
2026-08-28T03:59:20.294043+00:00,279384f1-190f-4473-b3c1-33069cf46f0f,BOS_DETECTED,5053.15,NO_SETUP,BOS_DETECTED,5051.25,5007.2,5051.25,5007.2,5017.5958,5034.4229,5051.25,5078.4729,5034.4229,5017.5958,5051.25,5051.25,True,True
2026-08-28T03:59:20.294043+00:00,279384f1-190f-4473-b3c1-33069cf46f0f,POINT_2_FOUND,5007.2,BOS_DETECTED,POINT_2_IDENTIFIED,5051.25,5007.2,5051.25,5007.2,5017.5958,5034.4229,5051.25,5078.4729,5034.4229,5017.5958,5051.25,5051.25,True,True
2026-08-28T03:59:20.294043+00:00,279384f1-190f-4473-b3c1-33069cf46f0f,SETUP_CREATED,5051.25,POINT_2_IDENTIFIED,FIB_ACTIVE,5051.25,5007.2,5051.25,5007.2,5017.5958,5034.4229,5051.25,5078.4729,5034.4229,5017.5958,5051.25,5051.25,True,True
2026-08-28T03:59:20.294043+00:00,279384f1-190f-4473-b3c1-33069cf46f0f,NEW_VALID_HIGH,5051.25,FIB_ACTIVE,TP_DYNAMIC,5051.25,5007.2,5051.25,5007.2,5017.5958,5034.4229,5051.25,5078.4729,5034.4229,5017.5958,5051.25,5051.25,True,True
2026-08-28T03:59:20.294043+00:00,279384f1-190f-4473-b3c1-33069cf46f0f,TP_UPDATED,5051.25,TP_DYNAMIC,TP_DYNAMIC,5051.25,5007.2,5051.25,5007.2,5017.5958,5034.4229,5051.25,5078.4729,5034.4229,5017.5958,5051.25,5051.25,True,True
2026-08-28T03:59:20.296988+00:00,279384f1-190f-4473-b3c1-33069cf46f0f,ENTRY_TOUCHED,5053.15,TP_DYNAMIC,ENTRY_TOUCHED,5051.25,5007.2,5051.25,5007.2,5017.5958,5034.4229,5051.25,5078.4729,5034.4229,5017.5958,5051.25,5051.25,True,True
2026-08-28T03:59:20.296988+00:00,279384f1-190f-4473-b3c1-33069cf46f0f,TP_LOCKED,5051.25,ENTRY_TOUCHED,TP_FROZEN,5051.25,5007.2,5051.25,5007.2,5017.5958,5034.4229,5051.25,5078.4729,5034.4229,5017.5958,5051.25,5051.25,True,True
2026-08-28T03:59:20.296988+00:00,279384f1-190f-4473-b3c1-33069cf46f0f,TP_HIT,5070.75,TP_FROZEN,COMPLETED,5051.25,5007.2,5051.25,5007.2,5017.5958,5034.4229,5051.25,5078.4729,5034.4229,5017.5958,5051.25,5051.25,True,True
2026-08-28T03:59:20.310187+00:00,43870734-b1b2-444f-b61e-fcdd342c5281,BOS_DETECTED,5079.5,NO_SETUP,BOS_DETECTED,5077.0,5026.0,5110.47,5026.0,5045.93492,5078.20246,5110.47,5162.672460000001,5078.20246,5045.93492,5110.47,5110.47,True,True
2026-08-28T03:59:20.310187+00:00,43870734-b1b2-444f-b61e-fcdd342c5281,POINT_2_FOUND,5026.0,BOS_DETECTED,POINT_2_IDENTIFIED,5077.0,5026.0,5110.47,5026.0,5045.93492,5078.20246,5110.47,5162.672460000001,5078.20246,5045.93492,5110.47,5110.47,True,True
2026-08-28T03:59:20.310187+00:00,43870734-b1b2-444f-b61e-fcdd342c5281,SETUP_CREATED,5077.0,POINT_2_IDENTIFIED,FIB_ACTIVE,5077.0,5026.0,5110.47,5026.0,5045.93492,5078.20246,5110.47,5162.672460000001,5078.20246,5045.93492,5110.47,5110.47,True,True
2026-08-28T03:59:20.310187+00:00,43870734-b1b2-444f-b61e-fcdd342c5281,NEW_VALID_HIGH,5077.0,FIB_ACTIVE,TP_DYNAMIC,5077.0,5026.0,5110.47,5026.0,5045.93492,5078.20246,5110.47,5162.672460000001,5078.20246,5045.93492,5110.47,5110.47,True,True
2026-08-28T03:59:20.310187+00:00,43870734-b1b2-444f-b61e-fcdd342c5281,TP_UPDATED,5077.0,TP_DYNAMIC,TP_DYNAMIC,5077.0,5026.0,5110.47,5026.0,5045.93492,5078.20246,5110.47,5162.672460000001,5078.20246,5045.93492,5110.47,5110.47,True,True
2026-08-28T03:59:20.310187+00:00,43870734-b1b2-444f-b61e-fcdd342c5281,NEW_VALID_HIGH,5110.47,TP_DYNAMIC,TP_DYNAMIC,5077.0,5026.0,5110.47,5026.0,5045.93492,5078.20246,5110.47,5162.672460000001,5078.20246,5045.93492,5110.47,5110.47,True,True
2026-08-28T03:59:20.310187+00:00,43870734-b1b2-444f-b61e-fcdd342c5281,TP_UPDATED,5110.47,TP_DYNAMIC,TP_DYNAMIC,5077.0,5026.0,5110.47,5026.0,5045.93492,5078.20246,5110.47,5162.672460000001,5078.20246,5045.93492,5110.47,5110.47,True,True
2026-08-28T03:59:20.330184+00:00,43870734-b1b2-444f-b61e-fcdd342c5281,ENTRY_TOUCHED,5086.82,TP_DYNAMIC,ENTRY_TOUCHED,5077.0,5026.0,5110.47,5026.0,5045.93492,5078.20246,5110.47,5162.672460000001,5078.20246,5045.93492,5110.47,5110.47,True,True
2026-08-28T03:59:20.330184+00:00,43870734-b1b2-444f-b61e-fcdd342c5281,TP_LOCKED,5110.47,ENTRY_TOUCHED,TP_FROZEN,5077.0,5026.0,5110.47,5026.0,5045.93492,5078.20246,5110.47,5162.672460000001,5078.20246,5045.93492,5110.47,5110.47,True,True
2026-08-28T03:59:20.343037+00:00,43870734-b1b2-444f-b61e-fcdd342c5281,SL_HIT,5064.54,TP_FROZEN,COMPLETED,5077.0,5026.0,5110.47,5026.0,5045.93492,5078.20246,5110.47,5162.672460000001,5078.20246,5045.93492,5110.47,5110.47,True,True
2026-08-28T03:59:20.360175+00:00,a6653f5b-f7bd-48e5-9d93-f1bc4a0a0596,BOS_DETECTED,5067.86,NO_SETUP,BOS_DETECTED,5060.0,4973.39,5060.0,4973.39,4993.82996,5026.9149800000005,5060.0,5113.52498,5026.9149800000005,4993.82996,5060.0,5060.0,True,True
2026-08-28T03:59:20.360175+00:00,a6653f5b-f7bd-48e5-9d93-f1bc4a0a0596,POINT_2_FOUND,4973.39,BOS_DETECTED,POINT_2_IDENTIFIED,5060.0,4973.39,5060.0,4973.39,4993.82996,5026.9149800000005,5060.0,5113.52498,5026.9149800000005,4993.82996,5060.0,5060.0,True,True
2026-08-28T03:59:20.360175+00:00,a6653f5b-f7bd-48e5-9d93-f1bc4a0a0596,SETUP_CREATED,5060.0,POINT_2_IDENTIFIED,FIB_ACTIVE,5060.0,4973.39,5060.0,4973.39,4993.82996,5026.9149800000005,5060.0,5113.52498,5026.9149800000005,4993.82996,5060.0,5060.0,True,True
2026-08-28T03:59:20.360175+00:00,a6653f5b-f7bd-48e5-9d93-f1bc4a0a0596,NEW_VALID_HIGH,5060.0,FIB_ACTIVE,TP_DYNAMIC,5060.0,4973.39,5060.0,4973.39,4993.82996,5026.9149800000005,5060.0,5113.52498,5026.9149800000005,4993.82996,5060.0,5060.0,True,True
2026-08-28T03:59:20.360175+00:00,a6653f5b-f7bd-48e5-9d93-f1bc4a0a0596,TP_UPDATED,5060.0,TP_DYNAMIC,TP_DYNAMIC,5060.0,4973.39,5060.0,4973.39,4993.82996,5026.9149800000005,5060.0,5113.52498,5026.9149800000005,4993.82996,5060.0,5060.0,True,True
2026-08-28T03:59:20.360175+00:00,a6653f5b-f7bd-48e5-9d93-f1bc4a0a0596,ENTRY_TOUCHED,5067.86,TP_DYNAMIC,ENTRY_TOUCHED,5060.0,4973.39,5060.0,4973.39,4993.82996,5026.9149800000005,5060.0,5113.52498,5026.9149800000005,4993.82996,5060.0,5060.0,True,True
2026-08-28T03:59:20.360175+00:00,a6653f5b-f7bd-48e5-9d93-f1bc4a0a0596,TP_LOCKED,5060.0,ENTRY_TOUCHED,TP_FROZEN,5060.0,4973.39,5060.0,4973.39,4993.82996,5026.9149800000005,5060.0,5113.52498,5026.9149800000005,4993.82996,5060.0,5060.0,True,True
2026-08-28T03:59:20.360175+00:00,a6653f5b-f7bd-48e5-9d93-f1bc4a0a0596,TP_HIT,5064.58,TP_FROZEN,COMPLETED,5060.0,4973.39,5060.0,4973.39,4993.82996,5026.9149800000005,5060.0,5113.52498,5026.9149800000005,4993.82996,5060.0,5060.0,True,True
2026-08-28T03:59:20.366374+00:00,85dc0a89-af78-4999-9a6b-dfcd4151c95e,BOS_DETECTED,5075.49,NO_SETUP,BOS_DETECTED,5073.0,5014.09,5100.95,5014.09,5034.58896,5067.76948,5100.95,5154.62948,5067.76948,5034.58896,5100.95,5100.95,True,True
2026-08-28T03:59:20.366374+00:00,85dc0a89-af78-4999-9a6b-dfcd4151c95e,POINT_2_FOUND,5014.09,BOS_DETECTED,POINT_2_IDENTIFIED,5073.0,5014.09,5100.95,5014.09,5034.58896,5067.76948,5100.95,5154.62948,5067.76948,5034.58896,5100.95,5100.95,True,True
2026-08-28T03:59:20.366374+00:00,85dc0a89-af78-4999-9a6b-dfcd4151c95e,SETUP_CREATED,5073.0,POINT_2_IDENTIFIED,FIB_ACTIVE,5073.0,5014.09,5100.95,5014.09,5034.58896,5067.76948,5100.95,5154.62948,5067.76948,5034.58896,5100.95,5100.95,True,True
2026-08-28T03:59:20.366374+00:00,85dc0a89-af78-4999-9a6b-dfcd4151c95e,NEW_VALID_HIGH,5073.0,FIB_ACTIVE,TP_DYNAMIC,5073.0,5014.09,5100.95,5014.09,5034.58896,5067.76948,5100.95,5154.62948,5067.76948,5034.58896,5100.95,5100.95,True,True
2026-08-28T03:59:20.366374+00:00,85dc0a89-af78-4999-9a6b-dfcd4151c95e,TP_UPDATED,5073.0,TP_DYNAMIC,TP_DYNAMIC,5073.0,5014.09,5100.95,5014.09,5034.58896,5067.76948,5100.95,5154.62948,5067.76948,5034.58896,5100.95,5100.95,True,True
2026-08-28T03:59:20.366374+00:00,85dc0a89-af78-4999-9a6b-dfcd4151c95e,NEW_VALID_HIGH,5077.0,TP_DYNAMIC,TP_DYNAMIC,5073.0,5014.09,5100.95,5014.09,5034.58896,5067.76948,5100.95,5154.62948,5067.76948,5034.58896,5100.95,5100.95,True,True
2026-08-28T03:59:20.366374+00:00,85dc0a89-af78-4999-9a6b-dfcd4151c95e,TP_UPDATED,5077.0,TP_DYNAMIC,TP_DYNAMIC,5073.0,5014.09,5100.95,5014.09,5034.58896,5067.76948,5100.95,5154.62948,5067.76948,5034.58896,5100.95,5100.95,True,True
2026-08-28T03:59:20.374601+00:00,85dc0a89-af78-4999-9a6b-dfcd4151c95e,NEW_VALID_HIGH,5079.71,TP_DYNAMIC,TP_DYNAMIC,5073.0,5014.09,5100.95,5014.09,5034.58896,5067.76948,5100.95,5154.62948,5067.76948,5034.58896,5100.95,5100.95,True,True
2026-08-28T03:59:20.374601+00:00,85dc0a89-af78-4999-9a6b-dfcd4151c95e,TP_UPDATED,5079.71,TP_DYNAMIC,TP_DYNAMIC,5073.0,5014.09,5100.95,5014.09,5034.58896,5067.76948,5100.95,5154.62948,5067.76948,5034.58896,5100.95,5100.95,True,True
2026-08-28T03:59:20.382940+00:00,85dc0a89-af78-4999-9a6b-dfcd4151c95e,NEW_VALID_HIGH,5098.67,TP_DYNAMIC,TP_DYNAMIC,5073.0,5014.09,5100.95,5014.09,5034.58896,5067.76948,5100.95,5154.62948,5067.76948,5034.58896,5100.95,5100.95,True,True
2026-08-28T03:59:20.382940+00:00,85dc0a89-af78-4999-9a6b-dfcd4151c95e,TP_UPDATED,5098.67,TP_DYNAMIC,TP_DYNAMIC,5073.0,5014.09,5100.95,5014.09,5034.58896,5067.76948,5100.95,5154.62948,5067.76948,5034.58896,5100.95,5100.95,True,True
2026-08-28T03:59:20.382940+00:00,85dc0a89-af78-4999-9a6b-dfcd4151c95e,NEW_VALID_HIGH,5100.95,TP_DYNAMIC,TP_DYNAMIC,5073.0,5014.09,5100.95,5014.09,5034.58896,5067.76948,5100.95,5154.62948,5067.76948,5034.58896,5100.95,5100.95,True,True
2026-08-28T03:59:20.382940+00:00,85dc0a89-af78-4999-9a6b-dfcd4151c95e,TP_UPDATED,5100.95,TP_DYNAMIC,TP_DYNAMIC,5073.0,5014.09,5100.95,5014.09,5034.58896,5067.76948,5100.95,5154.62948,5067.76948,5034.58896,5100.95,5100.95,True,True
2026-08-28T03:59:20.399441+00:00,85dc0a89-af78-4999-9a6b-dfcd4151c95e,ENTRY_TOUCHED,5063.65,TP_DYNAMIC,ENTRY_TOUCHED,5073.0,5014.09,5100.95,5014.09,5034.58896,5067.76948,5100.95,5154.62948,5067.76948,5034.58896,5100.95,5100.95,True,True
2026-08-28T03:59:20.399441+00:00,85dc0a89-af78-4999-9a6b-dfcd4151c95e,TP_LOCKED,5100.95,ENTRY_TOUCHED,TP_FROZEN,5073.0,5014.09,5100.95,5014.09,5034.58896,5067.76948,5100.95,5154.62948,5067.76948,5034.58896,5100.95,5100.95,True,True
2026-08-28T03:59:20.414466+00:00,85dc0a89-af78-4999-9a6b-dfcd4151c95e,TP_HIT,5098.2,TP_FROZEN,COMPLETED,5073.0,5014.09,5100.95,5014.09,5034.58896,5067.76948,5100.95,5154.62948,5067.76948,5034.58896,5100.95,5100.95,True,True
2026-08-28T03:59:20.430003+00:00,bf0139fa-87f9-43f1-a61e-bdc43c7ff455,BOS_DETECTED,5211.11,NO_SETUP,BOS_DETECTED,5195.0,5160.0,5316.72,5160.0,5196.98592,5256.85296,5316.72,5413.57296,5256.85296,5196.98592,5316.72,5316.72,True,True
2026-08-28T03:59:20.430003+00:00,bf0139fa-87f9-43f1-a61e-bdc43c7ff455,POINT_2_FOUND,5160.0,BOS_DETECTED,POINT_2_IDENTIFIED,5195.0,5160.0,5316.72,5160.0,5196.98592,5256.85296,5316.72,5413.57296,5256.85296,5196.98592,5316.72,5316.72,True,True
2026-08-28T03:59:20.430003+00:00,bf0139fa-87f9-43f1-a61e-bdc43c7ff455,SETUP_CREATED,5195.0,POINT_2_IDENTIFIED,FIB_ACTIVE,5195.0,5160.0,5316.72,5160.0,5196.98592,5256.85296,5316.72,5413.57296,5256.85296,5196.98592,5316.72,5316.72,True,True
2026-08-28T03:59:20.430003+00:00,bf0139fa-87f9-43f1-a61e-bdc43c7ff455,NEW_VALID_HIGH,5195.0,FIB_ACTIVE,TP_DYNAMIC,5195.0,5160.0,5316.72,5160.0,5196.98592,5256.85296,5316.72,5413.57296,5256.85296,5196.98592,5316.72,5316.72,True,True
2026-08-28T03:59:20.430003+00:00,bf0139fa-87f9-43f1-a61e-bdc43c7ff455,TP_UPDATED,5195.0,TP_DYNAMIC,TP_DYNAMIC,5195.0,5160.0,5316.72,5160.0,5196.98592,5256.85296,5316.72,5413.57296,5256.85296,5196.98592,5316.72,5316.72,True,True
2026-08-28T03:59:20.434085+00:00,bf0139fa-87f9-43f1-a61e-bdc43c7ff455,NEW_VALID_HIGH,5249.62,TP_DYNAMIC,TP_DYNAMIC,5195.0,5160.0,5316.72,5160.0,5196.98592,5256.85296,5316.72,5413.57296,5256.85296,5196.98592,5316.72,5316.72,True,True
2026-08-28T03:59:20.434085+00:00,bf0139fa-87f9-43f1-a61e-bdc43c7ff455,TP_UPDATED,5249.62,TP_DYNAMIC,TP_DYNAMIC,5195.0,5160.0,5316.72,5160.0,5196.98592,5256.85296,5316.72,5413.57296,5256.85296,5196.98592,5316.72,5316.72,True,True
2026-08-28T03:59:20.443348+00:00,bf0139fa-87f9-43f1-a61e-bdc43c7ff455,NEW_VALID_HIGH,5272.12,TP_DYNAMIC,TP_DYNAMIC,5195.0,5160.0,5316.72,5160.0,5196.98592,5256.85296,5316.72,5413.57296,5256.85296,5196.98592,5316.72,5316.72,True,True
2026-08-28T03:59:20.443348+00:00,bf0139fa-87f9-43f1-a61e-bdc43c7ff455,TP_UPDATED,5272.12,TP_DYNAMIC,TP_DYNAMIC,5195.0,5160.0,5316.72,5160.0,5196.98592,5256.85296,5316.72,5413.57296,5256.85296,5196.98592,5316.72,5316.72,True,True
2026-08-28T03:59:20.450438+00:00,bf0139fa-87f9-43f1-a61e-bdc43c7ff455,NEW_VALID_HIGH,5316.72,TP_DYNAMIC,TP_DYNAMIC,5195.0,5160.0,5316.72,5160.0,5196.98592,5256.85296,5316.72,5413.57296,5256.85296,5196.98592,5316.72,5316.72,True,True
2026-08-28T03:59:20.451505+00:00,bf0139fa-87f9-43f1-a61e-bdc43c7ff455,TP_UPDATED,5316.72,TP_DYNAMIC,TP_DYNAMIC,5195.0,5160.0,5316.72,5160.0,5196.98592,5256.85296,5316.72,5413.57296,5256.85296,5196.98592,5316.72,5316.72,True,True
2026-08-28T03:59:20.456551+00:00,bf0139fa-87f9-43f1-a61e-bdc43c7ff455,ENTRY_TOUCHED,5263.16,TP_DYNAMIC,ENTRY_TOUCHED,5195.0,5160.0,5316.72,5160.0,5196.98592,5256.85296,5316.72,5413.57296,5256.85296,5196.98592,5316.72,5316.72,True,True
2026-08-28T03:59:20.456551+00:00,bf0139fa-87f9-43f1-a61e-bdc43c7ff455,TP_LOCKED,5316.72,ENTRY_TOUCHED,TP_FROZEN,5195.0,5160.0,5316.72,5160.0,5196.98592,5256.85296,5316.72,5413.57296,5256.85296,5196.98592,5316.72,5316.72,True,True
2026-08-28T03:59:20.477001+00:00,bf0139fa-87f9-43f1-a61e-bdc43c7ff455,TP_HIT,5306.69,TP_FROZEN,COMPLETED,5195.0,5160.0,5316.72,5160.0,5196.98592,5256.85296,5316.72,5413.57296,5256.85296,5196.98592,5316.72,5316.72,True,True
2026-08-28T03:59:20.481087+00:00,d19a559a-a60f-4281-8004-915a947df1e1,BOS_DETECTED,5353.79,NO_SETUP,BOS_DETECTED,5325.72,5240.0,5625.34,5240.0,5330.94024,5478.14012,5625.34,5863.48012,5478.14012,5330.94024,5625.34,5625.34,True,True
2026-08-28T03:59:20.481087+00:00,d19a559a-a60f-4281-8004-915a947df1e1,POINT_2_FOUND,5240.0,BOS_DETECTED,POINT_2_IDENTIFIED,5325.72,5240.0,5625.34,5240.0,5330.94024,5478.14012,5625.34,5863.48012,5478.14012,5330.94024,5625.34,5625.34,True,True
2026-08-28T03:59:20.481087+00:00,d19a559a-a60f-4281-8004-915a947df1e1,SETUP_CREATED,5325.72,POINT_2_IDENTIFIED,FIB_ACTIVE,5325.72,5240.0,5625.34,5240.0,5330.94024,5478.14012,5625.34,5863.48012,5478.14012,5330.94024,5625.34,5625.34,True,True
2026-08-28T03:59:20.481087+00:00,d19a559a-a60f-4281-8004-915a947df1e1,NEW_VALID_HIGH,5325.72,FIB_ACTIVE,TP_DYNAMIC,5325.72,5240.0,5625.34,5240.0,5330.94024,5478.14012,5625.34,5863.48012,5478.14012,5330.94024,5625.34,5625.34,True,True
2026-08-28T03:59:20.481087+00:00,d19a559a-a60f-4281-8004-915a947df1e1,TP_UPDATED,5325.72,TP_DYNAMIC,TP_DYNAMIC,5325.72,5240.0,5625.34,5240.0,5330.94024,5478.14012,5625.34,5863.48012,5478.14012,5330.94024,5625.34,5625.34,True,True
2026-08-28T03:59:20.490153+00:00,d19a559a-a60f-4281-8004-915a947df1e1,NEW_VALID_HIGH,5625.34,TP_DYNAMIC,TP_DYNAMIC,5325.72,5240.0,5625.34,5240.0,5330.94024,5478.14012,5625.34,5863.48012,5478.14012,5330.94024,5625.34,5625.34,True,True
2026-08-28T03:59:20.490153+00:00,d19a559a-a60f-4281-8004-915a947df1e1,TP_UPDATED,5625.34,TP_DYNAMIC,TP_DYNAMIC,5325.72,5240.0,5625.34,5240.0,5330.94024,5478.14012,5625.34,5863.48012,5478.14012,5330.94024,5625.34,5625.34,True,True
2026-08-28T03:59:20.490153+00:00,d19a559a-a60f-4281-8004-915a947df1e1,ENTRY_TOUCHED,5510.18,TP_DYNAMIC,ENTRY_TOUCHED,5325.72,5240.0,5625.34,5240.0,5330.94024,5478.14012,5625.34,5863.48012,5478.14012,5330.94024,5625.34,5625.34,True,True
2026-08-28T03:59:20.490153+00:00,d19a559a-a60f-4281-8004-915a947df1e1,TP_LOCKED,5625.34,ENTRY_TOUCHED,TP_FROZEN,5325.72,5240.0,5625.34,5240.0,5330.94024,5478.14012,5625.34,5863.48012,5478.14012,5330.94024,5625.34,5625.34,True,True
2026-08-28T03:59:20.530408+00:00,d19a559a-a60f-4281-8004-915a947df1e1,INVALIDATED,5219.15,TP_FROZEN,INVALIDATED,5325.72,5240.0,5625.34,5240.0,5330.94024,5478.14012,5625.34,5863.48012,5478.14012,5330.94024,5625.34,5625.34,True,True
2026-08-28T03:59:20.550247+00:00,cebd1d98-3d76-41e1-bba7-a82c68fe6fcd,BOS_DETECTED,5401.44,NO_SETUP,BOS_DETECTED,5366.25,5286.0,5431.44,5286.0,5320.32384,5375.88192,5431.44,5521.321919999999,5375.88192,5320.32384,5431.44,5431.44,True,True
2026-08-28T03:59:20.550247+00:00,cebd1d98-3d76-41e1-bba7-a82c68fe6fcd,POINT_2_FOUND,5286.0,BOS_DETECTED,POINT_2_IDENTIFIED,5366.25,5286.0,5431.44,5286.0,5320.32384,5375.88192,5431.44,5521.321919999999,5375.88192,5320.32384,5431.44,5431.44,True,True
2026-08-28T03:59:20.550247+00:00,cebd1d98-3d76-41e1-bba7-a82c68fe6fcd,SETUP_CREATED,5366.25,POINT_2_IDENTIFIED,FIB_ACTIVE,5366.25,5286.0,5431.44,5286.0,5320.32384,5375.88192,5431.44,5521.321919999999,5375.88192,5320.32384,5431.44,5431.44,True,True
2026-08-28T03:59:20.550247+00:00,cebd1d98-3d76-41e1-bba7-a82c68fe6fcd,NEW_VALID_HIGH,5366.25,FIB_ACTIVE,TP_DYNAMIC,5366.25,5286.0,5431.44,5286.0,5320.32384,5375.88192,5431.44,5521.321919999999,5375.88192,5320.32384,5431.44,5431.44,True,True
2026-08-28T03:59:20.550247+00:00,cebd1d98-3d76-41e1-bba7-a82c68fe6fcd,TP_UPDATED,5366.25,TP_DYNAMIC,TP_DYNAMIC,5366.25,5286.0,5431.44,5286.0,5320.32384,5375.88192,5431.44,5521.321919999999,5375.88192,5320.32384,5431.44,5431.44,True,True
2026-08-28T03:59:20.562218+00:00,cebd1d98-3d76-41e1-bba7-a82c68fe6fcd,NEW_VALID_HIGH,5431.44,TP_DYNAMIC,TP_DYNAMIC,5366.25,5286.0,5431.44,5286.0,5320.32384,5375.88192,5431.44,5521.321919999999,5375.88192,5320.32384,5431.44,5431.44,True,True
2026-08-28T03:59:20.562218+00:00,cebd1d98-3d76-41e1-bba7-a82c68fe6fcd,TP_UPDATED,5431.44,TP_DYNAMIC,TP_DYNAMIC,5366.25,5286.0,5431.44,5286.0,5320.32384,5375.88192,5431.44,5521.321919999999,5375.88192,5320.32384,5431.44,5431.44,True,True
2026-08-28T03:59:20.562218+00:00,cebd1d98-3d76-41e1-bba7-a82c68fe6fcd,ENTRY_TOUCHED,5389.74,TP_DYNAMIC,ENTRY_TOUCHED,5366.25,5286.0,5431.44,5286.0,5320.32384,5375.88192,5431.44,5521.321919999999,5375.88192,5320.32384,5431.44,5431.44,True,True
2026-08-28T03:59:20.562218+00:00,cebd1d98-3d76-41e1-bba7-a82c68fe6fcd,TP_LOCKED,5431.44,ENTRY_TOUCHED,TP_FROZEN,5366.25,5286.0,5431.44,5286.0,5320.32384,5375.88192,5431.44,5521.321919999999,5375.88192,5320.32384,5431.44,5431.44,True,True
2026-08-28T03:59:20.566264+00:00,cebd1d98-3d76-41e1-bba7-a82c68fe6fcd,TP_HIT,5425.19,TP_FROZEN,COMPLETED,5366.25,5286.0,5431.44,5286.0,5320.32384,5375.88192,5431.44,5521.321919999999,5375.88192,5320.32384,5431.44,5431.44,True,True
2026-08-28T03:59:20.567285+00:00,6a200e57-dd22-49ae-8032-bb3d044e5151,BOS_DETECTED,5443.82,NO_SETUP,BOS_DETECTED,5431.44,5286.0,5457.92,5286.0,5326.57312,5392.24656,5457.92,5564.16656,5392.24656,5326.57312,5457.92,5457.92,True,True
2026-08-28T03:59:20.567285+00:00,6a200e57-dd22-49ae-8032-bb3d044e5151,POINT_2_FOUND,5286.0,BOS_DETECTED,POINT_2_IDENTIFIED,5431.44,5286.0,5457.92,5286.0,5326.57312,5392.24656,5457.92,5564.16656,5392.24656,5326.57312,5457.92,5457.92,True,True
2026-08-28T03:59:20.567285+00:00,6a200e57-dd22-49ae-8032-bb3d044e5151,SETUP_CREATED,5431.44,POINT_2_IDENTIFIED,FIB_ACTIVE,5431.44,5286.0,5457.92,5286.0,5326.57312,5392.24656,5457.92,5564.16656,5392.24656,5326.57312,5457.92,5457.92,True,True
2026-08-28T03:59:20.567285+00:00,6a200e57-dd22-49ae-8032-bb3d044e5151,NEW_VALID_HIGH,5431.44,FIB_ACTIVE,TP_DYNAMIC,5431.44,5286.0,5457.92,5286.0,5326.57312,5392.24656,5457.92,5564.16656,5392.24656,5326.57312,5457.92,5457.92,True,True
2026-08-28T03:59:20.567285+00:00,6a200e57-dd22-49ae-8032-bb3d044e5151,TP_UPDATED,5431.44,TP_DYNAMIC,TP_DYNAMIC,5431.44,5286.0,5457.92,5286.0,5326.57312,5392.24656,5457.92,5564.16656,5392.24656,5326.57312,5457.92,5457.92,True,True
2026-08-28T03:59:20.567285+00:00,6a200e57-dd22-49ae-8032-bb3d044e5151,NEW_VALID_HIGH,5454.99,TP_DYNAMIC,TP_DYNAMIC,5431.44,5286.0,5457.92,5286.0,5326.57312,5392.24656,5457.92,5564.16656,5392.24656,5326.57312,5457.92,5457.92,True,True
2026-08-28T03:59:20.567285+00:00,6a200e57-dd22-49ae-8032-bb3d044e5151,TP_UPDATED,5454.99,TP_DYNAMIC,TP_DYNAMIC,5431.44,5286.0,5457.92,5286.0,5326.57312,5392.24656,5457.92,5564.16656,5392.24656,5326.57312,5457.92,5457.92,True,True
2026-08-28T03:59:20.570314+00:00,6a200e57-dd22-49ae-8032-bb3d044e5151,NEW_VALID_HIGH,5457.92,TP_DYNAMIC,TP_DYNAMIC,5431.44,5286.0,5457.92,5286.0,5326.57312,5392.24656,5457.92,5564.16656,5392.24656,5326.57312,5457.92,5457.92,True,True
2026-08-28T03:59:20.572344+00:00,6a200e57-dd22-49ae-8032-bb3d044e5151,TP_UPDATED,5457.92,TP_DYNAMIC,TP_DYNAMIC,5431.44,5286.0,5457.92,5286.0,5326.57312,5392.24656,5457.92,5564.16656,5392.24656,5326.57312,5457.92,5457.92,True,True
2026-08-28T03:59:20.572344+00:00,6a200e57-dd22-49ae-8032-bb3d044e5151,ENTRY_TOUCHED,5405.57,TP_DYNAMIC,ENTRY_TOUCHED,5431.44,5286.0,5457.92,5286.0,5326.57312,5392.24656,5457.92,5564.16656,5392.24656,5326.57312,5457.92,5457.92,True,True
2026-08-28T03:59:20.572344+00:00,6a200e57-dd22-49ae-8032-bb3d044e5151,TP_LOCKED,5457.92,ENTRY_TOUCHED,TP_FROZEN,5431.44,5286.0,5457.92,5286.0,5326.57312,5392.24656,5457.92,5564.16656,5392.24656,5326.57312,5457.92,5457.92,True,True
2026-08-28T03:59:20.575400+00:00,6a200e57-dd22-49ae-8032-bb3d044e5151,SL_HIT,5311.06,TP_FROZEN,COMPLETED,5431.44,5286.0,5457.92,5286.0,5326.57312,5392.24656,5457.92,5564.16656,5392.24656,5326.57312,5457.92,5457.92,True,True
2026-08-28T03:59:20.636179+00:00,4a1719be-77c8-4a83-a58d-2642353151ed,BOS_DETECTED,4913.79,NO_SETUP,BOS_DETECTED,4904.2,4838.04,4936.75,4838.04,4861.3355599999995,4899.04278,4936.75,4997.75278,4899.04278,4861.3355599999995,4936.75,4936.75,True,True
2026-08-28T03:59:20.636179+00:00,4a1719be-77c8-4a83-a58d-2642353151ed,POINT_2_FOUND,4838.04,BOS_DETECTED,POINT_2_IDENTIFIED,4904.2,4838.04,4936.75,4838.04,4861.3355599999995,4899.04278,4936.75,4997.75278,4899.04278,4861.3355599999995,4936.75,4936.75,True,True
2026-08-28T03:59:20.636179+00:00,4a1719be-77c8-4a83-a58d-2642353151ed,SETUP_CREATED,4904.2,POINT_2_IDENTIFIED,FIB_ACTIVE,4904.2,4838.04,4936.75,4838.04,4861.3355599999995,4899.04278,4936.75,4997.75278,4899.04278,4861.3355599999995,4936.75,4936.75,True,True
2026-08-28T03:59:20.636179+00:00,4a1719be-77c8-4a83-a58d-2642353151ed,NEW_VALID_HIGH,4904.2,FIB_ACTIVE,TP_DYNAMIC,4904.2,4838.04,4936.75,4838.04,4861.3355599999995,4899.04278,4936.75,4997.75278,4899.04278,4861.3355599999995,4936.75,4936.75,True,True
2026-08-28T03:59:20.636179+00:00,4a1719be-77c8-4a83-a58d-2642353151ed,TP_UPDATED,4904.2,TP_DYNAMIC,TP_DYNAMIC,4904.2,4838.04,4936.75,4838.04,4861.3355599999995,4899.04278,4936.75,4997.75278,4899.04278,4861.3355599999995,4936.75,4936.75,True,True
2026-08-28T03:59:20.640215+00:00,4a1719be-77c8-4a83-a58d-2642353151ed,NEW_VALID_HIGH,4936.75,TP_DYNAMIC,TP_DYNAMIC,4904.2,4838.04,4936.75,4838.04,4861.3355599999995,4899.04278,4936.75,4997.75278,4899.04278,4861.3355599999995,4936.75,4936.75,True,True
2026-08-28T03:59:20.640215+00:00,4a1719be-77c8-4a83-a58d-2642353151ed,TP_UPDATED,4936.75,TP_DYNAMIC,TP_DYNAMIC,4904.2,4838.04,4936.75,4838.04,4861.3355599999995,4899.04278,4936.75,4997.75278,4899.04278,4861.3355599999995,4936.75,4936.75,True,True
2026-08-28T03:59:20.640215+00:00,4a1719be-77c8-4a83-a58d-2642353151ed,ENTRY_TOUCHED,4906.69,TP_DYNAMIC,ENTRY_TOUCHED,4904.2,4838.04,4936.75,4838.04,4861.3355599999995,4899.04278,4936.75,4997.75278,4899.04278,4861.3355599999995,4936.75,4936.75,True,True
2026-08-28T03:59:20.640215+00:00,4a1719be-77c8-4a83-a58d-2642353151ed,TP_LOCKED,4936.75,ENTRY_TOUCHED,TP_FROZEN,4904.2,4838.04,4936.75,4838.04,4861.3355599999995,4899.04278,4936.75,4997.75278,4899.04278,4861.3355599999995,4936.75,4936.75,True,True
2026-08-28T03:59:20.680209+00:00,4a1719be-77c8-4a83-a58d-2642353151ed,SL_HIT,4866.54,TP_FROZEN,COMPLETED,4904.2,4838.04,4936.75,4838.04,4861.3355599999995,4899.04278,4936.75,4997.75278,4899.04278,4861.3355599999995,4936.75,4936.75,True,True
2026-08-28T03:59:20.692308+00:00,8fb21251-b31d-4cb3-90d3-2082488668fe,BOS_DETECTED,4888.0,NO_SETUP,BOS_DETECTED,4887.22,4844.6,4888.0,4844.6,4854.6583200000005,4870.93916,4887.22,4913.55916,4870.93916,4854.6583200000005,4887.22,4887.22,True,True
2026-08-28T03:59:20.692308+00:00,8fb21251-b31d-4cb3-90d3-2082488668fe,POINT_2_FOUND,4844.6,BOS_DETECTED,POINT_2_IDENTIFIED,4887.22,4844.6,4888.0,4844.6,4854.6583200000005,4870.93916,4887.22,4913.55916,4870.93916,4854.6583200000005,4887.22,4887.22,True,True
2026-08-28T03:59:20.692308+00:00,8fb21251-b31d-4cb3-90d3-2082488668fe,SETUP_CREATED,4887.22,POINT_2_IDENTIFIED,FIB_ACTIVE,4887.22,4844.6,4888.0,4844.6,4854.6583200000005,4870.93916,4887.22,4913.55916,4870.93916,4854.6583200000005,4887.22,4887.22,True,True
2026-08-28T03:59:20.692308+00:00,8fb21251-b31d-4cb3-90d3-2082488668fe,NEW_VALID_HIGH,4887.22,FIB_ACTIVE,TP_DYNAMIC,4887.22,4844.6,4888.0,4844.6,4854.6583200000005,4870.93916,4887.22,4913.55916,4870.93916,4854.6583200000005,4887.22,4887.22,True,True
2026-08-28T03:59:20.692308+00:00,8fb21251-b31d-4cb3-90d3-2082488668fe,TP_UPDATED,4887.22,TP_DYNAMIC,TP_DYNAMIC,4887.22,4844.6,4888.0,4844.6,4854.6583200000005,4870.93916,4887.22,4913.55916,4870.93916,4854.6583200000005,4887.22,4887.22,True,True
2026-08-28T03:59:20.693321+00:00,8fb21251-b31d-4cb3-90d3-2082488668fe,ENTRY_TOUCHED,4864.41,TP_DYNAMIC,ENTRY_TOUCHED,4887.22,4844.6,4888.0,4844.6,4854.6583200000005,4870.93916,4887.22,4913.55916,4870.93916,4854.6583200000005,4887.22,4887.22,True,True
2026-08-28T03:59:20.693321+00:00,8fb21251-b31d-4cb3-90d3-2082488668fe,TP_LOCKED,4887.22,ENTRY_TOUCHED,TP_FROZEN,4887.22,4844.6,4888.0,4844.6,4854.6583200000005,4870.93916,4887.22,4913.55916,4870.93916,4854.6583200000005,4887.22,4887.22,True,True
2026-08-28T03:59:20.693321+00:00,8fb21251-b31d-4cb3-90d3-2082488668fe,POST_ENTRY_HIGH_IGNORED,4888.0,TP_FROZEN,TP_FROZEN,4887.22,4844.6,4888.0,4844.6,4854.6583200000005,4870.93916,4887.22,4913.55916,4870.93916,4854.6583200000005,4887.22,4887.22,True,True
2026-08-28T03:59:20.701432+00:00,8fb21251-b31d-4cb3-90d3-2082488668fe,TP_HIT,4885.06,TP_FROZEN,COMPLETED,4887.22,4844.6,4888.0,4844.6,4854.6583200000005,4870.93916,4887.22,4913.55916,4870.93916,4854.6583200000005,4887.22,4887.22,True,True
2026-08-28T03:59:20.703443+00:00,1197a58e-4495-42fd-ab0e-247965f5fcb5,BOS_DETECTED,4889.05,NO_SETUP,BOS_DETECTED,4886.54,4863.92,4893.01,4863.92,4870.78524,4881.89762,4893.01,4910.98762,4881.89762,4870.78524,4893.01,4893.01,True,True
2026-08-28T03:59:20.703443+00:00,1197a58e-4495-42fd-ab0e-247965f5fcb5,POINT_2_FOUND,4863.92,BOS_DETECTED,POINT_2_IDENTIFIED,4886.54,4863.92,4893.01,4863.92,4870.78524,4881.89762,4893.01,4910.98762,4881.89762,4870.78524,4893.01,4893.01,True,True
2026-08-28T03:59:20.703443+00:00,1197a58e-4495-42fd-ab0e-247965f5fcb5,SETUP_CREATED,4886.54,POINT_2_IDENTIFIED,FIB_ACTIVE,4886.54,4863.92,4893.01,4863.92,4870.78524,4881.89762,4893.01,4910.98762,4881.89762,4870.78524,4893.01,4893.01,True,True
2026-08-28T03:59:20.703443+00:00,1197a58e-4495-42fd-ab0e-247965f5fcb5,NEW_VALID_HIGH,4886.54,FIB_ACTIVE,TP_DYNAMIC,4886.54,4863.92,4893.01,4863.92,4870.78524,4881.89762,4893.01,4910.98762,4881.89762,4870.78524,4893.01,4893.01,True,True
2026-08-28T03:59:20.703443+00:00,1197a58e-4495-42fd-ab0e-247965f5fcb5,TP_UPDATED,4886.54,TP_DYNAMIC,TP_DYNAMIC,4886.54,4863.92,4893.01,4863.92,4870.78524,4881.89762,4893.01,4910.98762,4881.89762,4870.78524,4893.01,4893.01,True,True
2026-08-28T03:59:20.707493+00:00,1197a58e-4495-42fd-ab0e-247965f5fcb5,NEW_VALID_HIGH,4893.01,TP_DYNAMIC,TP_DYNAMIC,4886.54,4863.92,4893.01,4863.92,4870.78524,4881.89762,4893.01,4910.98762,4881.89762,4870.78524,4893.01,4893.01,True,True
2026-08-28T03:59:20.707493+00:00,1197a58e-4495-42fd-ab0e-247965f5fcb5,TP_UPDATED,4893.01,TP_DYNAMIC,TP_DYNAMIC,4886.54,4863.92,4893.01,4863.92,4870.78524,4881.89762,4893.01,4910.98762,4881.89762,4870.78524,4893.01,4893.01,True,True
2026-08-28T03:59:20.707493+00:00,1197a58e-4495-42fd-ab0e-247965f5fcb5,ENTRY_TOUCHED,4889.2,TP_DYNAMIC,ENTRY_TOUCHED,4886.54,4863.92,4893.01,4863.92,4870.78524,4881.89762,4893.01,4910.98762,4881.89762,4870.78524,4893.01,4893.01,True,True
2026-08-28T03:59:20.707493+00:00,1197a58e-4495-42fd-ab0e-247965f5fcb5,TP_LOCKED,4893.01,ENTRY_TOUCHED,TP_FROZEN,4886.54,4863.92,4893.01,4863.92,4870.78524,4881.89762,4893.01,4910.98762,4881.89762,4870.78524,4893.01,4893.01,True,True
2026-08-28T03:59:20.743815+00:00,1197a58e-4495-42fd-ab0e-247965f5fcb5,SL_HIT,4868.01,TP_FROZEN,COMPLETED,4886.54,4863.92,4893.01,4863.92,4870.78524,4881.89762,4893.01,4910.98762,4881.89762,4870.78524,4893.01,4893.01,True,True
2026-08-28T03:59:20.795460+00:00,bbb0338f-e67e-4e96-a55a-14ee2e49badb,BOS_DETECTED,4720.7,NO_SETUP,BOS_DETECTED,4719.0,4444.0,4815.36,4444.0,4531.64096,4673.50048,4815.36,5044.860479999999,4673.50048,4531.64096,4815.36,4815.36,True,True
2026-08-28T03:59:20.795460+00:00,bbb0338f-e67e-4e96-a55a-14ee2e49badb,POINT_2_FOUND,4444.0,BOS_DETECTED,POINT_2_IDENTIFIED,4719.0,4444.0,4815.36,4444.0,4531.64096,4673.50048,4815.36,5044.860479999999,4673.50048,4531.64096,4815.36,4815.36,True,True
2026-08-28T03:59:20.795460+00:00,bbb0338f-e67e-4e96-a55a-14ee2e49badb,SETUP_CREATED,4719.0,POINT_2_IDENTIFIED,FIB_ACTIVE,4719.0,4444.0,4815.36,4444.0,4531.64096,4673.50048,4815.36,5044.860479999999,4673.50048,4531.64096,4815.36,4815.36,True,True
2026-08-28T03:59:20.795460+00:00,bbb0338f-e67e-4e96-a55a-14ee2e49badb,NEW_VALID_HIGH,4719.0,FIB_ACTIVE,TP_DYNAMIC,4719.0,4444.0,4815.36,4444.0,4531.64096,4673.50048,4815.36,5044.860479999999,4673.50048,4531.64096,4815.36,4815.36,True,True
2026-08-28T03:59:20.795460+00:00,bbb0338f-e67e-4e96-a55a-14ee2e49badb,TP_UPDATED,4719.0,TP_DYNAMIC,TP_DYNAMIC,4719.0,4444.0,4815.36,4444.0,4531.64096,4673.50048,4815.36,5044.860479999999,4673.50048,4531.64096,4815.36,4815.36,True,True
2026-08-28T03:59:20.797472+00:00,bbb0338f-e67e-4e96-a55a-14ee2e49badb,NEW_VALID_HIGH,4735.97,TP_DYNAMIC,TP_DYNAMIC,4719.0,4444.0,4815.36,4444.0,4531.64096,4673.50048,4815.36,5044.860479999999,4673.50048,4531.64096,4815.36,4815.36,True,True
2026-08-28T03:59:20.797472+00:00,bbb0338f-e67e-4e96-a55a-14ee2e49badb,TP_UPDATED,4735.97,TP_DYNAMIC,TP_DYNAMIC,4719.0,4444.0,4815.36,4444.0,4531.64096,4673.50048,4815.36,5044.860479999999,4673.50048,4531.64096,4815.36,4815.36,True,True
2026-08-28T03:59:20.804069+00:00,bbb0338f-e67e-4e96-a55a-14ee2e49badb,NEW_VALID_HIGH,4815.36,TP_DYNAMIC,TP_DYNAMIC,4719.0,4444.0,4815.36,4444.0,4531.64096,4673.50048,4815.36,5044.860479999999,4673.50048,4531.64096,4815.36,4815.36,True,True
2026-08-28T03:59:20.804069+00:00,bbb0338f-e67e-4e96-a55a-14ee2e49badb,TP_UPDATED,4815.36,TP_DYNAMIC,TP_DYNAMIC,4719.0,4444.0,4815.36,4444.0,4531.64096,4673.50048,4815.36,5044.860479999999,4673.50048,4531.64096,4815.36,4815.36,True,True
2026-08-28T03:59:20.810351+00:00,bbb0338f-e67e-4e96-a55a-14ee2e49badb,ENTRY_TOUCHED,4681.78,TP_DYNAMIC,ENTRY_TOUCHED,4719.0,4444.0,4815.36,4444.0,4531.64096,4673.50048,4815.36,5044.860479999999,4673.50048,4531.64096,4815.36,4815.36,True,True
2026-08-28T03:59:20.810351+00:00,bbb0338f-e67e-4e96-a55a-14ee2e49badb,TP_LOCKED,4815.36,ENTRY_TOUCHED,TP_FROZEN,4719.0,4444.0,4815.36,4444.0,4531.64096,4673.50048,4815.36,5044.860479999999,4673.50048,4531.64096,4815.36,4815.36,True,True
2026-08-28T03:59:20.830075+00:00,bbb0338f-e67e-4e96-a55a-14ee2e49badb,TP_HIT,4818.0,TP_FROZEN,COMPLETED,4719.0,4444.0,4815.36,4444.0,4531.64096,4673.50048,4815.36,5044.860479999999,4673.50048,4531.64096,4815.36,4815.36,True,True
2026-08-28T03:59:20.850435+00:00,427b4063-1c7d-4feb-a914-0792bd5c0f01,BOS_DETECTED,4872.05,NO_SETUP,BOS_DETECTED,4855.4,4748.13,4996.18,4748.13,4806.669800000001,4901.4249,4996.18,5149.4749,4901.4249,4806.669800000001,4996.18,4996.18,True,True
2026-08-28T03:59:20.850435+00:00,427b4063-1c7d-4feb-a914-0792bd5c0f01,POINT_2_FOUND,4748.13,BOS_DETECTED,POINT_2_IDENTIFIED,4855.4,4748.13,4996.18,4748.13,4806.669800000001,4901.4249,4996.18,5149.4749,4901.4249,4806.669800000001,4996.18,4996.18,True,True
2026-08-28T03:59:20.850435+00:00,427b4063-1c7d-4feb-a914-0792bd5c0f01,SETUP_CREATED,4855.4,POINT_2_IDENTIFIED,FIB_ACTIVE,4855.4,4748.13,4996.18,4748.13,4806.669800000001,4901.4249,4996.18,5149.4749,4901.4249,4806.669800000001,4996.18,4996.18,True,True
2026-08-28T03:59:20.850435+00:00,427b4063-1c7d-4feb-a914-0792bd5c0f01,NEW_VALID_HIGH,4855.4,FIB_ACTIVE,TP_DYNAMIC,4855.4,4748.13,4996.18,4748.13,4806.669800000001,4901.4249,4996.18,5149.4749,4901.4249,4806.669800000001,4996.18,4996.18,True,True
2026-08-28T03:59:20.850435+00:00,427b4063-1c7d-4feb-a914-0792bd5c0f01,TP_UPDATED,4855.4,TP_DYNAMIC,TP_DYNAMIC,4855.4,4748.13,4996.18,4748.13,4806.669800000001,4901.4249,4996.18,5149.4749,4901.4249,4806.669800000001,4996.18,4996.18,True,True
2026-08-28T03:59:20.860366+00:00,427b4063-1c7d-4feb-a914-0792bd5c0f01,NEW_VALID_HIGH,4949.33,TP_DYNAMIC,TP_DYNAMIC,4855.4,4748.13,4996.18,4748.13,4806.669800000001,4901.4249,4996.18,5149.4749,4901.4249,4806.669800000001,4996.18,4996.18,True,True
2026-08-28T03:59:20.860366+00:00,427b4063-1c7d-4feb-a914-0792bd5c0f01,TP_UPDATED,4949.33,TP_DYNAMIC,TP_DYNAMIC,4855.4,4748.13,4996.18,4748.13,4806.669800000001,4901.4249,4996.18,5149.4749,4901.4249,4806.669800000001,4996.18,4996.18,True,True
2026-08-28T03:59:20.870258+00:00,427b4063-1c7d-4feb-a914-0792bd5c0f01,NEW_VALID_HIGH,4959.33,TP_DYNAMIC,TP_DYNAMIC,4855.4,4748.13,4996.18,4748.13,4806.669800000001,4901.4249,4996.18,5149.4749,4901.4249,4806.669800000001,4996.18,4996.18,True,True
2026-08-28T03:59:20.870258+00:00,427b4063-1c7d-4feb-a914-0792bd5c0f01,TP_UPDATED,4959.33,TP_DYNAMIC,TP_DYNAMIC,4855.4,4748.13,4996.18,4748.13,4806.669800000001,4901.4249,4996.18,5149.4749,4901.4249,4806.669800000001,4996.18,4996.18,True,True
2026-08-28T03:59:20.880226+00:00,427b4063-1c7d-4feb-a914-0792bd5c0f01,NEW_VALID_HIGH,4996.18,TP_DYNAMIC,TP_DYNAMIC,4855.4,4748.13,4996.18,4748.13,4806.669800000001,4901.4249,4996.18,5149.4749,4901.4249,4806.669800000001,4996.18,4996.18,True,True
2026-08-28T03:59:20.880226+00:00,427b4063-1c7d-4feb-a914-0792bd5c0f01,TP_UPDATED,4996.18,TP_DYNAMIC,TP_DYNAMIC,4855.4,4748.13,4996.18,4748.13,4806.669800000001,4901.4249,4996.18,5149.4749,4901.4249,4806.669800000001,4996.18,4996.18,True,True
2026-08-28T03:59:20.880226+00:00,427b4063-1c7d-4feb-a914-0792bd5c0f01,ENTRY_TOUCHED,4907.82,TP_DYNAMIC,ENTRY_TOUCHED,4855.4,4748.13,4996.18,4748.13,4806.669800000001,4901.4249,4996.18,5149.4749,4901.4249,4806.669800000001,4996.18,4996.18,True,True
2026-08-28T03:59:20.880226+00:00,427b4063-1c7d-4feb-a914-0792bd5c0f01,TP_LOCKED,4996.18,ENTRY_TOUCHED,TP_FROZEN,4855.4,4748.13,4996.18,4748.13,4806.669800000001,4901.4249,4996.18,5149.4749,4901.4249,4806.669800000001,4996.18,4996.18,True,True
2026-08-28T03:59:20.900118+00:00,427b4063-1c7d-4feb-a914-0792bd5c0f01,TP_HIT,4984.81,TP_FROZEN,COMPLETED,4855.4,4748.13,4996.18,4748.13,4806.669800000001,4901.4249,4996.18,5149.4749,4901.4249,4806.669800000001,4996.18,4996.18,True,True
2026-08-28T03:59:20.910362+00:00,46f7b08f-96d5-4be4-9559-7380643fb12e,BOS_DETECTED,5071.45,NO_SETUP,BOS_DETECTED,5068.87,4912.96,5094.8,4912.96,4955.87424,5025.33712,5094.8,5207.17712,5025.33712,4955.87424,5094.8,5094.8,True,True
2026-08-28T03:59:20.910362+00:00,46f7b08f-96d5-4be4-9559-7380643fb12e,POINT_2_FOUND,4912.96,BOS_DETECTED,POINT_2_IDENTIFIED,5068.87,4912.96,5094.8,4912.96,4955.87424,5025.33712,5094.8,5207.17712,5025.33712,4955.87424,5094.8,5094.8,True,True
2026-08-28T03:59:20.910362+00:00,46f7b08f-96d5-4be4-9559-7380643fb12e,SETUP_CREATED,5068.87,POINT_2_IDENTIFIED,FIB_ACTIVE,5068.87,4912.96,5094.8,4912.96,4955.87424,5025.33712,5094.8,5207.17712,5025.33712,4955.87424,5094.8,5094.8,True,True
2026-08-28T03:59:20.910362+00:00,46f7b08f-96d5-4be4-9559-7380643fb12e,NEW_VALID_HIGH,5068.87,FIB_ACTIVE,TP_DYNAMIC,5068.87,4912.96,5094.8,4912.96,4955.87424,5025.33712,5094.8,5207.17712,5025.33712,4955.87424,5094.8,5094.8,True,True
2026-08-28T03:59:20.910362+00:00,46f7b08f-96d5-4be4-9559-7380643fb12e,TP_UPDATED,5068.87,TP_DYNAMIC,TP_DYNAMIC,5068.87,4912.96,5094.8,4912.96,4955.87424,5025.33712,5094.8,5207.17712,5025.33712,4955.87424,5094.8,5094.8,True,True
2026-08-28T03:59:20.910362+00:00,46f7b08f-96d5-4be4-9559-7380643fb12e,NEW_VALID_HIGH,5076.94,TP_DYNAMIC,TP_DYNAMIC,5068.87,4912.96,5094.8,4912.96,4955.87424,5025.33712,5094.8,5207.17712,5025.33712,4955.87424,5094.8,5094.8,True,True
2026-08-28T03:59:20.910362+00:00,46f7b08f-96d5-4be4-9559-7380643fb12e,TP_UPDATED,5076.94,TP_DYNAMIC,TP_DYNAMIC,5068.87,4912.96,5094.8,4912.96,4955.87424,5025.33712,5094.8,5207.17712,5025.33712,4955.87424,5094.8,5094.8,True,True
2026-08-28T03:59:20.910362+00:00,46f7b08f-96d5-4be4-9559-7380643fb12e,NEW_VALID_HIGH,5092.72,TP_DYNAMIC,TP_DYNAMIC,5068.87,4912.96,5094.8,4912.96,4955.87424,5025.33712,5094.8,5207.17712,5025.33712,4955.87424,5094.8,5094.8,True,True
2026-08-28T03:59:20.910362+00:00,46f7b08f-96d5-4be4-9559-7380643fb12e,TP_UPDATED,5092.72,TP_DYNAMIC,TP_DYNAMIC,5068.87,4912.96,5094.8,4912.96,4955.87424,5025.33712,5094.8,5207.17712,5025.33712,4955.87424,5094.8,5094.8,True,True
2026-08-28T03:59:20.922898+00:00,46f7b08f-96d5-4be4-9559-7380643fb12e,NEW_VALID_HIGH,5094.8,TP_DYNAMIC,TP_DYNAMIC,5068.87,4912.96,5094.8,4912.96,4955.87424,5025.33712,5094.8,5207.17712,5025.33712,4955.87424,5094.8,5094.8,True,True
2026-08-28T03:59:20.922898+00:00,46f7b08f-96d5-4be4-9559-7380643fb12e,TP_UPDATED,5094.8,TP_DYNAMIC,TP_DYNAMIC,5068.87,4912.96,5094.8,4912.96,4955.87424,5025.33712,5094.8,5207.17712,5025.33712,4955.87424,5094.8,5094.8,True,True
2026-08-28T03:59:20.930215+00:00,46f7b08f-96d5-4be4-9559-7380643fb12e,ENTRY_TOUCHED,5026.1,TP_DYNAMIC,ENTRY_TOUCHED,5068.87,4912.96,5094.8,4912.96,4955.87424,5025.33712,5094.8,5207.17712,5025.33712,4955.87424,5094.8,5094.8,True,True
2026-08-28T03:59:20.930215+00:00,46f7b08f-96d5-4be4-9559-7380643fb12e,TP_LOCKED,5094.8,ENTRY_TOUCHED,TP_FROZEN,5068.87,4912.96,5094.8,4912.96,4955.87424,5025.33712,5094.8,5207.17712,5025.33712,4955.87424,5094.8,5094.8,True,True
2026-08-28T03:59:20.943279+00:00,46f7b08f-96d5-4be4-9559-7380643fb12e,SL_HIT,4961.7,TP_FROZEN,COMPLETED,5068.87,4912.96,5094.8,4912.96,4955.87424,5025.33712,5094.8,5207.17712,5025.33712,4955.87424,5094.8,5094.8,True,True
2026-08-28T03:59:20.956690+00:00,fb9c71df-aeb0-472c-9660-d2382f9dacb1,BOS_DETECTED,4963.05,NO_SETUP,BOS_DETECTED,4960.87,4875.53,5027.8,4875.53,4911.46572,4969.63286,5027.8,5121.90286,4969.63286,4911.46572,5027.8,5027.8,True,True
2026-08-28T03:59:20.960394+00:00,fb9c71df-aeb0-472c-9660-d2382f9dacb1,POINT_2_FOUND,4875.53,BOS_DETECTED,POINT_2_IDENTIFIED,4960.87,4875.53,5027.8,4875.53,4911.46572,4969.63286,5027.8,5121.90286,4969.63286,4911.46572,5027.8,5027.8,True,True
2026-08-28T03:59:20.960394+00:00,fb9c71df-aeb0-472c-9660-d2382f9dacb1,SETUP_CREATED,4960.87,POINT_2_IDENTIFIED,FIB_ACTIVE,4960.87,4875.53,5027.8,4875.53,4911.46572,4969.63286,5027.8,5121.90286,4969.63286,4911.46572,5027.8,5027.8,True,True
2026-08-28T03:59:20.960394+00:00,fb9c71df-aeb0-472c-9660-d2382f9dacb1,NEW_VALID_HIGH,4960.87,FIB_ACTIVE,TP_DYNAMIC,4960.87,4875.53,5027.8,4875.53,4911.46572,4969.63286,5027.8,5121.90286,4969.63286,4911.46572,5027.8,5027.8,True,True
2026-08-28T03:59:20.960394+00:00,fb9c71df-aeb0-472c-9660-d2382f9dacb1,TP_UPDATED,4960.87,TP_DYNAMIC,TP_DYNAMIC,4960.87,4875.53,5027.8,4875.53,4911.46572,4969.63286,5027.8,5121.90286,4969.63286,4911.46572,5027.8,5027.8,True,True
2026-08-28T03:59:20.965179+00:00,fb9c71df-aeb0-472c-9660-d2382f9dacb1,NEW_VALID_HIGH,5027.8,TP_DYNAMIC,TP_DYNAMIC,4960.87,4875.53,5027.8,4875.53,4911.46572,4969.63286,5027.8,5121.90286,4969.63286,4911.46572,5027.8,5027.8,True,True
2026-08-28T03:59:20.965179+00:00,fb9c71df-aeb0-472c-9660-d2382f9dacb1,TP_UPDATED,5027.8,TP_DYNAMIC,TP_DYNAMIC,4960.87,4875.53,5027.8,4875.53,4911.46572,4969.63286,5027.8,5121.90286,4969.63286,4911.46572,5027.8,5027.8,True,True
2026-08-28T03:59:20.965179+00:00,fb9c71df-aeb0-472c-9660-d2382f9dacb1,ENTRY_TOUCHED,4969.7,TP_DYNAMIC,ENTRY_TOUCHED,4960.87,4875.53,5027.8,4875.53,4911.46572,4969.63286,5027.8,5121.90286,4969.63286,4911.46572,5027.8,5027.8,True,True
2026-08-28T03:59:20.965179+00:00,fb9c71df-aeb0-472c-9660-d2382f9dacb1,TP_LOCKED,5027.8,ENTRY_TOUCHED,TP_FROZEN,4960.87,4875.53,5027.8,4875.53,4911.46572,4969.63286,5027.8,5121.90286,4969.63286,4911.46572,5027.8,5027.8,True,True
2026-08-28T03:59:20.972930+00:00,fb9c71df-aeb0-472c-9660-d2382f9dacb1,SL_HIT,4915.64,TP_FROZEN,COMPLETED,4960.87,4875.53,5027.8,4875.53,4911.46572,4969.63286,5027.8,5121.90286,4969.63286,4911.46572,5027.8,5027.8,True,True
2026-08-28T03:59:20.985257+00:00,6d8b3c01-2d94-4fde-a580-202106aa8111,BOS_DETECTED,4895.11,NO_SETUP,BOS_DETECTED,4893.47,4793.17,4943.66,4793.17,4828.68564,4886.17282,4943.66,5036.66282,4886.17282,4828.68564,4943.66,4943.66,True,True
2026-08-28T03:59:20.985257+00:00,6d8b3c01-2d94-4fde-a580-202106aa8111,POINT_2_FOUND,4793.17,BOS_DETECTED,POINT_2_IDENTIFIED,4893.47,4793.17,4943.66,4793.17,4828.68564,4886.17282,4943.66,5036.66282,4886.17282,4828.68564,4943.66,4943.66,True,True
2026-08-28T03:59:20.985257+00:00,6d8b3c01-2d94-4fde-a580-202106aa8111,SETUP_CREATED,4893.47,POINT_2_IDENTIFIED,FIB_ACTIVE,4893.47,4793.17,4943.66,4793.17,4828.68564,4886.17282,4943.66,5036.66282,4886.17282,4828.68564,4943.66,4943.66,True,True
2026-08-28T03:59:20.985257+00:00,6d8b3c01-2d94-4fde-a580-202106aa8111,NEW_VALID_HIGH,4893.47,FIB_ACTIVE,TP_DYNAMIC,4893.47,4793.17,4943.66,4793.17,4828.68564,4886.17282,4943.66,5036.66282,4886.17282,4828.68564,4943.66,4943.66,True,True
2026-08-28T03:59:20.985257+00:00,6d8b3c01-2d94-4fde-a580-202106aa8111,TP_UPDATED,4893.47,TP_DYNAMIC,TP_DYNAMIC,4893.47,4793.17,4943.66,4793.17,4828.68564,4886.17282,4943.66,5036.66282,4886.17282,4828.68564,4943.66,4943.66,True,True
2026-08-28T03:59:20.997401+00:00,6d8b3c01-2d94-4fde-a580-202106aa8111,NEW_VALID_HIGH,4943.66,TP_DYNAMIC,TP_DYNAMIC,4893.47,4793.17,4943.66,4793.17,4828.68564,4886.17282,4943.66,5036.66282,4886.17282,4828.68564,4943.66,4943.66,True,True
2026-08-28T03:59:20.997401+00:00,6d8b3c01-2d94-4fde-a580-202106aa8111,TP_UPDATED,4943.66,TP_DYNAMIC,TP_DYNAMIC,4893.47,4793.17,4943.66,4793.17,4828.68564,4886.17282,4943.66,5036.66282,4886.17282,4828.68564,4943.66,4943.66,True,True
2026-08-28T03:59:20.997401+00:00,6d8b3c01-2d94-4fde-a580-202106aa8111,ENTRY_TOUCHED,4866.18,TP_DYNAMIC,ENTRY_TOUCHED,4893.47,4793.17,4943.66,4793.17,4828.68564,4886.17282,4943.66,5036.66282,4886.17282,4828.68564,4943.66,4943.66,True,True
2026-08-28T03:59:20.997401+00:00,6d8b3c01-2d94-4fde-a580-202106aa8111,TP_LOCKED,4943.66,ENTRY_TOUCHED,TP_FROZEN,4893.47,4793.17,4943.66,4793.17,4828.68564,4886.17282,4943.66,5036.66282,4886.17282,4828.68564,4943.66,4943.66,True,True
2026-08-28T03:59:21.003498+00:00,6d8b3c01-2d94-4fde-a580-202106aa8111,SL_HIT,4849.46,TP_FROZEN,COMPLETED,4893.47,4793.17,4943.66,4793.17,4828.68564,4886.17282,4943.66,5036.66282,4886.17282,4828.68564,4943.66,4943.66,True,True
2026-08-28T03:59:21.010021+00:00,e64b40bf-9479-48d8-bb5e-520d5bce2b63,BOS_DETECTED,4879.75,NO_SETUP,BOS_DETECTED,4872.26,4800.0,4909.06,4800.0,4825.73816,4867.39908,4909.06,4976.4590800000005,4867.39908,4825.73816,4909.06,4909.06,True,True
2026-08-28T03:59:21.010021+00:00,e64b40bf-9479-48d8-bb5e-520d5bce2b63,POINT_2_FOUND,4800.0,BOS_DETECTED,POINT_2_IDENTIFIED,4872.26,4800.0,4909.06,4800.0,4825.73816,4867.39908,4909.06,4976.4590800000005,4867.39908,4825.73816,4909.06,4909.06,True,True
2026-08-28T03:59:21.010021+00:00,e64b40bf-9479-48d8-bb5e-520d5bce2b63,SETUP_CREATED,4872.26,POINT_2_IDENTIFIED,FIB_ACTIVE,4872.26,4800.0,4909.06,4800.0,4825.73816,4867.39908,4909.06,4976.4590800000005,4867.39908,4825.73816,4909.06,4909.06,True,True
2026-08-28T03:59:21.010021+00:00,e64b40bf-9479-48d8-bb5e-520d5bce2b63,NEW_VALID_HIGH,4872.26,FIB_ACTIVE,TP_DYNAMIC,4872.26,4800.0,4909.06,4800.0,4825.73816,4867.39908,4909.06,4976.4590800000005,4867.39908,4825.73816,4909.06,4909.06,True,True
2026-08-28T03:59:21.010021+00:00,e64b40bf-9479-48d8-bb5e-520d5bce2b63,TP_UPDATED,4872.26,TP_DYNAMIC,TP_DYNAMIC,4872.26,4800.0,4909.06,4800.0,4825.73816,4867.39908,4909.06,4976.4590800000005,4867.39908,4825.73816,4909.06,4909.06,True,True
2026-08-28T03:59:21.018508+00:00,e64b40bf-9479-48d8-bb5e-520d5bce2b63,NEW_VALID_HIGH,4909.06,TP_DYNAMIC,TP_DYNAMIC,4872.26,4800.0,4909.06,4800.0,4825.73816,4867.39908,4909.06,4976.4590800000005,4867.39908,4825.73816,4909.06,4909.06,True,True
2026-08-28T03:59:21.018508+00:00,e64b40bf-9479-48d8-bb5e-520d5bce2b63,TP_UPDATED,4909.06,TP_DYNAMIC,TP_DYNAMIC,4872.26,4800.0,4909.06,4800.0,4825.73816,4867.39908,4909.06,4976.4590800000005,4867.39908,4825.73816,4909.06,4909.06,True,True
2026-08-28T03:59:21.018508+00:00,e64b40bf-9479-48d8-bb5e-520d5bce2b63,ENTRY_TOUCHED,4871.7,TP_DYNAMIC,ENTRY_TOUCHED,4872.26,4800.0,4909.06,4800.0,4825.73816,4867.39908,4909.06,4976.4590800000005,4867.39908,4825.73816,4909.06,4909.06,True,True
2026-08-28T03:59:21.018508+00:00,e64b40bf-9479-48d8-bb5e-520d5bce2b63,TP_LOCKED,4909.06,ENTRY_TOUCHED,TP_FROZEN,4872.26,4800.0,4909.06,4800.0,4825.73816,4867.39908,4909.06,4976.4590800000005,4867.39908,4825.73816,4909.06,4909.06,True,True
2026-08-28T03:59:21.026527+00:00,e64b40bf-9479-48d8-bb5e-520d5bce2b63,SL_HIT,4832.45,TP_FROZEN,COMPLETED,4872.26,4800.0,4909.06,4800.0,4825.73816,4867.39908,4909.06,4976.4590800000005,4867.39908,4825.73816,4909.06,4909.06,True,True
2026-08-28T03:59:21.042465+00:00,a27fc2af-dc9c-415f-861d-289242cbc4d1,BOS_DETECTED,4774.01,NO_SETUP,BOS_DETECTED,4767.77,4650.0,5122.69,4650.0,4761.55484,4942.12242,5122.69,5414.812419999999,4942.12242,4761.55484,5122.69,5122.69,True,True
2026-08-28T03:59:21.044479+00:00,a27fc2af-dc9c-415f-861d-289242cbc4d1,POINT_2_FOUND,4650.0,BOS_DETECTED,POINT_2_IDENTIFIED,4767.77,4650.0,5122.69,4650.0,4761.55484,4942.12242,5122.69,5414.812419999999,4942.12242,4761.55484,5122.69,5122.69,True,True
2026-08-28T03:59:21.044479+00:00,a27fc2af-dc9c-415f-861d-289242cbc4d1,SETUP_CREATED,4767.77,POINT_2_IDENTIFIED,FIB_ACTIVE,4767.77,4650.0,5122.69,4650.0,4761.55484,4942.12242,5122.69,5414.812419999999,4942.12242,4761.55484,5122.69,5122.69,True,True
2026-08-28T03:59:21.044479+00:00,a27fc2af-dc9c-415f-861d-289242cbc4d1,NEW_VALID_HIGH,4767.77,FIB_ACTIVE,TP_DYNAMIC,4767.77,4650.0,5122.69,4650.0,4761.55484,4942.12242,5122.69,5414.812419999999,4942.12242,4761.55484,5122.69,5122.69,True,True
2026-08-28T03:59:21.044479+00:00,a27fc2af-dc9c-415f-861d-289242cbc4d1,TP_UPDATED,4767.77,TP_DYNAMIC,TP_DYNAMIC,4767.77,4650.0,5122.69,4650.0,4761.55484,4942.12242,5122.69,5414.812419999999,4942.12242,4761.55484,5122.69,5122.69,True,True
2026-08-28T03:59:21.044479+00:00,a27fc2af-dc9c-415f-861d-289242cbc4d1,NEW_VALID_HIGH,4846.7,TP_DYNAMIC,TP_DYNAMIC,4767.77,4650.0,5122.69,4650.0,4761.55484,4942.12242,5122.69,5414.812419999999,4942.12242,4761.55484,5122.69,5122.69,True,True
2026-08-28T03:59:21.044479+00:00,a27fc2af-dc9c-415f-861d-289242cbc4d1,TP_UPDATED,4846.7,TP_DYNAMIC,TP_DYNAMIC,4767.77,4650.0,5122.69,4650.0,4761.55484,4942.12242,5122.69,5414.812419999999,4942.12242,4761.55484,5122.69,5122.69,True,True
2026-08-28T03:59:21.060232+00:00,a27fc2af-dc9c-415f-861d-289242cbc4d1,NEW_VALID_HIGH,4903.41,TP_DYNAMIC,TP_DYNAMIC,4767.77,4650.0,5122.69,4650.0,4761.55484,4942.12242,5122.69,5414.812419999999,4942.12242,4761.55484,5122.69,5122.69,True,True
2026-08-28T03:59:21.060232+00:00,a27fc2af-dc9c-415f-861d-289242cbc4d1,TP_UPDATED,4903.41,TP_DYNAMIC,TP_DYNAMIC,4767.77,4650.0,5122.69,4650.0,4761.55484,4942.12242,5122.69,5414.812419999999,4942.12242,4761.55484,5122.69,5122.69,True,True
2026-08-28T03:59:21.080521+00:00,a27fc2af-dc9c-415f-861d-289242cbc4d1,NEW_VALID_HIGH,4937.79,TP_DYNAMIC,TP_DYNAMIC,4767.77,4650.0,5122.69,4650.0,4761.55484,4942.12242,5122.69,5414.812419999999,4942.12242,4761.55484,5122.69,5122.69,True,True
2026-08-28T03:59:21.080521+00:00,a27fc2af-dc9c-415f-861d-289242cbc4d1,TP_UPDATED,4937.79,TP_DYNAMIC,TP_DYNAMIC,4767.77,4650.0,5122.69,4650.0,4761.55484,4942.12242,5122.69,5414.812419999999,4942.12242,4761.55484,5122.69,5122.69,True,True
2026-08-28T03:59:21.083183+00:00,a27fc2af-dc9c-415f-861d-289242cbc4d1,NEW_VALID_HIGH,4964.42,TP_DYNAMIC,TP_DYNAMIC,4767.77,4650.0,5122.69,4650.0,4761.55484,4942.12242,5122.69,5414.812419999999,4942.12242,4761.55484,5122.69,5122.69,True,True
2026-08-28T03:59:21.083183+00:00,a27fc2af-dc9c-415f-861d-289242cbc4d1,TP_UPDATED,4964.42,TP_DYNAMIC,TP_DYNAMIC,4767.77,4650.0,5122.69,4650.0,4761.55484,4942.12242,5122.69,5414.812419999999,4942.12242,4761.55484,5122.69,5122.69,True,True
2026-08-28T03:59:21.093313+00:00,a27fc2af-dc9c-415f-861d-289242cbc4d1,NEW_VALID_HIGH,4968.46,TP_DYNAMIC,TP_DYNAMIC,4767.77,4650.0,5122.69,4650.0,4761.55484,4942.12242,5122.69,5414.812419999999,4942.12242,4761.55484,5122.69,5122.69,True,True
2026-08-28T03:59:21.093313+00:00,a27fc2af-dc9c-415f-861d-289242cbc4d1,TP_UPDATED,4968.46,TP_DYNAMIC,TP_DYNAMIC,4767.77,4650.0,5122.69,4650.0,4761.55484,4942.12242,5122.69,5414.812419999999,4942.12242,4761.55484,5122.69,5122.69,True,True
2026-08-28T03:59:21.102431+00:00,a27fc2af-dc9c-415f-861d-289242cbc4d1,NEW_VALID_HIGH,4972.76,TP_DYNAMIC,TP_DYNAMIC,4767.77,4650.0,5122.69,4650.0,4761.55484,4942.12242,5122.69,5414.812419999999,4942.12242,4761.55484,5122.69,5122.69,True,True
2026-08-28T03:59:21.102431+00:00,a27fc2af-dc9c-415f-861d-289242cbc4d1,TP_UPDATED,4972.76,TP_DYNAMIC,TP_DYNAMIC,4767.77,4650.0,5122.69,4650.0,4761.55484,4942.12242,5122.69,5414.812419999999,4942.12242,4761.55484,5122.69,5122.69,True,True
2026-08-28T03:59:21.107742+00:00,a27fc2af-dc9c-415f-861d-289242cbc4d1,NEW_VALID_HIGH,4973.45,TP_DYNAMIC,TP_DYNAMIC,4767.77,4650.0,5122.69,4650.0,4761.55484,4942.12242,5122.69,5414.812419999999,4942.12242,4761.55484,5122.69,5122.69,True,True
2026-08-28T03:59:21.107742+00:00,a27fc2af-dc9c-415f-861d-289242cbc4d1,TP_UPDATED,4973.45,TP_DYNAMIC,TP_DYNAMIC,4767.77,4650.0,5122.69,4650.0,4761.55484,4942.12242,5122.69,5414.812419999999,4942.12242,4761.55484,5122.69,5122.69,True,True
2026-08-28T03:59:21.164983+00:00,a27fc2af-dc9c-415f-861d-289242cbc4d1,NEW_VALID_HIGH,4980.7,TP_DYNAMIC,TP_DYNAMIC,4767.77,4650.0,5122.69,4650.0,4761.55484,4942.12242,5122.69,5414.812419999999,4942.12242,4761.55484,5122.69,5122.69,True,True
2026-08-28T03:59:21.164983+00:00,a27fc2af-dc9c-415f-861d-289242cbc4d1,TP_UPDATED,4980.7,TP_DYNAMIC,TP_DYNAMIC,4767.77,4650.0,5122.69,4650.0,4761.55484,4942.12242,5122.69,5414.812419999999,4942.12242,4761.55484,5122.69,5122.69,True,True
2026-08-28T03:59:21.190075+00:00,a27fc2af-dc9c-415f-861d-289242cbc4d1,NEW_VALID_HIGH,4990.98,TP_DYNAMIC,TP_DYNAMIC,4767.77,4650.0,5122.69,4650.0,4761.55484,4942.12242,5122.69,5414.812419999999,4942.12242,4761.55484,5122.69,5122.69,True,True
2026-08-28T03:59:21.190075+00:00,a27fc2af-dc9c-415f-861d-289242cbc4d1,TP_UPDATED,4990.98,TP_DYNAMIC,TP_DYNAMIC,4767.77,4650.0,5122.69,4650.0,4761.55484,4942.12242,5122.69,5414.812419999999,4942.12242,4761.55484,5122.69,5122.69,True,True
2026-08-28T03:59:21.234281+00:00,a27fc2af-dc9c-415f-861d-289242cbc4d1,NEW_VALID_HIGH,4999.0,TP_DYNAMIC,TP_DYNAMIC,4767.77,4650.0,5122.69,4650.0,4761.55484,4942.12242,5122.69,5414.812419999999,4942.12242,4761.55484,5122.69,5122.69,True,True
2026-08-28T03:59:21.234281+00:00,a27fc2af-dc9c-415f-861d-289242cbc4d1,TP_UPDATED,4999.0,TP_DYNAMIC,TP_DYNAMIC,4767.77,4650.0,5122.69,4650.0,4761.55484,4942.12242,5122.69,5414.812419999999,4942.12242,4761.55484,5122.69,5122.69,True,True
2026-08-28T03:59:21.240052+00:00,a27fc2af-dc9c-415f-861d-289242cbc4d1,NEW_VALID_HIGH,5017.36,TP_DYNAMIC,TP_DYNAMIC,4767.77,4650.0,5122.69,4650.0,4761.55484,4942.12242,5122.69,5414.812419999999,4942.12242,4761.55484,5122.69,5122.69,True,True
2026-08-28T03:59:21.240052+00:00,a27fc2af-dc9c-415f-861d-289242cbc4d1,TP_UPDATED,5017.36,TP_DYNAMIC,TP_DYNAMIC,4767.77,4650.0,5122.69,4650.0,4761.55484,4942.12242,5122.69,5414.812419999999,4942.12242,4761.55484,5122.69,5122.69,True,True
2026-08-28T03:59:21.246433+00:00,a27fc2af-dc9c-415f-861d-289242cbc4d1,NEW_VALID_HIGH,5041.94,TP_DYNAMIC,TP_DYNAMIC,4767.77,4650.0,5122.69,4650.0,4761.55484,4942.12242,5122.69,5414.812419999999,4942.12242,4761.55484,5122.69,5122.69,True,True
2026-08-28T03:59:21.246433+00:00,a27fc2af-dc9c-415f-861d-289242cbc4d1,TP_UPDATED,5041.94,TP_DYNAMIC,TP_DYNAMIC,4767.77,4650.0,5122.69,4650.0,4761.55484,4942.12242,5122.69,5414.812419999999,4942.12242,4761.55484,5122.69,5122.69,True,True
2026-08-28T03:59:21.262323+00:00,a27fc2af-dc9c-415f-861d-289242cbc4d1,NEW_VALID_HIGH,5043.73,TP_DYNAMIC,TP_DYNAMIC,4767.77,4650.0,5122.69,4650.0,4761.55484,4942.12242,5122.69,5414.812419999999,4942.12242,4761.55484,5122.69,5122.69,True,True
2026-08-28T03:59:21.262323+00:00,a27fc2af-dc9c-415f-861d-289242cbc4d1,TP_UPDATED,5043.73,TP_DYNAMIC,TP_DYNAMIC,4767.77,4650.0,5122.69,4650.0,4761.55484,4942.12242,5122.69,5414.812419999999,4942.12242,4761.55484,5122.69,5122.69,True,True
2026-08-28T03:59:21.294156+00:00,a27fc2af-dc9c-415f-861d-289242cbc4d1,NEW_VALID_HIGH,5080.97,TP_DYNAMIC,TP_DYNAMIC,4767.77,4650.0,5122.69,4650.0,4761.55484,4942.12242,5122.69,5414.812419999999,4942.12242,4761.55484,5122.69,5122.69,True,True
2026-08-28T03:59:21.294156+00:00,a27fc2af-dc9c-415f-861d-289242cbc4d1,TP_UPDATED,5080.97,TP_DYNAMIC,TP_DYNAMIC,4767.77,4650.0,5122.69,4650.0,4761.55484,4942.12242,5122.69,5414.812419999999,4942.12242,4761.55484,5122.69,5122.69,True,True
2026-08-28T03:59:21.303283+00:00,a27fc2af-dc9c-415f-861d-289242cbc4d1,NEW_VALID_HIGH,5086.58,TP_DYNAMIC,TP_DYNAMIC,4767.77,4650.0,5122.69,4650.0,4761.55484,4942.12242,5122.69,5414.812419999999,4942.12242,4761.55484,5122.69,5122.69,True,True
2026-08-28T03:59:21.303283+00:00,a27fc2af-dc9c-415f-861d-289242cbc4d1,TP_UPDATED,5086.58,TP_DYNAMIC,TP_DYNAMIC,4767.77,4650.0,5122.69,4650.0,4761.55484,4942.12242,5122.69,5414.812419999999,4942.12242,4761.55484,5122.69,5122.69,True,True
2026-08-28T03:59:21.432556+00:00,a27fc2af-dc9c-415f-861d-289242cbc4d1,NEW_VALID_HIGH,5122.69,TP_DYNAMIC,TP_DYNAMIC,4767.77,4650.0,5122.69,4650.0,4761.55484,4942.12242,5122.69,5414.812419999999,4942.12242,4761.55484,5122.69,5122.69,True,True
2026-08-28T03:59:21.432556+00:00,a27fc2af-dc9c-415f-861d-289242cbc4d1,TP_UPDATED,5122.69,TP_DYNAMIC,TP_DYNAMIC,4767.77,4650.0,5122.69,4650.0,4761.55484,4942.12242,5122.69,5414.812419999999,4942.12242,4761.55484,5122.69,5122.69,True,True
2026-08-28T03:59:21.510271+00:00,a27fc2af-dc9c-415f-861d-289242cbc4d1,ENTRY_TOUCHED,4898.02,TP_DYNAMIC,ENTRY_TOUCHED,4767.77,4650.0,5122.69,4650.0,4761.55484,4942.12242,5122.69,5414.812419999999,4942.12242,4761.55484,5122.69,5122.69,True,True
2026-08-28T03:59:21.510271+00:00,a27fc2af-dc9c-415f-861d-289242cbc4d1,TP_LOCKED,5122.69,ENTRY_TOUCHED,TP_FROZEN,4767.77,4650.0,5122.69,4650.0,4761.55484,4942.12242,5122.69,5414.812419999999,4942.12242,4761.55484,5122.69,5122.69,True,True
2026-08-28T03:59:22.330493+00:00,a27fc2af-dc9c-415f-861d-289242cbc4d1,TP_HIT,5130.0,TP_FROZEN,COMPLETED,4767.77,4650.0,5122.69,4650.0,4761.55484,4942.12242,5122.69,5414.812419999999,4942.12242,4761.55484,5122.69,5122.69,True,True
2026-08-28T03:59:22.345655+00:00,23b29f0f-2908-4f9e-9cac-d50d1d9677ae,BOS_DETECTED,5132.04,NO_SETUP,BOS_DETECTED,5129.82,5117.79,5133.0,5117.79,5121.37956,5127.18978,5133.0,5142.39978,5127.18978,5121.37956,5133.0,5133.0,True,True
2026-08-28T03:59:22.345655+00:00,23b29f0f-2908-4f9e-9cac-d50d1d9677ae,POINT_2_FOUND,5117.79,BOS_DETECTED,POINT_2_IDENTIFIED,5129.82,5117.79,5133.0,5117.79,5121.37956,5127.18978,5133.0,5142.39978,5127.18978,5121.37956,5133.0,5133.0,True,True
2026-08-28T03:59:22.345655+00:00,23b29f0f-2908-4f9e-9cac-d50d1d9677ae,SETUP_CREATED,5129.82,POINT_2_IDENTIFIED,FIB_ACTIVE,5129.82,5117.79,5133.0,5117.79,5121.37956,5127.18978,5133.0,5142.39978,5127.18978,5121.37956,5133.0,5133.0,True,True
2026-08-28T03:59:22.345655+00:00,23b29f0f-2908-4f9e-9cac-d50d1d9677ae,NEW_VALID_HIGH,5129.82,FIB_ACTIVE,TP_DYNAMIC,5129.82,5117.79,5133.0,5117.79,5121.37956,5127.18978,5133.0,5142.39978,5127.18978,5121.37956,5133.0,5133.0,True,True
2026-08-28T03:59:22.345655+00:00,23b29f0f-2908-4f9e-9cac-d50d1d9677ae,TP_UPDATED,5129.82,TP_DYNAMIC,TP_DYNAMIC,5129.82,5117.79,5133.0,5117.79,5121.37956,5127.18978,5133.0,5142.39978,5127.18978,5121.37956,5133.0,5133.0,True,True
2026-08-28T03:59:22.347699+00:00,23b29f0f-2908-4f9e-9cac-d50d1d9677ae,NEW_VALID_HIGH,5133.0,TP_DYNAMIC,TP_DYNAMIC,5129.82,5117.79,5133.0,5117.79,5121.37956,5127.18978,5133.0,5142.39978,5127.18978,5121.37956,5133.0,5133.0,True,True
2026-08-28T03:59:22.347699+00:00,23b29f0f-2908-4f9e-9cac-d50d1d9677ae,TP_UPDATED,5133.0,TP_DYNAMIC,TP_DYNAMIC,5129.82,5117.79,5133.0,5117.79,5121.37956,5127.18978,5133.0,5142.39978,5127.18978,5121.37956,5133.0,5133.0,True,True
2026-08-28T03:59:22.347699+00:00,23b29f0f-2908-4f9e-9cac-d50d1d9677ae,ENTRY_TOUCHED,5126.08,TP_DYNAMIC,ENTRY_TOUCHED,5129.82,5117.79,5133.0,5117.79,5121.37956,5127.18978,5133.0,5142.39978,5127.18978,5121.37956,5133.0,5133.0,True,True
2026-08-28T03:59:22.347699+00:00,23b29f0f-2908-4f9e-9cac-d50d1d9677ae,TP_LOCKED,5133.0,ENTRY_TOUCHED,TP_FROZEN,5129.82,5117.79,5133.0,5117.79,5121.37956,5127.18978,5133.0,5142.39978,5127.18978,5121.37956,5133.0,5133.0,True,True
2026-08-28T03:59:22.353972+00:00,23b29f0f-2908-4f9e-9cac-d50d1d9677ae,TP_HIT,5132.66,TP_FROZEN,COMPLETED,5129.82,5117.79,5133.0,5117.79,5121.37956,5127.18978,5133.0,5142.39978,5127.18978,5121.37956,5133.0,5133.0,True,True
2026-08-28T03:59:22.360217+00:00,ebdd683f-c5ee-4ca2-b709-1e77aadaf35a,BOS_DETECTED,5139.75,NO_SETUP,BOS_DETECTED,5137.22,5122.0,5148.87,5122.0,5128.3413199999995,5138.60566,5148.87,5165.47566,5138.60566,5128.3413199999995,5148.87,5148.87,True,True
2026-08-28T03:59:22.360217+00:00,ebdd683f-c5ee-4ca2-b709-1e77aadaf35a,POINT_2_FOUND,5122.0,BOS_DETECTED,POINT_2_IDENTIFIED,5137.22,5122.0,5148.87,5122.0,5128.3413199999995,5138.60566,5148.87,5165.47566,5138.60566,5128.3413199999995,5148.87,5148.87,True,True
2026-08-28T03:59:22.360217+00:00,ebdd683f-c5ee-4ca2-b709-1e77aadaf35a,SETUP_CREATED,5137.22,POINT_2_IDENTIFIED,FIB_ACTIVE,5137.22,5122.0,5148.87,5122.0,5128.3413199999995,5138.60566,5148.87,5165.47566,5138.60566,5128.3413199999995,5148.87,5148.87,True,True
2026-08-28T03:59:22.360217+00:00,ebdd683f-c5ee-4ca2-b709-1e77aadaf35a,NEW_VALID_HIGH,5137.22,FIB_ACTIVE,TP_DYNAMIC,5137.22,5122.0,5148.87,5122.0,5128.3413199999995,5138.60566,5148.87,5165.47566,5138.60566,5128.3413199999995,5148.87,5148.87,True,True
2026-08-28T03:59:22.360217+00:00,ebdd683f-c5ee-4ca2-b709-1e77aadaf35a,TP_UPDATED,5137.22,TP_DYNAMIC,TP_DYNAMIC,5137.22,5122.0,5148.87,5122.0,5128.3413199999995,5138.60566,5148.87,5165.47566,5138.60566,5128.3413199999995,5148.87,5148.87,True,True
2026-08-28T03:59:22.360217+00:00,ebdd683f-c5ee-4ca2-b709-1e77aadaf35a,NEW_VALID_HIGH,5148.87,TP_DYNAMIC,TP_DYNAMIC,5137.22,5122.0,5148.87,5122.0,5128.3413199999995,5138.60566,5148.87,5165.47566,5138.60566,5128.3413199999995,5148.87,5148.87,True,True
2026-08-28T03:59:22.360217+00:00,ebdd683f-c5ee-4ca2-b709-1e77aadaf35a,TP_UPDATED,5148.87,TP_DYNAMIC,TP_DYNAMIC,5137.22,5122.0,5148.87,5122.0,5128.3413199999995,5138.60566,5148.87,5165.47566,5138.60566,5128.3413199999995,5148.87,5148.87,True,True
2026-08-28T03:59:22.360217+00:00,ebdd683f-c5ee-4ca2-b709-1e77aadaf35a,ENTRY_TOUCHED,5140.83,TP_DYNAMIC,ENTRY_TOUCHED,5137.22,5122.0,5148.87,5122.0,5128.3413199999995,5138.60566,5148.87,5165.47566,5138.60566,5128.3413199999995,5148.87,5148.87,True,True
2026-08-28T03:59:22.360217+00:00,ebdd683f-c5ee-4ca2-b709-1e77aadaf35a,TP_LOCKED,5148.87,ENTRY_TOUCHED,TP_FROZEN,5137.22,5122.0,5148.87,5122.0,5128.3413199999995,5138.60566,5148.87,5165.47566,5138.60566,5128.3413199999995,5148.87,5148.87,True,True
2026-08-28T03:59:22.360217+00:00,ebdd683f-c5ee-4ca2-b709-1e77aadaf35a,TP_HIT,5155.73,TP_FROZEN,COMPLETED,5137.22,5122.0,5148.87,5122.0,5128.3413199999995,5138.60566,5148.87,5165.47566,5138.60566,5128.3413199999995,5148.87,5148.87,True,True
2026-08-28T03:59:22.370682+00:00,0eb7093d-ff32-4ed5-af80-6ffa830e6652,BOS_DETECTED,5154.38,NO_SETUP,BOS_DETECTED,5148.87,5105.15,5168.88,5105.15,5115.46792,5132.16896,5148.87,5175.88896,5132.16896,5115.46792,5148.87,5148.87,True,True
2026-08-28T03:59:22.370682+00:00,0eb7093d-ff32-4ed5-af80-6ffa830e6652,POINT_2_FOUND,5105.15,BOS_DETECTED,POINT_2_IDENTIFIED,5148.87,5105.15,5168.88,5105.15,5115.46792,5132.16896,5148.87,5175.88896,5132.16896,5115.46792,5148.87,5148.87,True,True
2026-08-28T03:59:22.370682+00:00,0eb7093d-ff32-4ed5-af80-6ffa830e6652,SETUP_CREATED,5148.87,POINT_2_IDENTIFIED,FIB_ACTIVE,5148.87,5105.15,5168.88,5105.15,5115.46792,5132.16896,5148.87,5175.88896,5132.16896,5115.46792,5148.87,5148.87,True,True
2026-08-28T03:59:22.370682+00:00,0eb7093d-ff32-4ed5-af80-6ffa830e6652,NEW_VALID_HIGH,5148.87,FIB_ACTIVE,TP_DYNAMIC,5148.87,5105.15,5168.88,5105.15,5115.46792,5132.16896,5148.87,5175.88896,5132.16896,5115.46792,5148.87,5148.87,True,True
2026-08-28T03:59:22.370682+00:00,0eb7093d-ff32-4ed5-af80-6ffa830e6652,TP_UPDATED,5148.87,TP_DYNAMIC,TP_DYNAMIC,5148.87,5105.15,5168.88,5105.15,5115.46792,5132.16896,5148.87,5175.88896,5132.16896,5115.46792,5148.87,5148.87,True,True
2026-08-28T03:59:22.370682+00:00,0eb7093d-ff32-4ed5-af80-6ffa830e6652,ENTRY_TOUCHED,5154.38,TP_DYNAMIC,ENTRY_TOUCHED,5148.87,5105.15,5168.88,5105.15,5115.46792,5132.16896,5148.87,5175.88896,5132.16896,5115.46792,5148.87,5148.87,True,True
2026-08-28T03:59:22.370682+00:00,0eb7093d-ff32-4ed5-af80-6ffa830e6652,TP_LOCKED,5148.87,ENTRY_TOUCHED,TP_FROZEN,5148.87,5105.15,5168.88,5105.15,5115.46792,5132.16896,5148.87,5175.88896,5132.16896,5115.46792,5148.87,5148.87,True,True
2026-08-28T03:59:22.370682+00:00,0eb7093d-ff32-4ed5-af80-6ffa830e6652,POST_ENTRY_HIGH_IGNORED,5168.88,TP_FROZEN,TP_FROZEN,5148.87,5105.15,5168.88,5105.15,5115.46792,5132.16896,5148.87,5175.88896,5132.16896,5115.46792,5148.87,5148.87,True,True
2026-08-28T03:59:22.370682+00:00,0eb7093d-ff32-4ed5-af80-6ffa830e6652,TP_HIT,5143.44,TP_FROZEN,COMPLETED,5148.87,5105.15,5168.88,5105.15,5115.46792,5132.16896,5148.87,5175.88896,5132.16896,5115.46792,5148.87,5148.87,True,True
2026-08-28T03:59:22.376656+00:00,ad468f10-a074-4484-b442-acdb8ee4082f,BOS_DETECTED,5169.16,NO_SETUP,BOS_DETECTED,5168.88,5105.15,5178.76,5105.15,5122.52196,5150.64098,5178.76,5224.250980000001,5150.64098,5122.52196,5178.76,5178.76,True,True
2026-08-28T03:59:22.376656+00:00,ad468f10-a074-4484-b442-acdb8ee4082f,POINT_2_FOUND,5105.15,BOS_DETECTED,POINT_2_IDENTIFIED,5168.88,5105.15,5178.76,5105.15,5122.52196,5150.64098,5178.76,5224.250980000001,5150.64098,5122.52196,5178.76,5178.76,True,True
2026-08-28T03:59:22.376656+00:00,ad468f10-a074-4484-b442-acdb8ee4082f,SETUP_CREATED,5168.88,POINT_2_IDENTIFIED,FIB_ACTIVE,5168.88,5105.15,5178.76,5105.15,5122.52196,5150.64098,5178.76,5224.250980000001,5150.64098,5122.52196,5178.76,5178.76,True,True
2026-08-28T03:59:22.376656+00:00,ad468f10-a074-4484-b442-acdb8ee4082f,NEW_VALID_HIGH,5168.88,FIB_ACTIVE,TP_DYNAMIC,5168.88,5105.15,5178.76,5105.15,5122.52196,5150.64098,5178.76,5224.250980000001,5150.64098,5122.52196,5178.76,5178.76,True,True
2026-08-28T03:59:22.376656+00:00,ad468f10-a074-4484-b442-acdb8ee4082f,TP_UPDATED,5168.88,TP_DYNAMIC,TP_DYNAMIC,5168.88,5105.15,5178.76,5105.15,5122.52196,5150.64098,5178.76,5224.250980000001,5150.64098,5122.52196,5178.76,5178.76,True,True
2026-08-28T03:59:22.380245+00:00,ad468f10-a074-4484-b442-acdb8ee4082f,NEW_VALID_HIGH,5170.5,TP_DYNAMIC,TP_DYNAMIC,5168.88,5105.15,5178.76,5105.15,5122.52196,5150.64098,5178.76,5224.250980000001,5150.64098,5122.52196,5178.76,5178.76,True,True
2026-08-28T03:59:22.380245+00:00,ad468f10-a074-4484-b442-acdb8ee4082f,TP_UPDATED,5170.5,TP_DYNAMIC,TP_DYNAMIC,5168.88,5105.15,5178.76,5105.15,5122.52196,5150.64098,5178.76,5224.250980000001,5150.64098,5122.52196,5178.76,5178.76,True,True
2026-08-28T03:59:22.380245+00:00,ad468f10-a074-4484-b442-acdb8ee4082f,NEW_VALID_HIGH,5178.76,TP_DYNAMIC,TP_DYNAMIC,5168.88,5105.15,5178.76,5105.15,5122.52196,5150.64098,5178.76,5224.250980000001,5150.64098,5122.52196,5178.76,5178.76,True,True
2026-08-28T03:59:22.380245+00:00,ad468f10-a074-4484-b442-acdb8ee4082f,TP_UPDATED,5178.76,TP_DYNAMIC,TP_DYNAMIC,5168.88,5105.15,5178.76,5105.15,5122.52196,5150.64098,5178.76,5224.250980000001,5150.64098,5122.52196,5178.76,5178.76,True,True
2026-08-28T03:59:22.393777+00:00,ad468f10-a074-4484-b442-acdb8ee4082f,ENTRY_TOUCHED,5150.75,TP_DYNAMIC,ENTRY_TOUCHED,5168.88,5105.15,5178.76,5105.15,5122.52196,5150.64098,5178.76,5224.250980000001,5150.64098,5122.52196,5178.76,5178.76,True,True
2026-08-28T03:59:22.393777+00:00,ad468f10-a074-4484-b442-acdb8ee4082f,TP_LOCKED,5178.76,ENTRY_TOUCHED,TP_FROZEN,5168.88,5105.15,5178.76,5105.15,5122.52196,5150.64098,5178.76,5224.250980000001,5150.64098,5122.52196,5178.76,5178.76,True,True
2026-08-28T03:59:22.422242+00:00,ad468f10-a074-4484-b442-acdb8ee4082f,TP_HIT,5193.15,TP_FROZEN,COMPLETED,5168.88,5105.15,5178.76,5105.15,5122.52196,5150.64098,5178.76,5224.250980000001,5150.64098,5122.52196,5178.76,5178.76,True,True
2026-08-28T03:59:22.442848+00:00,7406c498-2710-4750-9d1c-102300dcd3f7,BOS_DETECTED,5218.3,NO_SETUP,BOS_DETECTED,5217.38,5193.68,5253.4,5193.68,5207.7739200000005,5230.58696,5253.4,5290.306959999999,5230.58696,5207.7739200000005,5253.4,5253.4,True,True
2026-08-28T03:59:22.442848+00:00,7406c498-2710-4750-9d1c-102300dcd3f7,POINT_2_FOUND,5193.68,BOS_DETECTED,POINT_2_IDENTIFIED,5217.38,5193.68,5253.4,5193.68,5207.7739200000005,5230.58696,5253.4,5290.306959999999,5230.58696,5207.7739200000005,5253.4,5253.4,True,True
2026-08-28T03:59:22.442848+00:00,7406c498-2710-4750-9d1c-102300dcd3f7,SETUP_CREATED,5217.38,POINT_2_IDENTIFIED,FIB_ACTIVE,5217.38,5193.68,5253.4,5193.68,5207.7739200000005,5230.58696,5253.4,5290.306959999999,5230.58696,5207.7739200000005,5253.4,5253.4,True,True
2026-08-28T03:59:22.442848+00:00,7406c498-2710-4750-9d1c-102300dcd3f7,NEW_VALID_HIGH,5217.38,FIB_ACTIVE,TP_DYNAMIC,5217.38,5193.68,5253.4,5193.68,5207.7739200000005,5230.58696,5253.4,5290.306959999999,5230.58696,5207.7739200000005,5253.4,5253.4,True,True
2026-08-28T03:59:22.442848+00:00,7406c498-2710-4750-9d1c-102300dcd3f7,TP_UPDATED,5217.38,TP_DYNAMIC,TP_DYNAMIC,5217.38,5193.68,5253.4,5193.68,5207.7739200000005,5230.58696,5253.4,5290.306959999999,5230.58696,5207.7739200000005,5253.4,5253.4,True,True
2026-08-28T03:59:22.450353+00:00,7406c498-2710-4750-9d1c-102300dcd3f7,NEW_VALID_HIGH,5239.32,TP_DYNAMIC,TP_DYNAMIC,5217.38,5193.68,5253.4,5193.68,5207.7739200000005,5230.58696,5253.4,5290.306959999999,5230.58696,5207.7739200000005,5253.4,5253.4,True,True
2026-08-28T03:59:22.450353+00:00,7406c498-2710-4750-9d1c-102300dcd3f7,TP_UPDATED,5239.32,TP_DYNAMIC,TP_DYNAMIC,5217.38,5193.68,5253.4,5193.68,5207.7739200000005,5230.58696,5253.4,5290.306959999999,5230.58696,5207.7739200000005,5253.4,5253.4,True,True
2026-08-28T03:59:22.457750+00:00,7406c498-2710-4750-9d1c-102300dcd3f7,NEW_VALID_HIGH,5253.4,TP_DYNAMIC,TP_DYNAMIC,5217.38,5193.68,5253.4,5193.68,5207.7739200000005,5230.58696,5253.4,5290.306959999999,5230.58696,5207.7739200000005,5253.4,5253.4,True,True
2026-08-28T03:59:22.457750+00:00,7406c498-2710-4750-9d1c-102300dcd3f7,TP_UPDATED,5253.4,TP_DYNAMIC,TP_DYNAMIC,5217.38,5193.68,5253.4,5193.68,5207.7739200000005,5230.58696,5253.4,5290.306959999999,5230.58696,5207.7739200000005,5253.4,5253.4,True,True
2026-08-28T03:59:22.460112+00:00,7406c498-2710-4750-9d1c-102300dcd3f7,ENTRY_TOUCHED,5232.09,TP_DYNAMIC,ENTRY_TOUCHED,5217.38,5193.68,5253.4,5193.68,5207.7739200000005,5230.58696,5253.4,5290.306959999999,5230.58696,5207.7739200000005,5253.4,5253.4,True,True
2026-08-28T03:59:22.460112+00:00,7406c498-2710-4750-9d1c-102300dcd3f7,TP_LOCKED,5253.4,ENTRY_TOUCHED,TP_FROZEN,5217.38,5193.68,5253.4,5193.68,5207.7739200000005,5230.58696,5253.4,5290.306959999999,5230.58696,5207.7739200000005,5253.4,5253.4,True,True
2026-08-28T03:59:22.462328+00:00,7406c498-2710-4750-9d1c-102300dcd3f7,INVALIDATED,5188.65,TP_FROZEN,INVALIDATED,5217.38,5193.68,5253.4,5193.68,5207.7739200000005,5230.58696,5253.4,5290.306959999999,5230.58696,5207.7739200000005,5253.4,5253.4,True,True
2026-08-28T03:59:22.514384+00:00,2dda6f12-19bf-449d-9825-4e4fb7c8fdca,BOS_DETECTED,5159.15,NO_SETUP,BOS_DETECTED,5157.95,5101.2,5175.24,5101.2,5118.67344,5146.95672,5175.24,5220.99672,5146.95672,5118.67344,5175.24,5175.24,True,True
2026-08-28T03:59:22.514384+00:00,2dda6f12-19bf-449d-9825-4e4fb7c8fdca,POINT_2_FOUND,5101.2,BOS_DETECTED,POINT_2_IDENTIFIED,5157.95,5101.2,5175.24,5101.2,5118.67344,5146.95672,5175.24,5220.99672,5146.95672,5118.67344,5175.24,5175.24,True,True
2026-08-28T03:59:22.514384+00:00,2dda6f12-19bf-449d-9825-4e4fb7c8fdca,SETUP_CREATED,5157.95,POINT_2_IDENTIFIED,FIB_ACTIVE,5157.95,5101.2,5175.24,5101.2,5118.67344,5146.95672,5175.24,5220.99672,5146.95672,5118.67344,5175.24,5175.24,True,True
2026-08-28T03:59:22.514384+00:00,2dda6f12-19bf-449d-9825-4e4fb7c8fdca,NEW_VALID_HIGH,5157.95,FIB_ACTIVE,TP_DYNAMIC,5157.95,5101.2,5175.24,5101.2,5118.67344,5146.95672,5175.24,5220.99672,5146.95672,5118.67344,5175.24,5175.24,True,True
2026-08-28T03:59:22.514384+00:00,2dda6f12-19bf-449d-9825-4e4fb7c8fdca,TP_UPDATED,5157.95,TP_DYNAMIC,TP_DYNAMIC,5157.95,5101.2,5175.24,5101.2,5118.67344,5146.95672,5175.24,5220.99672,5146.95672,5118.67344,5175.24,5175.24,True,True
2026-08-28T03:59:22.520484+00:00,2dda6f12-19bf-449d-9825-4e4fb7c8fdca,NEW_VALID_HIGH,5172.36,TP_DYNAMIC,TP_DYNAMIC,5157.95,5101.2,5175.24,5101.2,5118.67344,5146.95672,5175.24,5220.99672,5146.95672,5118.67344,5175.24,5175.24,True,True
2026-08-28T03:59:22.520484+00:00,2dda6f12-19bf-449d-9825-4e4fb7c8fdca,TP_UPDATED,5172.36,TP_DYNAMIC,TP_DYNAMIC,5157.95,5101.2,5175.24,5101.2,5118.67344,5146.95672,5175.24,5220.99672,5146.95672,5118.67344,5175.24,5175.24,True,True
2026-08-28T03:59:22.533462+00:00,2dda6f12-19bf-449d-9825-4e4fb7c8fdca,NEW_VALID_HIGH,5175.24,TP_DYNAMIC,TP_DYNAMIC,5157.95,5101.2,5175.24,5101.2,5118.67344,5146.95672,5175.24,5220.99672,5146.95672,5118.67344,5175.24,5175.24,True,True
2026-08-28T03:59:22.533462+00:00,2dda6f12-19bf-449d-9825-4e4fb7c8fdca,TP_UPDATED,5175.24,TP_DYNAMIC,TP_DYNAMIC,5157.95,5101.2,5175.24,5101.2,5118.67344,5146.95672,5175.24,5220.99672,5146.95672,5118.67344,5175.24,5175.24,True,True
2026-08-28T03:59:22.535054+00:00,2dda6f12-19bf-449d-9825-4e4fb7c8fdca,ENTRY_TOUCHED,5143.65,TP_DYNAMIC,ENTRY_TOUCHED,5157.95,5101.2,5175.24,5101.2,5118.67344,5146.95672,5175.24,5220.99672,5146.95672,5118.67344,5175.24,5175.24,True,True
2026-08-28T03:59:22.535054+00:00,2dda6f12-19bf-449d-9825-4e4fb7c8fdca,TP_LOCKED,5175.24,ENTRY_TOUCHED,TP_FROZEN,5157.95,5101.2,5175.24,5101.2,5118.67344,5146.95672,5175.24,5220.99672,5146.95672,5118.67344,5175.24,5175.24,True,True
2026-08-28T03:59:22.550668+00:00,2dda6f12-19bf-449d-9825-4e4fb7c8fdca,TP_HIT,5176.05,TP_FROZEN,COMPLETED,5157.95,5101.2,5175.24,5101.2,5118.67344,5146.95672,5175.24,5220.99672,5146.95672,5118.67344,5175.24,5175.24,True,True
2026-08-28T03:59:22.565540+00:00,949d37e2-86c4-4550-8782-12b3d9aedaa5,BOS_DETECTED,5197.3,NO_SETUP,BOS_DETECTED,5193.55,5125.26,5211.46,5125.26,5145.6032000000005,5178.5316,5211.46,5264.7316,5178.5316,5145.6032000000005,5211.46,5211.46,True,True
2026-08-28T03:59:22.565540+00:00,949d37e2-86c4-4550-8782-12b3d9aedaa5,POINT_2_FOUND,5125.26,BOS_DETECTED,POINT_2_IDENTIFIED,5193.55,5125.26,5211.46,5125.26,5145.6032000000005,5178.5316,5211.46,5264.7316,5178.5316,5145.6032000000005,5211.46,5211.46,True,True
2026-08-28T03:59:22.565540+00:00,949d37e2-86c4-4550-8782-12b3d9aedaa5,SETUP_CREATED,5193.55,POINT_2_IDENTIFIED,FIB_ACTIVE,5193.55,5125.26,5211.46,5125.26,5145.6032000000005,5178.5316,5211.46,5264.7316,5178.5316,5145.6032000000005,5211.46,5211.46,True,True
2026-08-28T03:59:22.565540+00:00,949d37e2-86c4-4550-8782-12b3d9aedaa5,NEW_VALID_HIGH,5193.55,FIB_ACTIVE,TP_DYNAMIC,5193.55,5125.26,5211.46,5125.26,5145.6032000000005,5178.5316,5211.46,5264.7316,5178.5316,5145.6032000000005,5211.46,5211.46,True,True
2026-08-28T03:59:22.565540+00:00,949d37e2-86c4-4550-8782-12b3d9aedaa5,TP_UPDATED,5193.55,TP_DYNAMIC,TP_DYNAMIC,5193.55,5125.26,5211.46,5125.26,5145.6032000000005,5178.5316,5211.46,5264.7316,5178.5316,5145.6032000000005,5211.46,5211.46,True,True
2026-08-28T03:59:22.570305+00:00,949d37e2-86c4-4550-8782-12b3d9aedaa5,NEW_VALID_HIGH,5211.46,TP_DYNAMIC,TP_DYNAMIC,5193.55,5125.26,5211.46,5125.26,5145.6032000000005,5178.5316,5211.46,5264.7316,5178.5316,5145.6032000000005,5211.46,5211.46,True,True
2026-08-28T03:59:22.570305+00:00,949d37e2-86c4-4550-8782-12b3d9aedaa5,TP_UPDATED,5211.46,TP_DYNAMIC,TP_DYNAMIC,5193.55,5125.26,5211.46,5125.26,5145.6032000000005,5178.5316,5211.46,5264.7316,5178.5316,5145.6032000000005,5211.46,5211.46,True,True
2026-08-28T03:59:22.582195+00:00,949d37e2-86c4-4550-8782-12b3d9aedaa5,ENTRY_TOUCHED,5178.11,TP_DYNAMIC,ENTRY_TOUCHED,5193.55,5125.26,5211.46,5125.26,5145.6032000000005,5178.5316,5211.46,5264.7316,5178.5316,5145.6032000000005,5211.46,5211.46,True,True
2026-08-28T03:59:22.582195+00:00,949d37e2-86c4-4550-8782-12b3d9aedaa5,TP_LOCKED,5211.46,ENTRY_TOUCHED,TP_FROZEN,5193.55,5125.26,5211.46,5125.26,5145.6032000000005,5178.5316,5211.46,5264.7316,5178.5316,5145.6032000000005,5211.46,5211.46,True,True
2026-08-28T03:59:22.598415+00:00,949d37e2-86c4-4550-8782-12b3d9aedaa5,TP_HIT,5213.39,TP_FROZEN,COMPLETED,5193.55,5125.26,5211.46,5125.26,5145.6032000000005,5178.5316,5211.46,5264.7316,5178.5316,5145.6032000000005,5211.46,5211.46,True,True
2026-08-28T03:59:22.616884+00:00,1ae96a78-bc39-45f5-b0fd-325fb7011d4d,BOS_DETECTED,5185.96,NO_SETUP,BOS_DETECTED,5183.22,5153.36,5183.22,5153.36,5160.40696,5171.81348,5183.22,5201.67348,5171.81348,5160.40696,5183.22,5183.22,True,True
2026-08-28T03:59:22.616884+00:00,1ae96a78-bc39-45f5-b0fd-325fb7011d4d,POINT_2_FOUND,5153.36,BOS_DETECTED,POINT_2_IDENTIFIED,5183.22,5153.36,5183.22,5153.36,5160.40696,5171.81348,5183.22,5201.67348,5171.81348,5160.40696,5183.22,5183.22,True,True
2026-08-28T03:59:22.616884+00:00,1ae96a78-bc39-45f5-b0fd-325fb7011d4d,SETUP_CREATED,5183.22,POINT_2_IDENTIFIED,FIB_ACTIVE,5183.22,5153.36,5183.22,5153.36,5160.40696,5171.81348,5183.22,5201.67348,5171.81348,5160.40696,5183.22,5183.22,True,True
2026-08-28T03:59:22.616884+00:00,1ae96a78-bc39-45f5-b0fd-325fb7011d4d,NEW_VALID_HIGH,5183.22,FIB_ACTIVE,TP_DYNAMIC,5183.22,5153.36,5183.22,5153.36,5160.40696,5171.81348,5183.22,5201.67348,5171.81348,5160.40696,5183.22,5183.22,True,True
2026-08-28T03:59:22.616884+00:00,1ae96a78-bc39-45f5-b0fd-325fb7011d4d,TP_UPDATED,5183.22,TP_DYNAMIC,TP_DYNAMIC,5183.22,5153.36,5183.22,5153.36,5160.40696,5171.81348,5183.22,5201.67348,5171.81348,5160.40696,5183.22,5183.22,True,True
2026-08-28T03:59:22.616884+00:00,1ae96a78-bc39-45f5-b0fd-325fb7011d4d,ENTRY_TOUCHED,5185.96,TP_DYNAMIC,ENTRY_TOUCHED,5183.22,5153.36,5183.22,5153.36,5160.40696,5171.81348,5183.22,5201.67348,5171.81348,5160.40696,5183.22,5183.22,True,True
2026-08-28T03:59:22.616884+00:00,1ae96a78-bc39-45f5-b0fd-325fb7011d4d,TP_LOCKED,5183.22,ENTRY_TOUCHED,TP_FROZEN,5183.22,5153.36,5183.22,5153.36,5160.40696,5171.81348,5183.22,5201.67348,5171.81348,5160.40696,5183.22,5183.22,True,True
2026-08-28T03:59:22.616884+00:00,1ae96a78-bc39-45f5-b0fd-325fb7011d4d,TP_HIT,5188.0,TP_FROZEN,COMPLETED,5183.22,5153.36,5183.22,5153.36,5160.40696,5171.81348,5183.22,5201.67348,5171.81348,5160.40696,5183.22,5183.22,True,True
2026-08-28T03:59:22.620372+00:00,e81d8552-9692-4cdb-93cf-d121d31f91fb,BOS_DETECTED,5188.8,NO_SETUP,BOS_DETECTED,5183.22,5153.36,5197.05,5153.36,5163.67084,5180.36042,5197.05,5224.0504200000005,5180.36042,5163.67084,5197.05,5197.05,True,True
2026-08-28T03:59:22.620372+00:00,e81d8552-9692-4cdb-93cf-d121d31f91fb,POINT_2_FOUND,5153.36,BOS_DETECTED,POINT_2_IDENTIFIED,5183.22,5153.36,5197.05,5153.36,5163.67084,5180.36042,5197.05,5224.0504200000005,5180.36042,5163.67084,5197.05,5197.05,True,True
2026-08-28T03:59:22.620372+00:00,e81d8552-9692-4cdb-93cf-d121d31f91fb,SETUP_CREATED,5183.22,POINT_2_IDENTIFIED,FIB_ACTIVE,5183.22,5153.36,5197.05,5153.36,5163.67084,5180.36042,5197.05,5224.0504200000005,5180.36042,5163.67084,5197.05,5197.05,True,True
2026-08-28T03:59:22.620372+00:00,e81d8552-9692-4cdb-93cf-d121d31f91fb,NEW_VALID_HIGH,5183.22,FIB_ACTIVE,TP_DYNAMIC,5183.22,5153.36,5197.05,5153.36,5163.67084,5180.36042,5197.05,5224.0504200000005,5180.36042,5163.67084,5197.05,5197.05,True,True
2026-08-28T03:59:22.620372+00:00,e81d8552-9692-4cdb-93cf-d121d31f91fb,TP_UPDATED,5183.22,TP_DYNAMIC,TP_DYNAMIC,5183.22,5153.36,5197.05,5153.36,5163.67084,5180.36042,5197.05,5224.0504200000005,5180.36042,5163.67084,5197.05,5197.05,True,True
2026-08-28T03:59:22.620372+00:00,e81d8552-9692-4cdb-93cf-d121d31f91fb,NEW_VALID_HIGH,5197.05,TP_DYNAMIC,TP_DYNAMIC,5183.22,5153.36,5197.05,5153.36,5163.67084,5180.36042,5197.05,5224.0504200000005,5180.36042,5163.67084,5197.05,5197.05,True,True
2026-08-28T03:59:22.620372+00:00,e81d8552-9692-4cdb-93cf-d121d31f91fb,TP_UPDATED,5197.05,TP_DYNAMIC,TP_DYNAMIC,5183.22,5153.36,5197.05,5153.36,5163.67084,5180.36042,5197.05,5224.0504200000005,5180.36042,5163.67084,5197.05,5197.05,True,True
2026-08-28T03:59:22.626869+00:00,e81d8552-9692-4cdb-93cf-d121d31f91fb,ENTRY_TOUCHED,5176.49,TP_DYNAMIC,ENTRY_TOUCHED,5183.22,5153.36,5197.05,5153.36,5163.67084,5180.36042,5197.05,5224.0504200000005,5180.36042,5163.67084,5197.05,5197.05,True,True
2026-08-28T03:59:22.626869+00:00,e81d8552-9692-4cdb-93cf-d121d31f91fb,TP_LOCKED,5197.05,ENTRY_TOUCHED,TP_FROZEN,5183.22,5153.36,5197.05,5153.36,5163.67084,5180.36042,5197.05,5224.0504200000005,5180.36042,5163.67084,5197.05,5197.05,True,True
2026-08-28T03:59:22.630393+00:00,e81d8552-9692-4cdb-93cf-d121d31f91fb,TP_HIT,5195.35,TP_FROZEN,COMPLETED,5183.22,5153.36,5197.05,5153.36,5163.67084,5180.36042,5197.05,5224.0504200000005,5180.36042,5163.67084,5197.05,5197.05,True,True
2026-08-28T03:59:22.632465+00:00,e7f2b86f-cb56-455c-a7ea-815ccc810237,BOS_DETECTED,5199.21,NO_SETUP,BOS_DETECTED,5197.4,5175.1,5203.5,5175.1,5181.8024000000005,5192.6512,5203.5,5221.0512,5192.6512,5181.8024000000005,5203.5,5203.5,True,True
2026-08-28T03:59:22.632465+00:00,e7f2b86f-cb56-455c-a7ea-815ccc810237,POINT_2_FOUND,5175.1,BOS_DETECTED,POINT_2_IDENTIFIED,5197.4,5175.1,5203.5,5175.1,5181.8024000000005,5192.6512,5203.5,5221.0512,5192.6512,5181.8024000000005,5203.5,5203.5,True,True
2026-08-28T03:59:22.632465+00:00,e7f2b86f-cb56-455c-a7ea-815ccc810237,SETUP_CREATED,5197.4,POINT_2_IDENTIFIED,FIB_ACTIVE,5197.4,5175.1,5203.5,5175.1,5181.8024000000005,5192.6512,5203.5,5221.0512,5192.6512,5181.8024000000005,5203.5,5203.5,True,True
2026-08-28T03:59:22.632465+00:00,e7f2b86f-cb56-455c-a7ea-815ccc810237,NEW_VALID_HIGH,5197.4,FIB_ACTIVE,TP_DYNAMIC,5197.4,5175.1,5203.5,5175.1,5181.8024000000005,5192.6512,5203.5,5221.0512,5192.6512,5181.8024000000005,5203.5,5203.5,True,True
2026-08-28T03:59:22.632465+00:00,e7f2b86f-cb56-455c-a7ea-815ccc810237,TP_UPDATED,5197.4,TP_DYNAMIC,TP_DYNAMIC,5197.4,5175.1,5203.5,5175.1,5181.8024000000005,5192.6512,5203.5,5221.0512,5192.6512,5181.8024000000005,5203.5,5203.5,True,True
2026-08-28T03:59:22.634477+00:00,e7f2b86f-cb56-455c-a7ea-815ccc810237,NEW_VALID_HIGH,5203.5,TP_DYNAMIC,TP_DYNAMIC,5197.4,5175.1,5203.5,5175.1,5181.8024000000005,5192.6512,5203.5,5221.0512,5192.6512,5181.8024000000005,5203.5,5203.5,True,True
2026-08-28T03:59:22.634477+00:00,e7f2b86f-cb56-455c-a7ea-815ccc810237,TP_UPDATED,5203.5,TP_DYNAMIC,TP_DYNAMIC,5197.4,5175.1,5203.5,5175.1,5181.8024000000005,5192.6512,5203.5,5221.0512,5192.6512,5181.8024000000005,5203.5,5203.5,True,True
2026-08-28T03:59:22.634477+00:00,e7f2b86f-cb56-455c-a7ea-815ccc810237,ENTRY_TOUCHED,5196.79,TP_DYNAMIC,ENTRY_TOUCHED,5197.4,5175.1,5203.5,5175.1,5181.8024000000005,5192.6512,5203.5,5221.0512,5192.6512,5181.8024000000005,5203.5,5203.5,True,True
2026-08-28T03:59:22.634477+00:00,e7f2b86f-cb56-455c-a7ea-815ccc810237,TP_LOCKED,5203.5,ENTRY_TOUCHED,TP_FROZEN,5197.4,5175.1,5203.5,5175.1,5181.8024000000005,5192.6512,5203.5,5221.0512,5192.6512,5181.8024000000005,5203.5,5203.5,True,True
2026-08-28T03:59:22.640522+00:00,e7f2b86f-cb56-455c-a7ea-815ccc810237,SL_HIT,5186.05,TP_FROZEN,COMPLETED,5197.4,5175.1,5203.5,5175.1,5181.8024000000005,5192.6512,5203.5,5221.0512,5192.6512,5181.8024000000005,5203.5,5203.5,True,True
2026-08-28T03:59:22.670256+00:00,4b4bfe9a-2557-4813-9b12-29a78dcfbe5d,BOS_DETECTED,5195.9,NO_SETUP,BOS_DETECTED,5190.84,5133.05,5199.98,5133.05,5148.84548,5174.41274,5199.98,5241.342739999999,5174.41274,5148.84548,5199.98,5199.98,True,True
2026-08-28T03:59:22.670256+00:00,4b4bfe9a-2557-4813-9b12-29a78dcfbe5d,POINT_2_FOUND,5133.05,BOS_DETECTED,POINT_2_IDENTIFIED,5190.84,5133.05,5199.98,5133.05,5148.84548,5174.41274,5199.98,5241.342739999999,5174.41274,5148.84548,5199.98,5199.98,True,True
2026-08-28T03:59:22.670256+00:00,4b4bfe9a-2557-4813-9b12-29a78dcfbe5d,SETUP_CREATED,5190.84,POINT_2_IDENTIFIED,FIB_ACTIVE,5190.84,5133.05,5199.98,5133.05,5148.84548,5174.41274,5199.98,5241.342739999999,5174.41274,5148.84548,5199.98,5199.98,True,True
2026-08-28T03:59:22.670256+00:00,4b4bfe9a-2557-4813-9b12-29a78dcfbe5d,NEW_VALID_HIGH,5190.84,FIB_ACTIVE,TP_DYNAMIC,5190.84,5133.05,5199.98,5133.05,5148.84548,5174.41274,5199.98,5241.342739999999,5174.41274,5148.84548,5199.98,5199.98,True,True
2026-08-28T03:59:22.670256+00:00,4b4bfe9a-2557-4813-9b12-29a78dcfbe5d,TP_UPDATED,5190.84,TP_DYNAMIC,TP_DYNAMIC,5190.84,5133.05,5199.98,5133.05,5148.84548,5174.41274,5199.98,5241.342739999999,5174.41274,5148.84548,5199.98,5199.98,True,True
2026-08-28T03:59:22.677310+00:00,4b4bfe9a-2557-4813-9b12-29a78dcfbe5d,NEW_VALID_HIGH,5199.98,TP_DYNAMIC,TP_DYNAMIC,5190.84,5133.05,5199.98,5133.05,5148.84548,5174.41274,5199.98,5241.342739999999,5174.41274,5148.84548,5199.98,5199.98,True,True
2026-08-28T03:59:22.677310+00:00,4b4bfe9a-2557-4813-9b12-29a78dcfbe5d,TP_UPDATED,5199.98,TP_DYNAMIC,TP_DYNAMIC,5190.84,5133.05,5199.98,5133.05,5148.84548,5174.41274,5199.98,5241.342739999999,5174.41274,5148.84548,5199.98,5199.98,True,True
2026-08-28T03:59:22.682402+00:00,4b4bfe9a-2557-4813-9b12-29a78dcfbe5d,ENTRY_TOUCHED,5176.59,TP_DYNAMIC,ENTRY_TOUCHED,5190.84,5133.05,5199.98,5133.05,5148.84548,5174.41274,5199.98,5241.342739999999,5174.41274,5148.84548,5199.98,5199.98,True,True
2026-08-28T03:59:22.682402+00:00,4b4bfe9a-2557-4813-9b12-29a78dcfbe5d,TP_LOCKED,5199.98,ENTRY_TOUCHED,TP_FROZEN,5190.84,5133.05,5199.98,5133.05,5148.84548,5174.41274,5199.98,5241.342739999999,5174.41274,5148.84548,5199.98,5199.98,True,True
2026-08-28T03:59:22.715529+00:00,4b4bfe9a-2557-4813-9b12-29a78dcfbe5d,TP_HIT,5213.8,TP_FROZEN,COMPLETED,5190.84,5133.05,5199.98,5133.05,5148.84548,5174.41274,5199.98,5241.342739999999,5174.41274,5148.84548,5199.98,5199.98,True,True
2026-08-28T03:59:22.725634+00:00,772ed5c8-cb6c-4ab5-a2c7-2dd0a0243945,BOS_DETECTED,5257.31,NO_SETUP,BOS_DETECTED,5249.0,5171.47,5262.3,5171.47,5192.90588,5227.60294,5262.3,5318.432940000001,5227.60294,5192.90588,5262.3,5262.3,True,True
2026-08-28T03:59:22.725634+00:00,772ed5c8-cb6c-4ab5-a2c7-2dd0a0243945,POINT_2_FOUND,5171.47,BOS_DETECTED,POINT_2_IDENTIFIED,5249.0,5171.47,5262.3,5171.47,5192.90588,5227.60294,5262.3,5318.432940000001,5227.60294,5192.90588,5262.3,5262.3,True,True
2026-08-28T03:59:22.725634+00:00,772ed5c8-cb6c-4ab5-a2c7-2dd0a0243945,SETUP_CREATED,5249.0,POINT_2_IDENTIFIED,FIB_ACTIVE,5249.0,5171.47,5262.3,5171.47,5192.90588,5227.60294,5262.3,5318.432940000001,5227.60294,5192.90588,5262.3,5262.3,True,True
2026-08-28T03:59:22.725634+00:00,772ed5c8-cb6c-4ab5-a2c7-2dd0a0243945,NEW_VALID_HIGH,5249.0,FIB_ACTIVE,TP_DYNAMIC,5249.0,5171.47,5262.3,5171.47,5192.90588,5227.60294,5262.3,5318.432940000001,5227.60294,5192.90588,5262.3,5262.3,True,True
2026-08-28T03:59:22.725634+00:00,772ed5c8-cb6c-4ab5-a2c7-2dd0a0243945,TP_UPDATED,5249.0,TP_DYNAMIC,TP_DYNAMIC,5249.0,5171.47,5262.3,5171.47,5192.90588,5227.60294,5262.3,5318.432940000001,5227.60294,5192.90588,5262.3,5262.3,True,True
2026-08-28T03:59:22.725634+00:00,772ed5c8-cb6c-4ab5-a2c7-2dd0a0243945,NEW_VALID_HIGH,5262.3,TP_DYNAMIC,TP_DYNAMIC,5249.0,5171.47,5262.3,5171.47,5192.90588,5227.60294,5262.3,5318.432940000001,5227.60294,5192.90588,5262.3,5262.3,True,True
2026-08-28T03:59:22.725634+00:00,772ed5c8-cb6c-4ab5-a2c7-2dd0a0243945,TP_UPDATED,5262.3,TP_DYNAMIC,TP_DYNAMIC,5249.0,5171.47,5262.3,5171.47,5192.90588,5227.60294,5262.3,5318.432940000001,5227.60294,5192.90588,5262.3,5262.3,True,True
2026-08-28T03:59:22.725634+00:00,772ed5c8-cb6c-4ab5-a2c7-2dd0a0243945,ENTRY_TOUCHED,5231.2,TP_DYNAMIC,ENTRY_TOUCHED,5249.0,5171.47,5262.3,5171.47,5192.90588,5227.60294,5262.3,5318.432940000001,5227.60294,5192.90588,5262.3,5262.3,True,True
2026-08-28T03:59:22.725634+00:00,772ed5c8-cb6c-4ab5-a2c7-2dd0a0243945,TP_LOCKED,5262.3,ENTRY_TOUCHED,TP_FROZEN,5249.0,5171.47,5262.3,5171.47,5192.90588,5227.60294,5262.3,5318.432940000001,5227.60294,5192.90588,5262.3,5262.3,True,True
2026-08-28T03:59:22.732078+00:00,772ed5c8-cb6c-4ab5-a2c7-2dd0a0243945,TP_HIT,5259.14,TP_FROZEN,COMPLETED,5249.0,5171.47,5262.3,5171.47,5192.90588,5227.60294,5262.3,5318.432940000001,5227.60294,5192.90588,5262.3,5262.3,True,True
2026-08-28T03:59:22.732078+00:00,dda8e317-0625-48ee-980b-18d8ca719a1e,BOS_DETECTED,5262.32,NO_SETUP,BOS_DETECTED,5262.3,5171.47,5396.44,5171.47,5224.56292,5310.5014599999995,5396.44,5535.471459999999,5310.5014599999995,5224.56292,5396.44,5396.44,True,True
2026-08-28T03:59:22.732078+00:00,dda8e317-0625-48ee-980b-18d8ca719a1e,POINT_2_FOUND,5171.47,BOS_DETECTED,POINT_2_IDENTIFIED,5262.3,5171.47,5396.44,5171.47,5224.56292,5310.5014599999995,5396.44,5535.471459999999,5310.5014599999995,5224.56292,5396.44,5396.44,True,True
2026-08-28T03:59:22.732078+00:00,dda8e317-0625-48ee-980b-18d8ca719a1e,SETUP_CREATED,5262.3,POINT_2_IDENTIFIED,FIB_ACTIVE,5262.3,5171.47,5396.44,5171.47,5224.56292,5310.5014599999995,5396.44,5535.471459999999,5310.5014599999995,5224.56292,5396.44,5396.44,True,True
2026-08-28T03:59:22.732078+00:00,dda8e317-0625-48ee-980b-18d8ca719a1e,NEW_VALID_HIGH,5262.3,FIB_ACTIVE,TP_DYNAMIC,5262.3,5171.47,5396.44,5171.47,5224.56292,5310.5014599999995,5396.44,5535.471459999999,5310.5014599999995,5224.56292,5396.44,5396.44,True,True
2026-08-28T03:59:22.732078+00:00,dda8e317-0625-48ee-980b-18d8ca719a1e,TP_UPDATED,5262.3,TP_DYNAMIC,TP_DYNAMIC,5262.3,5171.47,5396.44,5171.47,5224.56292,5310.5014599999995,5396.44,5535.471459999999,5310.5014599999995,5224.56292,5396.44,5396.44,True,True
2026-08-28T03:59:22.745692+00:00,dda8e317-0625-48ee-980b-18d8ca719a1e,NEW_VALID_HIGH,5286.26,TP_DYNAMIC,TP_DYNAMIC,5262.3,5171.47,5396.44,5171.47,5224.56292,5310.5014599999995,5396.44,5535.471459999999,5310.5014599999995,5224.56292,5396.44,5396.44,True,True
2026-08-28T03:59:22.745692+00:00,dda8e317-0625-48ee-980b-18d8ca719a1e,TP_UPDATED,5286.26,TP_DYNAMIC,TP_DYNAMIC,5262.3,5171.47,5396.44,5171.47,5224.56292,5310.5014599999995,5396.44,5535.471459999999,5310.5014599999995,5224.56292,5396.44,5396.44,True,True
2026-08-28T03:59:22.766720+00:00,dda8e317-0625-48ee-980b-18d8ca719a1e,NEW_VALID_HIGH,5329.8,TP_DYNAMIC,TP_DYNAMIC,5262.3,5171.47,5396.44,5171.47,5224.56292,5310.5014599999995,5396.44,5535.471459999999,5310.5014599999995,5224.56292,5396.44,5396.44,True,True
2026-08-28T03:59:22.766720+00:00,dda8e317-0625-48ee-980b-18d8ca719a1e,TP_UPDATED,5329.8,TP_DYNAMIC,TP_DYNAMIC,5262.3,5171.47,5396.44,5171.47,5224.56292,5310.5014599999995,5396.44,5535.471459999999,5310.5014599999995,5224.56292,5396.44,5396.44,True,True
2026-08-28T03:59:22.776785+00:00,dda8e317-0625-48ee-980b-18d8ca719a1e,NEW_VALID_HIGH,5396.44,TP_DYNAMIC,TP_DYNAMIC,5262.3,5171.47,5396.44,5171.47,5224.56292,5310.5014599999995,5396.44,5535.471459999999,5310.5014599999995,5224.56292,5396.44,5396.44,True,True
2026-08-28T03:59:22.776785+00:00,dda8e317-0625-48ee-980b-18d8ca719a1e,TP_UPDATED,5396.44,TP_DYNAMIC,TP_DYNAMIC,5262.3,5171.47,5396.44,5171.47,5224.56292,5310.5014599999995,5396.44,5535.471459999999,5310.5014599999995,5224.56292,5396.44,5396.44,True,True
2026-08-28T03:59:22.776785+00:00,dda8e317-0625-48ee-980b-18d8ca719a1e,ENTRY_TOUCHED,5321.62,TP_DYNAMIC,ENTRY_TOUCHED,5262.3,5171.47,5396.44,5171.47,5224.56292,5310.5014599999995,5396.44,5535.471459999999,5310.5014599999995,5224.56292,5396.44,5396.44,True,True
2026-08-28T03:59:22.776785+00:00,dda8e317-0625-48ee-980b-18d8ca719a1e,TP_LOCKED,5396.44,ENTRY_TOUCHED,TP_FROZEN,5262.3,5171.47,5396.44,5171.47,5224.56292,5310.5014599999995,5396.44,5535.471459999999,5310.5014599999995,5224.56292,5396.44,5396.44,True,True
2026-08-28T03:59:22.893173+00:00,dda8e317-0625-48ee-980b-18d8ca719a1e,TP_HIT,5404.41,TP_FROZEN,COMPLETED,5262.3,5171.47,5396.44,5171.47,5224.56292,5310.5014599999995,5396.44,5535.471459999999,5310.5014599999995,5224.56292,5396.44,5396.44,True,True
2026-08-28T03:59:22.910375+00:00,76c09665-de93-4b8f-8659-76858ed6783b,BOS_DETECTED,5400.16,NO_SETUP,BOS_DETECTED,5398.02,5373.24,5398.02,5373.24,5379.0880799999995,5388.55404,5398.02,5413.334040000001,5388.55404,5379.0880799999995,5398.02,5398.02,True,True
2026-08-28T03:59:22.910375+00:00,76c09665-de93-4b8f-8659-76858ed6783b,POINT_2_FOUND,5373.24,BOS_DETECTED,POINT_2_IDENTIFIED,5398.02,5373.24,5398.02,5373.24,5379.0880799999995,5388.55404,5398.02,5413.334040000001,5388.55404,5379.0880799999995,5398.02,5398.02,True,True
2026-08-28T03:59:22.910375+00:00,76c09665-de93-4b8f-8659-76858ed6783b,SETUP_CREATED,5398.02,POINT_2_IDENTIFIED,FIB_ACTIVE,5398.02,5373.24,5398.02,5373.24,5379.0880799999995,5388.55404,5398.02,5413.334040000001,5388.55404,5379.0880799999995,5398.02,5398.02,True,True
2026-08-28T03:59:22.910375+00:00,76c09665-de93-4b8f-8659-76858ed6783b,NEW_VALID_HIGH,5398.02,FIB_ACTIVE,TP_DYNAMIC,5398.02,5373.24,5398.02,5373.24,5379.0880799999995,5388.55404,5398.02,5413.334040000001,5388.55404,5379.0880799999995,5398.02,5398.02,True,True
2026-08-28T03:59:22.910375+00:00,76c09665-de93-4b8f-8659-76858ed6783b,TP_UPDATED,5398.02,TP_DYNAMIC,TP_DYNAMIC,5398.02,5373.24,5398.02,5373.24,5379.0880799999995,5388.55404,5398.02,5413.334040000001,5388.55404,5379.0880799999995,5398.02,5398.02,True,True
2026-08-28T03:59:22.910375+00:00,76c09665-de93-4b8f-8659-76858ed6783b,ENTRY_TOUCHED,5400.16,TP_DYNAMIC,ENTRY_TOUCHED,5398.02,5373.24,5398.02,5373.24,5379.0880799999995,5388.55404,5398.02,5413.334040000001,5388.55404,5379.0880799999995,5398.02,5398.02,True,True
2026-08-28T03:59:22.910375+00:00,76c09665-de93-4b8f-8659-76858ed6783b,TP_LOCKED,5398.02,ENTRY_TOUCHED,TP_FROZEN,5398.02,5373.24,5398.02,5373.24,5379.0880799999995,5388.55404,5398.02,5413.334040000001,5388.55404,5379.0880799999995,5398.02,5398.02,True,True
2026-08-28T03:59:22.910375+00:00,76c09665-de93-4b8f-8659-76858ed6783b,TP_HIT,5393.06,TP_FROZEN,COMPLETED,5398.02,5373.24,5398.02,5373.24,5379.0880799999995,5388.55404,5398.02,5413.334040000001,5388.55404,5379.0880799999995,5398.02,5398.02,True,True
2026-08-28T03:59:22.922467+00:00,5730cbbe-e638-4c20-ab5d-f6b41aed488b,BOS_DETECTED,5329.77,NO_SETUP,BOS_DETECTED,5322.56,5258.0,5377.49,5258.0,5286.19964,5331.84482,5377.49,5451.33482,5331.84482,5286.19964,5377.49,5377.49,True,True
2026-08-28T03:59:22.922467+00:00,5730cbbe-e638-4c20-ab5d-f6b41aed488b,POINT_2_FOUND,5258.0,BOS_DETECTED,POINT_2_IDENTIFIED,5322.56,5258.0,5377.49,5258.0,5286.19964,5331.84482,5377.49,5451.33482,5331.84482,5286.19964,5377.49,5377.49,True,True
2026-08-28T03:59:22.922467+00:00,5730cbbe-e638-4c20-ab5d-f6b41aed488b,SETUP_CREATED,5322.56,POINT_2_IDENTIFIED,FIB_ACTIVE,5322.56,5258.0,5377.49,5258.0,5286.19964,5331.84482,5377.49,5451.33482,5331.84482,5286.19964,5377.49,5377.49,True,True
2026-08-28T03:59:22.922467+00:00,5730cbbe-e638-4c20-ab5d-f6b41aed488b,NEW_VALID_HIGH,5322.56,FIB_ACTIVE,TP_DYNAMIC,5322.56,5258.0,5377.49,5258.0,5286.19964,5331.84482,5377.49,5451.33482,5331.84482,5286.19964,5377.49,5377.49,True,True
2026-08-28T03:59:22.922467+00:00,5730cbbe-e638-4c20-ab5d-f6b41aed488b,TP_UPDATED,5322.56,TP_DYNAMIC,TP_DYNAMIC,5322.56,5258.0,5377.49,5258.0,5286.19964,5331.84482,5377.49,5451.33482,5331.84482,5286.19964,5377.49,5377.49,True,True
2026-08-28T03:59:22.934379+00:00,5730cbbe-e638-4c20-ab5d-f6b41aed488b,NEW_VALID_HIGH,5344.98,TP_DYNAMIC,TP_DYNAMIC,5322.56,5258.0,5377.49,5258.0,5286.19964,5331.84482,5377.49,5451.33482,5331.84482,5286.19964,5377.49,5377.49,True,True
2026-08-28T03:59:22.934379+00:00,5730cbbe-e638-4c20-ab5d-f6b41aed488b,TP_UPDATED,5344.98,TP_DYNAMIC,TP_DYNAMIC,5322.56,5258.0,5377.49,5258.0,5286.19964,5331.84482,5377.49,5451.33482,5331.84482,5286.19964,5377.49,5377.49,True,True
2026-08-28T03:59:22.940356+00:00,5730cbbe-e638-4c20-ab5d-f6b41aed488b,NEW_VALID_HIGH,5346.16,TP_DYNAMIC,TP_DYNAMIC,5322.56,5258.0,5377.49,5258.0,5286.19964,5331.84482,5377.49,5451.33482,5331.84482,5286.19964,5377.49,5377.49,True,True
2026-08-28T03:59:22.940356+00:00,5730cbbe-e638-4c20-ab5d-f6b41aed488b,TP_UPDATED,5346.16,TP_DYNAMIC,TP_DYNAMIC,5322.56,5258.0,5377.49,5258.0,5286.19964,5331.84482,5377.49,5451.33482,5331.84482,5286.19964,5377.49,5377.49,True,True
2026-08-28T03:59:22.946906+00:00,5730cbbe-e638-4c20-ab5d-f6b41aed488b,NEW_VALID_HIGH,5377.49,TP_DYNAMIC,TP_DYNAMIC,5322.56,5258.0,5377.49,5258.0,5286.19964,5331.84482,5377.49,5451.33482,5331.84482,5286.19964,5377.49,5377.49,True,True
2026-08-28T03:59:22.946906+00:00,5730cbbe-e638-4c20-ab5d-f6b41aed488b,TP_UPDATED,5377.49,TP_DYNAMIC,TP_DYNAMIC,5322.56,5258.0,5377.49,5258.0,5286.19964,5331.84482,5377.49,5451.33482,5331.84482,5286.19964,5377.49,5377.49,True,True
2026-08-28T03:59:22.960397+00:00,5730cbbe-e638-4c20-ab5d-f6b41aed488b,ENTRY_TOUCHED,5318.21,TP_DYNAMIC,ENTRY_TOUCHED,5322.56,5258.0,5377.49,5258.0,5286.19964,5331.84482,5377.49,5451.33482,5331.84482,5286.19964,5377.49,5377.49,True,True
2026-08-28T03:59:22.960397+00:00,5730cbbe-e638-4c20-ab5d-f6b41aed488b,TP_LOCKED,5377.49,ENTRY_TOUCHED,TP_FROZEN,5322.56,5258.0,5377.49,5258.0,5286.19964,5331.84482,5377.49,5451.33482,5331.84482,5286.19964,5377.49,5377.49,True,True
2026-08-28T03:59:22.960397+00:00,5730cbbe-e638-4c20-ab5d-f6b41aed488b,SL_HIT,5288.32,TP_FROZEN,COMPLETED,5322.56,5258.0,5377.49,5258.0,5286.19964,5331.84482,5377.49,5451.33482,5331.84482,5286.19964,5377.49,5377.49,True,True
2026-08-28T03:59:23.015006+00:00,01d9eab2-8910-4a03-a297-2ee6e844a389,BOS_DETECTED,5131.48,NO_SETUP,BOS_DETECTED,5129.49,5083.73,5189.99,5083.73,5108.80736,5149.398679999999,5189.99,5255.65868,5149.398679999999,5108.80736,5189.99,5189.99,True,True
2026-08-28T03:59:23.017013+00:00,01d9eab2-8910-4a03-a297-2ee6e844a389,POINT_2_FOUND,5083.73,BOS_DETECTED,POINT_2_IDENTIFIED,5129.49,5083.73,5189.99,5083.73,5108.80736,5149.398679999999,5189.99,5255.65868,5149.398679999999,5108.80736,5189.99,5189.99,True,True
2026-08-28T03:59:23.017013+00:00,01d9eab2-8910-4a03-a297-2ee6e844a389,SETUP_CREATED,5129.49,POINT_2_IDENTIFIED,FIB_ACTIVE,5129.49,5083.73,5189.99,5083.73,5108.80736,5149.398679999999,5189.99,5255.65868,5149.398679999999,5108.80736,5189.99,5189.99,True,True
2026-08-28T03:59:23.017013+00:00,01d9eab2-8910-4a03-a297-2ee6e844a389,NEW_VALID_HIGH,5129.49,FIB_ACTIVE,TP_DYNAMIC,5129.49,5083.73,5189.99,5083.73,5108.80736,5149.398679999999,5189.99,5255.65868,5149.398679999999,5108.80736,5189.99,5189.99,True,True
2026-08-28T03:59:23.017013+00:00,01d9eab2-8910-4a03-a297-2ee6e844a389,TP_UPDATED,5129.49,TP_DYNAMIC,TP_DYNAMIC,5129.49,5083.73,5189.99,5083.73,5108.80736,5149.398679999999,5189.99,5255.65868,5149.398679999999,5108.80736,5189.99,5189.99,True,True
2026-08-28T03:59:23.022707+00:00,01d9eab2-8910-4a03-a297-2ee6e844a389,NEW_VALID_HIGH,5189.99,TP_DYNAMIC,TP_DYNAMIC,5129.49,5083.73,5189.99,5083.73,5108.80736,5149.398679999999,5189.99,5255.65868,5149.398679999999,5108.80736,5189.99,5189.99,True,True
2026-08-28T03:59:23.022707+00:00,01d9eab2-8910-4a03-a297-2ee6e844a389,TP_UPDATED,5189.99,TP_DYNAMIC,TP_DYNAMIC,5129.49,5083.73,5189.99,5083.73,5108.80736,5149.398679999999,5189.99,5255.65868,5149.398679999999,5108.80736,5189.99,5189.99,True,True
2026-08-28T03:59:23.022707+00:00,01d9eab2-8910-4a03-a297-2ee6e844a389,ENTRY_TOUCHED,5155.03,TP_DYNAMIC,ENTRY_TOUCHED,5129.49,5083.73,5189.99,5083.73,5108.80736,5149.398679999999,5189.99,5255.65868,5149.398679999999,5108.80736,5189.99,5189.99,True,True
2026-08-28T03:59:23.022707+00:00,01d9eab2-8910-4a03-a297-2ee6e844a389,TP_LOCKED,5189.99,ENTRY_TOUCHED,TP_FROZEN,5129.49,5083.73,5189.99,5083.73,5108.80736,5149.398679999999,5189.99,5255.65868,5149.398679999999,5108.80736,5189.99,5189.99,True,True
2026-08-28T03:59:23.046367+00:00,01d9eab2-8910-4a03-a297-2ee6e844a389,TP_HIT,5196.53,TP_FROZEN,COMPLETED,5129.49,5083.73,5189.99,5083.73,5108.80736,5149.398679999999,5189.99,5255.65868,5149.398679999999,5108.80736,5189.99,5189.99,True,True
2026-08-28T03:59:23.084703+00:00,daeda6d7-2fdd-450a-b83a-593c2bc5afc8,BOS_DETECTED,5148.22,NO_SETUP,BOS_DETECTED,5145.4,5107.95,5191.56,5107.95,5127.68196,5159.620980000001,5191.56,5243.230980000001,5159.620980000001,5127.68196,5191.56,5191.56,True,True
2026-08-28T03:59:23.084703+00:00,daeda6d7-2fdd-450a-b83a-593c2bc5afc8,POINT_2_FOUND,5107.95,BOS_DETECTED,POINT_2_IDENTIFIED,5145.4,5107.95,5191.56,5107.95,5127.68196,5159.620980000001,5191.56,5243.230980000001,5159.620980000001,5127.68196,5191.56,5191.56,True,True
2026-08-28T03:59:23.084703+00:00,daeda6d7-2fdd-450a-b83a-593c2bc5afc8,SETUP_CREATED,5145.4,POINT_2_IDENTIFIED,FIB_ACTIVE,5145.4,5107.95,5191.56,5107.95,5127.68196,5159.620980000001,5191.56,5243.230980000001,5159.620980000001,5127.68196,5191.56,5191.56,True,True
2026-08-28T03:59:23.084703+00:00,daeda6d7-2fdd-450a-b83a-593c2bc5afc8,NEW_VALID_HIGH,5145.4,FIB_ACTIVE,TP_DYNAMIC,5145.4,5107.95,5191.56,5107.95,5127.68196,5159.620980000001,5191.56,5243.230980000001,5159.620980000001,5127.68196,5191.56,5191.56,True,True
2026-08-28T03:59:23.084703+00:00,daeda6d7-2fdd-450a-b83a-593c2bc5afc8,TP_UPDATED,5145.4,TP_DYNAMIC,TP_DYNAMIC,5145.4,5107.95,5191.56,5107.95,5127.68196,5159.620980000001,5191.56,5243.230980000001,5159.620980000001,5127.68196,5191.56,5191.56,True,True
2026-08-28T03:59:23.096781+00:00,daeda6d7-2fdd-450a-b83a-593c2bc5afc8,NEW_VALID_HIGH,5184.97,TP_DYNAMIC,TP_DYNAMIC,5145.4,5107.95,5191.56,5107.95,5127.68196,5159.620980000001,5191.56,5243.230980000001,5159.620980000001,5127.68196,5191.56,5191.56,True,True
2026-08-28T03:59:23.096781+00:00,daeda6d7-2fdd-450a-b83a-593c2bc5afc8,TP_UPDATED,5184.97,TP_DYNAMIC,TP_DYNAMIC,5145.4,5107.95,5191.56,5107.95,5127.68196,5159.620980000001,5191.56,5243.230980000001,5159.620980000001,5127.68196,5191.56,5191.56,True,True
2026-08-28T03:59:23.102405+00:00,daeda6d7-2fdd-450a-b83a-593c2bc5afc8,NEW_VALID_HIGH,5191.56,TP_DYNAMIC,TP_DYNAMIC,5145.4,5107.95,5191.56,5107.95,5127.68196,5159.620980000001,5191.56,5243.230980000001,5159.620980000001,5127.68196,5191.56,5191.56,True,True
2026-08-28T03:59:23.102405+00:00,daeda6d7-2fdd-450a-b83a-593c2bc5afc8,TP_UPDATED,5191.56,TP_DYNAMIC,TP_DYNAMIC,5145.4,5107.95,5191.56,5107.95,5127.68196,5159.620980000001,5191.56,5243.230980000001,5159.620980000001,5127.68196,5191.56,5191.56,True,True
2026-08-28T03:59:23.110474+00:00,daeda6d7-2fdd-450a-b83a-593c2bc5afc8,ENTRY_TOUCHED,5146.03,TP_DYNAMIC,ENTRY_TOUCHED,5145.4,5107.95,5191.56,5107.95,5127.68196,5159.620980000001,5191.56,5243.230980000001,5159.620980000001,5127.68196,5191.56,5191.56,True,True
2026-08-28T03:59:23.110474+00:00,daeda6d7-2fdd-450a-b83a-593c2bc5afc8,TP_LOCKED,5191.56,ENTRY_TOUCHED,TP_FROZEN,5145.4,5107.95,5191.56,5107.95,5127.68196,5159.620980000001,5191.56,5243.230980000001,5159.620980000001,5127.68196,5191.56,5191.56,True,True
2026-08-28T03:59:23.110474+00:00,daeda6d7-2fdd-450a-b83a-593c2bc5afc8,SL_HIT,5130.4,TP_FROZEN,COMPLETED,5145.4,5107.95,5191.56,5107.95,5127.68196,5159.620980000001,5191.56,5243.230980000001,5159.620980000001,5127.68196,5191.56,5191.56,True,True
2026-08-28T03:59:23.116539+00:00,eee1aa94-1fb1-4a4e-a8dc-7382efd019ae,BOS_DETECTED,5176.97,NO_SETUP,BOS_DETECTED,5169.6,5120.01,5178.8,5120.01,5133.88444,5156.34222,5178.8,5215.13222,5156.34222,5133.88444,5178.8,5178.8,True,True
2026-08-28T03:59:23.116539+00:00,eee1aa94-1fb1-4a4e-a8dc-7382efd019ae,POINT_2_FOUND,5120.01,BOS_DETECTED,POINT_2_IDENTIFIED,5169.6,5120.01,5178.8,5120.01,5133.88444,5156.34222,5178.8,5215.13222,5156.34222,5133.88444,5178.8,5178.8,True,True
2026-08-28T03:59:23.116539+00:00,eee1aa94-1fb1-4a4e-a8dc-7382efd019ae,SETUP_CREATED,5169.6,POINT_2_IDENTIFIED,FIB_ACTIVE,5169.6,5120.01,5178.8,5120.01,5133.88444,5156.34222,5178.8,5215.13222,5156.34222,5133.88444,5178.8,5178.8,True,True
2026-08-28T03:59:23.116539+00:00,eee1aa94-1fb1-4a4e-a8dc-7382efd019ae,NEW_VALID_HIGH,5169.6,FIB_ACTIVE,TP_DYNAMIC,5169.6,5120.01,5178.8,5120.01,5133.88444,5156.34222,5178.8,5215.13222,5156.34222,5133.88444,5178.8,5178.8,True,True
2026-08-28T03:59:23.116539+00:00,eee1aa94-1fb1-4a4e-a8dc-7382efd019ae,TP_UPDATED,5169.6,TP_DYNAMIC,TP_DYNAMIC,5169.6,5120.01,5178.8,5120.01,5133.88444,5156.34222,5178.8,5215.13222,5156.34222,5133.88444,5178.8,5178.8,True,True
2026-08-28T03:59:23.118551+00:00,eee1aa94-1fb1-4a4e-a8dc-7382efd019ae,NEW_VALID_HIGH,5178.8,TP_DYNAMIC,TP_DYNAMIC,5169.6,5120.01,5178.8,5120.01,5133.88444,5156.34222,5178.8,5215.13222,5156.34222,5133.88444,5178.8,5178.8,True,True
2026-08-28T03:59:23.118551+00:00,eee1aa94-1fb1-4a4e-a8dc-7382efd019ae,TP_UPDATED,5178.8,TP_DYNAMIC,TP_DYNAMIC,5169.6,5120.01,5178.8,5120.01,5133.88444,5156.34222,5178.8,5215.13222,5156.34222,5133.88444,5178.8,5178.8,True,True
2026-08-28T03:59:23.118551+00:00,eee1aa94-1fb1-4a4e-a8dc-7382efd019ae,ENTRY_TOUCHED,5158.36,TP_DYNAMIC,ENTRY_TOUCHED,5169.6,5120.01,5178.8,5120.01,5133.88444,5156.34222,5178.8,5215.13222,5156.34222,5133.88444,5178.8,5178.8,True,True
2026-08-28T03:59:23.118551+00:00,eee1aa94-1fb1-4a4e-a8dc-7382efd019ae,TP_LOCKED,5178.8,ENTRY_TOUCHED,TP_FROZEN,5169.6,5120.01,5178.8,5120.01,5133.88444,5156.34222,5178.8,5215.13222,5156.34222,5133.88444,5178.8,5178.8,True,True
2026-08-28T03:59:23.130562+00:00,eee1aa94-1fb1-4a4e-a8dc-7382efd019ae,INVALIDATED,5118.99,TP_FROZEN,INVALIDATED,5169.6,5120.01,5178.8,5120.01,5133.88444,5156.34222,5178.8,5215.13222,5156.34222,5133.88444,5178.8,5178.8,True,True
2026-08-28T03:59:23.160517+00:00,f8f64c5c-d2ad-4de4-8eb1-f9b4cd05d7e3,BOS_DETECTED,5099.69,NO_SETUP,BOS_DETECTED,5095.4,5057.5,5102.0,5057.5,5068.002,5085.001,5102.0,5129.501,5085.001,5068.002,5102.0,5102.0,True,True
2026-08-28T03:59:23.160517+00:00,f8f64c5c-d2ad-4de4-8eb1-f9b4cd05d7e3,POINT_2_FOUND,5057.5,BOS_DETECTED,POINT_2_IDENTIFIED,5095.4,5057.5,5102.0,5057.5,5068.002,5085.001,5102.0,5129.501,5085.001,5068.002,5102.0,5102.0,True,True
2026-08-28T03:59:23.160517+00:00,f8f64c5c-d2ad-4de4-8eb1-f9b4cd05d7e3,SETUP_CREATED,5095.4,POINT_2_IDENTIFIED,FIB_ACTIVE,5095.4,5057.5,5102.0,5057.5,5068.002,5085.001,5102.0,5129.501,5085.001,5068.002,5102.0,5102.0,True,True
2026-08-28T03:59:23.160517+00:00,f8f64c5c-d2ad-4de4-8eb1-f9b4cd05d7e3,NEW_VALID_HIGH,5095.4,FIB_ACTIVE,TP_DYNAMIC,5095.4,5057.5,5102.0,5057.5,5068.002,5085.001,5102.0,5129.501,5085.001,5068.002,5102.0,5102.0,True,True
2026-08-28T03:59:23.160517+00:00,f8f64c5c-d2ad-4de4-8eb1-f9b4cd05d7e3,TP_UPDATED,5095.4,TP_DYNAMIC,TP_DYNAMIC,5095.4,5057.5,5102.0,5057.5,5068.002,5085.001,5102.0,5129.501,5085.001,5068.002,5102.0,5102.0,True,True
2026-08-28T03:59:23.160517+00:00,f8f64c5c-d2ad-4de4-8eb1-f9b4cd05d7e3,NEW_VALID_HIGH,5102.0,TP_DYNAMIC,TP_DYNAMIC,5095.4,5057.5,5102.0,5057.5,5068.002,5085.001,5102.0,5129.501,5085.001,5068.002,5102.0,5102.0,True,True
2026-08-28T03:59:23.160517+00:00,f8f64c5c-d2ad-4de4-8eb1-f9b4cd05d7e3,TP_UPDATED,5102.0,TP_DYNAMIC,TP_DYNAMIC,5095.4,5057.5,5102.0,5057.5,5068.002,5085.001,5102.0,5129.501,5085.001,5068.002,5102.0,5102.0,True,True
2026-08-28T03:59:23.160517+00:00,f8f64c5c-d2ad-4de4-8eb1-f9b4cd05d7e3,ENTRY_TOUCHED,5087.86,TP_DYNAMIC,ENTRY_TOUCHED,5095.4,5057.5,5102.0,5057.5,5068.002,5085.001,5102.0,5129.501,5085.001,5068.002,5102.0,5102.0,True,True
2026-08-28T03:59:23.160517+00:00,f8f64c5c-d2ad-4de4-8eb1-f9b4cd05d7e3,TP_LOCKED,5102.0,ENTRY_TOUCHED,TP_FROZEN,5095.4,5057.5,5102.0,5057.5,5068.002,5085.001,5102.0,5129.501,5085.001,5068.002,5102.0,5102.0,True,True
2026-08-28T03:59:23.162578+00:00,f8f64c5c-d2ad-4de4-8eb1-f9b4cd05d7e3,SL_HIT,5077.81,TP_FROZEN,COMPLETED,5095.4,5057.5,5102.0,5057.5,5068.002,5085.001,5102.0,5129.501,5085.001,5068.002,5102.0,5102.0,True,True
2026-08-28T03:59:23.164923+00:00,29bdf788-39dd-4240-95f8-db6d13e53247,BOS_DETECTED,5116.24,NO_SETUP,BOS_DETECTED,5102.0,5067.91,5102.0,5067.91,5075.95524,5088.97762,5102.0,5123.06762,5088.97762,5075.95524,5102.0,5102.0,True,True
2026-08-28T03:59:23.164923+00:00,29bdf788-39dd-4240-95f8-db6d13e53247,POINT_2_FOUND,5067.91,BOS_DETECTED,POINT_2_IDENTIFIED,5102.0,5067.91,5102.0,5067.91,5075.95524,5088.97762,5102.0,5123.06762,5088.97762,5075.95524,5102.0,5102.0,True,True
2026-08-28T03:59:23.164923+00:00,29bdf788-39dd-4240-95f8-db6d13e53247,SETUP_CREATED,5102.0,POINT_2_IDENTIFIED,FIB_ACTIVE,5102.0,5067.91,5102.0,5067.91,5075.95524,5088.97762,5102.0,5123.06762,5088.97762,5075.95524,5102.0,5102.0,True,True
2026-08-28T03:59:23.164923+00:00,29bdf788-39dd-4240-95f8-db6d13e53247,NEW_VALID_HIGH,5102.0,FIB_ACTIVE,TP_DYNAMIC,5102.0,5067.91,5102.0,5067.91,5075.95524,5088.97762,5102.0,5123.06762,5088.97762,5075.95524,5102.0,5102.0,True,True
2026-08-28T03:59:23.164923+00:00,29bdf788-39dd-4240-95f8-db6d13e53247,TP_UPDATED,5102.0,TP_DYNAMIC,TP_DYNAMIC,5102.0,5067.91,5102.0,5067.91,5075.95524,5088.97762,5102.0,5123.06762,5088.97762,5075.95524,5102.0,5102.0,True,True
2026-08-28T03:59:23.164923+00:00,29bdf788-39dd-4240-95f8-db6d13e53247,ENTRY_TOUCHED,5116.24,TP_DYNAMIC,ENTRY_TOUCHED,5102.0,5067.91,5102.0,5067.91,5075.95524,5088.97762,5102.0,5123.06762,5088.97762,5075.95524,5102.0,5102.0,True,True
2026-08-28T03:59:23.164923+00:00,29bdf788-39dd-4240-95f8-db6d13e53247,TP_LOCKED,5102.0,ENTRY_TOUCHED,TP_FROZEN,5102.0,5067.91,5102.0,5067.91,5075.95524,5088.97762,5102.0,5123.06762,5088.97762,5075.95524,5102.0,5102.0,True,True
2026-08-28T03:59:23.164923+00:00,29bdf788-39dd-4240-95f8-db6d13e53247,TP_HIT,5131.5,TP_FROZEN,COMPLETED,5102.0,5067.91,5102.0,5067.91,5075.95524,5088.97762,5102.0,5123.06762,5088.97762,5075.95524,5102.0,5102.0,True,True
2026-08-28T03:59:23.200610+00:00,d78d1cae-8fe3-48e9-80c2-f7cb8ff2ff47,BOS_DETECTED,5118.07,NO_SETUP,BOS_DETECTED,5097.8,5060.05,5097.8,5060.05,5068.959,5083.3795,5097.8,5121.1295,5083.3795,5068.959,5097.8,5097.8,True,True
2026-08-28T03:59:23.200610+00:00,d78d1cae-8fe3-48e9-80c2-f7cb8ff2ff47,POINT_2_FOUND,5060.05,BOS_DETECTED,POINT_2_IDENTIFIED,5097.8,5060.05,5097.8,5060.05,5068.959,5083.3795,5097.8,5121.1295,5083.3795,5068.959,5097.8,5097.8,True,True
2026-08-28T03:59:23.200610+00:00,d78d1cae-8fe3-48e9-80c2-f7cb8ff2ff47,SETUP_CREATED,5097.8,POINT_2_IDENTIFIED,FIB_ACTIVE,5097.8,5060.05,5097.8,5060.05,5068.959,5083.3795,5097.8,5121.1295,5083.3795,5068.959,5097.8,5097.8,True,True
2026-08-28T03:59:23.200610+00:00,d78d1cae-8fe3-48e9-80c2-f7cb8ff2ff47,NEW_VALID_HIGH,5097.8,FIB_ACTIVE,TP_DYNAMIC,5097.8,5060.05,5097.8,5060.05,5068.959,5083.3795,5097.8,5121.1295,5083.3795,5068.959,5097.8,5097.8,True,True
2026-08-28T03:59:23.200610+00:00,d78d1cae-8fe3-48e9-80c2-f7cb8ff2ff47,TP_UPDATED,5097.8,TP_DYNAMIC,TP_DYNAMIC,5097.8,5060.05,5097.8,5060.05,5068.959,5083.3795,5097.8,5121.1295,5083.3795,5068.959,5097.8,5097.8,True,True
2026-08-28T03:59:23.200610+00:00,d78d1cae-8fe3-48e9-80c2-f7cb8ff2ff47,ENTRY_TOUCHED,5118.07,TP_DYNAMIC,ENTRY_TOUCHED,5097.8,5060.05,5097.8,5060.05,5068.959,5083.3795,5097.8,5121.1295,5083.3795,5068.959,5097.8,5097.8,True,True
2026-08-28T03:59:23.200610+00:00,d78d1cae-8fe3-48e9-80c2-f7cb8ff2ff47,TP_LOCKED,5097.8,ENTRY_TOUCHED,TP_FROZEN,5097.8,5060.05,5097.8,5060.05,5068.959,5083.3795,5097.8,5121.1295,5083.3795,5068.959,5097.8,5097.8,True,True
2026-08-28T03:59:23.200610+00:00,d78d1cae-8fe3-48e9-80c2-f7cb8ff2ff47,TP_HIT,5083.7,TP_FROZEN,COMPLETED,5097.8,5060.05,5097.8,5060.05,5068.959,5083.3795,5097.8,5121.1295,5083.3795,5068.959,5097.8,5097.8,True,True
2026-08-28T03:59:23.205967+00:00,9d778cd3-3964-447b-81d7-15cacd51a5ff,BOS_DETECTED,5145.53,NO_SETUP,BOS_DETECTED,5127.46,5063.75,5167.24,5063.75,5088.17364,5127.706819999999,5167.24,5231.196819999999,5127.706819999999,5088.17364,5167.24,5167.24,True,True
2026-08-28T03:59:23.205967+00:00,9d778cd3-3964-447b-81d7-15cacd51a5ff,POINT_2_FOUND,5063.75,BOS_DETECTED,POINT_2_IDENTIFIED,5127.46,5063.75,5167.24,5063.75,5088.17364,5127.706819999999,5167.24,5231.196819999999,5127.706819999999,5088.17364,5167.24,5167.24,True,True
2026-08-28T03:59:23.205967+00:00,9d778cd3-3964-447b-81d7-15cacd51a5ff,SETUP_CREATED,5127.46,POINT_2_IDENTIFIED,FIB_ACTIVE,5127.46,5063.75,5167.24,5063.75,5088.17364,5127.706819999999,5167.24,5231.196819999999,5127.706819999999,5088.17364,5167.24,5167.24,True,True
2026-08-28T03:59:23.205967+00:00,9d778cd3-3964-447b-81d7-15cacd51a5ff,NEW_VALID_HIGH,5127.46,FIB_ACTIVE,TP_DYNAMIC,5127.46,5063.75,5167.24,5063.75,5088.17364,5127.706819999999,5167.24,5231.196819999999,5127.706819999999,5088.17364,5167.24,5167.24,True,True
2026-08-28T03:59:23.205967+00:00,9d778cd3-3964-447b-81d7-15cacd51a5ff,TP_UPDATED,5127.46,TP_DYNAMIC,TP_DYNAMIC,5127.46,5063.75,5167.24,5063.75,5088.17364,5127.706819999999,5167.24,5231.196819999999,5127.706819999999,5088.17364,5167.24,5167.24,True,True
2026-08-28T03:59:23.210502+00:00,9d778cd3-3964-447b-81d7-15cacd51a5ff,NEW_VALID_HIGH,5167.24,TP_DYNAMIC,TP_DYNAMIC,5127.46,5063.75,5167.24,5063.75,5088.17364,5127.706819999999,5167.24,5231.196819999999,5127.706819999999,5088.17364,5167.24,5167.24,True,True
2026-08-28T03:59:23.210502+00:00,9d778cd3-3964-447b-81d7-15cacd51a5ff,TP_UPDATED,5167.24,TP_DYNAMIC,TP_DYNAMIC,5127.46,5063.75,5167.24,5063.75,5088.17364,5127.706819999999,5167.24,5231.196819999999,5127.706819999999,5088.17364,5167.24,5167.24,True,True
2026-08-28T03:59:23.210502+00:00,9d778cd3-3964-447b-81d7-15cacd51a5ff,ENTRY_TOUCHED,5137.76,TP_DYNAMIC,ENTRY_TOUCHED,5127.46,5063.75,5167.24,5063.75,5088.17364,5127.706819999999,5167.24,5231.196819999999,5127.706819999999,5088.17364,5167.24,5167.24,True,True
2026-08-28T03:59:23.210502+00:00,9d778cd3-3964-447b-81d7-15cacd51a5ff,TP_LOCKED,5167.24,ENTRY_TOUCHED,TP_FROZEN,5127.46,5063.75,5167.24,5063.75,5088.17364,5127.706819999999,5167.24,5231.196819999999,5127.706819999999,5088.17364,5167.24,5167.24,True,True
2026-08-28T03:59:23.218098+00:00,9d778cd3-3964-447b-81d7-15cacd51a5ff,TP_HIT,5157.21,TP_FROZEN,COMPLETED,5127.46,5063.75,5167.24,5063.75,5088.17364,5127.706819999999,5167.24,5231.196819999999,5127.706819999999,5088.17364,5167.24,5167.24,True,True
2026-08-28T03:59:23.224393+00:00,6715db04-95e6-4935-a15f-f38181aca24f,BOS_DETECTED,5171.4,NO_SETUP,BOS_DETECTED,5168.25,5122.0,5176.0,5122.0,5134.744,5155.372,5176.0,5209.372,5155.372,5134.744,5176.0,5176.0,True,True
2026-08-28T03:59:23.224393+00:00,6715db04-95e6-4935-a15f-f38181aca24f,POINT_2_FOUND,5122.0,BOS_DETECTED,POINT_2_IDENTIFIED,5168.25,5122.0,5176.0,5122.0,5134.744,5155.372,5176.0,5209.372,5155.372,5134.744,5176.0,5176.0,True,True
2026-08-28T03:59:23.224393+00:00,6715db04-95e6-4935-a15f-f38181aca24f,SETUP_CREATED,5168.25,POINT_2_IDENTIFIED,FIB_ACTIVE,5168.25,5122.0,5176.0,5122.0,5134.744,5155.372,5176.0,5209.372,5155.372,5134.744,5176.0,5176.0,True,True
2026-08-28T03:59:23.224393+00:00,6715db04-95e6-4935-a15f-f38181aca24f,NEW_VALID_HIGH,5168.25,FIB_ACTIVE,TP_DYNAMIC,5168.25,5122.0,5176.0,5122.0,5134.744,5155.372,5176.0,5209.372,5155.372,5134.744,5176.0,5176.0,True,True
2026-08-28T03:59:23.224393+00:00,6715db04-95e6-4935-a15f-f38181aca24f,TP_UPDATED,5168.25,TP_DYNAMIC,TP_DYNAMIC,5168.25,5122.0,5176.0,5122.0,5134.744,5155.372,5176.0,5209.372,5155.372,5134.744,5176.0,5176.0,True,True
2026-08-28T03:59:23.230189+00:00,6715db04-95e6-4935-a15f-f38181aca24f,NEW_VALID_HIGH,5176.0,TP_DYNAMIC,TP_DYNAMIC,5168.25,5122.0,5176.0,5122.0,5134.744,5155.372,5176.0,5209.372,5155.372,5134.744,5176.0,5176.0,True,True
2026-08-28T03:59:23.230189+00:00,6715db04-95e6-4935-a15f-f38181aca24f,TP_UPDATED,5176.0,TP_DYNAMIC,TP_DYNAMIC,5168.25,5122.0,5176.0,5122.0,5134.744,5155.372,5176.0,5209.372,5155.372,5134.744,5176.0,5176.0,True,True
2026-08-28T03:59:23.377885+00:00,6715db04-95e6-4935-a15f-f38181aca24f,ENTRY_TOUCHED,5154.91,TP_DYNAMIC,ENTRY_TOUCHED,5168.25,5122.0,5176.0,5122.0,5134.744,5155.372,5176.0,5209.372,5155.372,5134.744,5176.0,5176.0,True,True
2026-08-28T03:59:23.377885+00:00,6715db04-95e6-4935-a15f-f38181aca24f,TP_LOCKED,5176.0,ENTRY_TOUCHED,TP_FROZEN,5168.25,5122.0,5176.0,5122.0,5134.744,5155.372,5176.0,5209.372,5155.372,5134.744,5176.0,5176.0,True,True
2026-08-28T03:59:23.377885+00:00,6715db04-95e6-4935-a15f-f38181aca24f,SL_HIT,5158.54,TP_FROZEN,COMPLETED,5168.25,5122.0,5176.0,5122.0,5134.744,5155.372,5176.0,5209.372,5155.372,5134.744,5176.0,5176.0,True,True
2026-08-28T03:59:23.408231+00:00,b539b6db-2144-40bb-86db-05590db2a477,BOS_DETECTED,5121.36,NO_SETUP,BOS_DETECTED,5103.41,5058.76,5140.0,5058.76,5077.93264,5108.96632,5140.0,5190.20632,5108.96632,5077.93264,5140.0,5140.0,True,True
2026-08-28T03:59:23.410240+00:00,b539b6db-2144-40bb-86db-05590db2a477,POINT_2_FOUND,5058.76,BOS_DETECTED,POINT_2_IDENTIFIED,5103.41,5058.76,5140.0,5058.76,5077.93264,5108.96632,5140.0,5190.20632,5108.96632,5077.93264,5140.0,5140.0,True,True
2026-08-28T03:59:23.410240+00:00,b539b6db-2144-40bb-86db-05590db2a477,SETUP_CREATED,5103.41,POINT_2_IDENTIFIED,FIB_ACTIVE,5103.41,5058.76,5140.0,5058.76,5077.93264,5108.96632,5140.0,5190.20632,5108.96632,5077.93264,5140.0,5140.0,True,True
2026-08-28T03:59:23.410240+00:00,b539b6db-2144-40bb-86db-05590db2a477,NEW_VALID_HIGH,5103.41,FIB_ACTIVE,TP_DYNAMIC,5103.41,5058.76,5140.0,5058.76,5077.93264,5108.96632,5140.0,5190.20632,5108.96632,5077.93264,5140.0,5140.0,True,True
2026-08-28T03:59:23.410240+00:00,b539b6db-2144-40bb-86db-05590db2a477,TP_UPDATED,5103.41,TP_DYNAMIC,TP_DYNAMIC,5103.41,5058.76,5140.0,5058.76,5077.93264,5108.96632,5140.0,5190.20632,5108.96632,5077.93264,5140.0,5140.0,True,True
2026-08-28T03:59:23.412947+00:00,b539b6db-2144-40bb-86db-05590db2a477,NEW_VALID_HIGH,5140.0,TP_DYNAMIC,TP_DYNAMIC,5103.41,5058.76,5140.0,5058.76,5077.93264,5108.96632,5140.0,5190.20632,5108.96632,5077.93264,5140.0,5140.0,True,True
2026-08-28T03:59:23.412947+00:00,b539b6db-2144-40bb-86db-05590db2a477,TP_UPDATED,5140.0,TP_DYNAMIC,TP_DYNAMIC,5103.41,5058.76,5140.0,5058.76,5077.93264,5108.96632,5140.0,5190.20632,5108.96632,5077.93264,5140.0,5140.0,True,True
2026-08-28T03:59:23.412947+00:00,b539b6db-2144-40bb-86db-05590db2a477,ENTRY_TOUCHED,5107.32,TP_DYNAMIC,ENTRY_TOUCHED,5103.41,5058.76,5140.0,5058.76,5077.93264,5108.96632,5140.0,5190.20632,5108.96632,5077.93264,5140.0,5140.0,True,True
2026-08-28T03:59:23.412947+00:00,b539b6db-2144-40bb-86db-05590db2a477,TP_LOCKED,5140.0,ENTRY_TOUCHED,TP_FROZEN,5103.41,5058.76,5140.0,5058.76,5077.93264,5108.96632,5140.0,5190.20632,5108.96632,5077.93264,5140.0,5140.0,True,True
2026-08-28T03:59:23.441535+00:00,b539b6db-2144-40bb-86db-05590db2a477,SL_HIT,5077.82,TP_FROZEN,COMPLETED,5103.41,5058.76,5140.0,5058.76,5077.93264,5108.96632,5140.0,5190.20632,5108.96632,5077.93264,5140.0,5140.0,True,True
2026-08-28T03:59:23.446291+00:00,0d8ebe58-3376-4fbf-bf7c-2f5bf0860c2d,BOS_DETECTED,5113.82,NO_SETUP,BOS_DETECTED,5111.1,5062.18,5111.1,5062.18,5073.72512,5092.412560000001,5111.1,5141.332560000001,5092.412560000001,5073.72512,5111.1,5111.1,True,True
2026-08-28T03:59:23.446291+00:00,0d8ebe58-3376-4fbf-bf7c-2f5bf0860c2d,POINT_2_FOUND,5062.18,BOS_DETECTED,POINT_2_IDENTIFIED,5111.1,5062.18,5111.1,5062.18,5073.72512,5092.412560000001,5111.1,5141.332560000001,5092.412560000001,5073.72512,5111.1,5111.1,True,True
2026-08-28T03:59:23.446291+00:00,0d8ebe58-3376-4fbf-bf7c-2f5bf0860c2d,SETUP_CREATED,5111.1,POINT_2_IDENTIFIED,FIB_ACTIVE,5111.1,5062.18,5111.1,5062.18,5073.72512,5092.412560000001,5111.1,5141.332560000001,5092.412560000001,5073.72512,5111.1,5111.1,True,True
2026-08-28T03:59:23.446291+00:00,0d8ebe58-3376-4fbf-bf7c-2f5bf0860c2d,NEW_VALID_HIGH,5111.1,FIB_ACTIVE,TP_DYNAMIC,5111.1,5062.18,5111.1,5062.18,5073.72512,5092.412560000001,5111.1,5141.332560000001,5092.412560000001,5073.72512,5111.1,5111.1,True,True
2026-08-28T03:59:23.446291+00:00,0d8ebe58-3376-4fbf-bf7c-2f5bf0860c2d,TP_UPDATED,5111.1,TP_DYNAMIC,TP_DYNAMIC,5111.1,5062.18,5111.1,5062.18,5073.72512,5092.412560000001,5111.1,5141.332560000001,5092.412560000001,5073.72512,5111.1,5111.1,True,True
2026-08-28T03:59:23.446291+00:00,0d8ebe58-3376-4fbf-bf7c-2f5bf0860c2d,ENTRY_TOUCHED,5113.82,TP_DYNAMIC,ENTRY_TOUCHED,5111.1,5062.18,5111.1,5062.18,5073.72512,5092.412560000001,5111.1,5141.332560000001,5092.412560000001,5073.72512,5111.1,5111.1,True,True
2026-08-28T03:59:23.446291+00:00,0d8ebe58-3376-4fbf-bf7c-2f5bf0860c2d,TP_LOCKED,5111.1,ENTRY_TOUCHED,TP_FROZEN,5111.1,5062.18,5111.1,5062.18,5073.72512,5092.412560000001,5111.1,5141.332560000001,5092.412560000001,5073.72512,5111.1,5111.1,True,True
2026-08-28T03:59:23.446291+00:00,0d8ebe58-3376-4fbf-bf7c-2f5bf0860c2d,TP_HIT,5095.65,TP_FROZEN,COMPLETED,5111.1,5062.18,5111.1,5062.18,5073.72512,5092.412560000001,5111.1,5141.332560000001,5092.412560000001,5073.72512,5111.1,5111.1,True,True
2026-08-28T03:59:23.460303+00:00,e3d7e17e-691c-4763-9907-d1039d7cc406,BOS_DETECTED,5116.4,NO_SETUP,BOS_DETECTED,5110.29,5062.18,5236.74,5062.18,5103.37616,5170.05808,5236.74,5344.618079999999,5170.05808,5103.37616,5236.74,5236.74,True,True
2026-08-28T03:59:23.462356+00:00,e3d7e17e-691c-4763-9907-d1039d7cc406,POINT_2_FOUND,5062.18,BOS_DETECTED,POINT_2_IDENTIFIED,5110.29,5062.18,5236.74,5062.18,5103.37616,5170.05808,5236.74,5344.618079999999,5170.05808,5103.37616,5236.74,5236.74,True,True
2026-08-28T03:59:23.462356+00:00,e3d7e17e-691c-4763-9907-d1039d7cc406,SETUP_CREATED,5110.29,POINT_2_IDENTIFIED,FIB_ACTIVE,5110.29,5062.18,5236.74,5062.18,5103.37616,5170.05808,5236.74,5344.618079999999,5170.05808,5103.37616,5236.74,5236.74,True,True
2026-08-28T03:59:23.462356+00:00,e3d7e17e-691c-4763-9907-d1039d7cc406,NEW_VALID_HIGH,5110.29,FIB_ACTIVE,TP_DYNAMIC,5110.29,5062.18,5236.74,5062.18,5103.37616,5170.05808,5236.74,5344.618079999999,5170.05808,5103.37616,5236.74,5236.74,True,True
2026-08-28T03:59:23.462356+00:00,e3d7e17e-691c-4763-9907-d1039d7cc406,TP_UPDATED,5110.29,TP_DYNAMIC,TP_DYNAMIC,5110.29,5062.18,5236.74,5062.18,5103.37616,5170.05808,5236.74,5344.618079999999,5170.05808,5103.37616,5236.74,5236.74,True,True
2026-08-28T03:59:23.468144+00:00,e3d7e17e-691c-4763-9907-d1039d7cc406,NEW_VALID_HIGH,5147.0,TP_DYNAMIC,TP_DYNAMIC,5110.29,5062.18,5236.74,5062.18,5103.37616,5170.05808,5236.74,5344.618079999999,5170.05808,5103.37616,5236.74,5236.74,True,True
2026-08-28T03:59:23.468144+00:00,e3d7e17e-691c-4763-9907-d1039d7cc406,TP_UPDATED,5147.0,TP_DYNAMIC,TP_DYNAMIC,5110.29,5062.18,5236.74,5062.18,5103.37616,5170.05808,5236.74,5344.618079999999,5170.05808,5103.37616,5236.74,5236.74,True,True
2026-08-28T03:59:23.482194+00:00,e3d7e17e-691c-4763-9907-d1039d7cc406,NEW_VALID_HIGH,5153.95,TP_DYNAMIC,TP_DYNAMIC,5110.29,5062.18,5236.74,5062.18,5103.37616,5170.05808,5236.74,5344.618079999999,5170.05808,5103.37616,5236.74,5236.74,True,True
2026-08-28T03:59:23.482194+00:00,e3d7e17e-691c-4763-9907-d1039d7cc406,TP_UPDATED,5153.95,TP_DYNAMIC,TP_DYNAMIC,5110.29,5062.18,5236.74,5062.18,5103.37616,5170.05808,5236.74,5344.618079999999,5170.05808,5103.37616,5236.74,5236.74,True,True
2026-08-28T03:59:23.495704+00:00,e3d7e17e-691c-4763-9907-d1039d7cc406,NEW_VALID_HIGH,5184.61,TP_DYNAMIC,TP_DYNAMIC,5110.29,5062.18,5236.74,5062.18,5103.37616,5170.05808,5236.74,5344.618079999999,5170.05808,5103.37616,5236.74,5236.74,True,True
2026-08-28T03:59:23.495704+00:00,e3d7e17e-691c-4763-9907-d1039d7cc406,TP_UPDATED,5184.61,TP_DYNAMIC,TP_DYNAMIC,5110.29,5062.18,5236.74,5062.18,5103.37616,5170.05808,5236.74,5344.618079999999,5170.05808,5103.37616,5236.74,5236.74,True,True
2026-08-28T03:59:23.515290+00:00,e3d7e17e-691c-4763-9907-d1039d7cc406,NEW_VALID_HIGH,5192.0,TP_DYNAMIC,TP_DYNAMIC,5110.29,5062.18,5236.74,5062.18,5103.37616,5170.05808,5236.74,5344.618079999999,5170.05808,5103.37616,5236.74,5236.74,True,True
2026-08-28T03:59:23.515290+00:00,e3d7e17e-691c-4763-9907-d1039d7cc406,TP_UPDATED,5192.0,TP_DYNAMIC,TP_DYNAMIC,5110.29,5062.18,5236.74,5062.18,5103.37616,5170.05808,5236.74,5344.618079999999,5170.05808,5103.37616,5236.74,5236.74,True,True
2026-08-28T03:59:23.531892+00:00,e3d7e17e-691c-4763-9907-d1039d7cc406,NEW_VALID_HIGH,5225.83,TP_DYNAMIC,TP_DYNAMIC,5110.29,5062.18,5236.74,5062.18,5103.37616,5170.05808,5236.74,5344.618079999999,5170.05808,5103.37616,5236.74,5236.74,True,True
2026-08-28T03:59:23.531892+00:00,e3d7e17e-691c-4763-9907-d1039d7cc406,TP_UPDATED,5225.83,TP_DYNAMIC,TP_DYNAMIC,5110.29,5062.18,5236.74,5062.18,5103.37616,5170.05808,5236.74,5344.618079999999,5170.05808,5103.37616,5236.74,5236.74,True,True
2026-08-28T03:59:23.543643+00:00,e3d7e17e-691c-4763-9907-d1039d7cc406,NEW_VALID_HIGH,5236.74,TP_DYNAMIC,TP_DYNAMIC,5110.29,5062.18,5236.74,5062.18,5103.37616,5170.05808,5236.74,5344.618079999999,5170.05808,5103.37616,5236.74,5236.74,True,True
2026-08-28T03:59:23.543643+00:00,e3d7e17e-691c-4763-9907-d1039d7cc406,TP_UPDATED,5236.74,TP_DYNAMIC,TP_DYNAMIC,5110.29,5062.18,5236.74,5062.18,5103.37616,5170.05808,5236.74,5344.618079999999,5170.05808,5103.37616,5236.74,5236.74,True,True
2026-08-28T03:59:23.547933+00:00,e3d7e17e-691c-4763-9907-d1039d7cc406,ENTRY_TOUCHED,5200.81,TP_DYNAMIC,ENTRY_TOUCHED,5110.29,5062.18,5236.74,5062.18,5103.37616,5170.05808,5236.74,5344.618079999999,5170.05808,5103.37616,5236.74,5236.74,True,True
2026-08-28T03:59:23.547933+00:00,e3d7e17e-691c-4763-9907-d1039d7cc406,TP_LOCKED,5236.74,ENTRY_TOUCHED,TP_FROZEN,5110.29,5062.18,5236.74,5062.18,5103.37616,5170.05808,5236.74,5344.618079999999,5170.05808,5103.37616,5236.74,5236.74,True,True
2026-08-28T03:59:23.680282+00:00,e3d7e17e-691c-4763-9907-d1039d7cc406,SL_HIT,5107.14,TP_FROZEN,COMPLETED,5110.29,5062.18,5236.74,5062.18,5103.37616,5170.05808,5236.74,5344.618079999999,5170.05808,5103.37616,5236.74,5236.74,True,True
2026-08-28T03:59:23.730709+00:00,f87d711c-1815-466d-a05c-7fc3453bfd5d,BOS_DETECTED,5108.41,NO_SETUP,BOS_DETECTED,5098.8,5083.39,5120.46,5083.39,5092.13852,5106.29926,5120.46,5143.3692599999995,5106.29926,5092.13852,5120.46,5120.46,True,True
2026-08-28T03:59:23.730709+00:00,f87d711c-1815-466d-a05c-7fc3453bfd5d,POINT_2_FOUND,5083.39,BOS_DETECTED,POINT_2_IDENTIFIED,5098.8,5083.39,5120.46,5083.39,5092.13852,5106.29926,5120.46,5143.3692599999995,5106.29926,5092.13852,5120.46,5120.46,True,True
2026-08-28T03:59:23.730709+00:00,f87d711c-1815-466d-a05c-7fc3453bfd5d,SETUP_CREATED,5098.8,POINT_2_IDENTIFIED,FIB_ACTIVE,5098.8,5083.39,5120.46,5083.39,5092.13852,5106.29926,5120.46,5143.3692599999995,5106.29926,5092.13852,5120.46,5120.46,True,True
2026-08-28T03:59:23.730709+00:00,f87d711c-1815-466d-a05c-7fc3453bfd5d,NEW_VALID_HIGH,5098.8,FIB_ACTIVE,TP_DYNAMIC,5098.8,5083.39,5120.46,5083.39,5092.13852,5106.29926,5120.46,5143.3692599999995,5106.29926,5092.13852,5120.46,5120.46,True,True
2026-08-28T03:59:23.730709+00:00,f87d711c-1815-466d-a05c-7fc3453bfd5d,TP_UPDATED,5098.8,TP_DYNAMIC,TP_DYNAMIC,5098.8,5083.39,5120.46,5083.39,5092.13852,5106.29926,5120.46,5143.3692599999995,5106.29926,5092.13852,5120.46,5120.46,True,True
2026-08-28T03:59:23.735414+00:00,f87d711c-1815-466d-a05c-7fc3453bfd5d,NEW_VALID_HIGH,5120.46,TP_DYNAMIC,TP_DYNAMIC,5098.8,5083.39,5120.46,5083.39,5092.13852,5106.29926,5120.46,5143.3692599999995,5106.29926,5092.13852,5120.46,5120.46,True,True
2026-08-28T03:59:23.735414+00:00,f87d711c-1815-466d-a05c-7fc3453bfd5d,TP_UPDATED,5120.46,TP_DYNAMIC,TP_DYNAMIC,5098.8,5083.39,5120.46,5083.39,5092.13852,5106.29926,5120.46,5143.3692599999995,5106.29926,5092.13852,5120.46,5120.46,True,True
2026-08-28T03:59:23.735414+00:00,f87d711c-1815-466d-a05c-7fc3453bfd5d,ENTRY_TOUCHED,5111.02,TP_DYNAMIC,ENTRY_TOUCHED,5098.8,5083.39,5120.46,5083.39,5092.13852,5106.29926,5120.46,5143.3692599999995,5106.29926,5092.13852,5120.46,5120.46,True,True
2026-08-28T03:59:23.735414+00:00,f87d711c-1815-466d-a05c-7fc3453bfd5d,TP_LOCKED,5120.46,ENTRY_TOUCHED,TP_FROZEN,5098.8,5083.39,5120.46,5083.39,5092.13852,5106.29926,5120.46,5143.3692599999995,5106.29926,5092.13852,5120.46,5120.46,True,True
2026-08-28T03:59:23.739766+00:00,f87d711c-1815-466d-a05c-7fc3453bfd5d,SL_HIT,5090.09,TP_FROZEN,COMPLETED,5098.8,5083.39,5120.46,5083.39,5092.13852,5106.29926,5120.46,5143.3692599999995,5106.29926,5092.13852,5120.46,5120.46,True,True
2026-08-28T03:59:23.812788+00:00,5cf0ca6f-3b62-40e5-8935-21e9fcdc9bbb,BOS_DETECTED,5022.93,NO_SETUP,BOS_DETECTED,5022.83,5021.52,5022.83,5021.52,5021.82916,5022.3295800000005,5022.83,5023.63958,5022.3295800000005,5021.82916,5022.83,5022.83,True,True
2026-08-28T03:59:23.812788+00:00,5cf0ca6f-3b62-40e5-8935-21e9fcdc9bbb,POINT_2_FOUND,5021.52,BOS_DETECTED,POINT_2_IDENTIFIED,5022.83,5021.52,5022.83,5021.52,5021.82916,5022.3295800000005,5022.83,5023.63958,5022.3295800000005,5021.82916,5022.83,5022.83,True,True
2026-08-28T03:59:23.812788+00:00,5cf0ca6f-3b62-40e5-8935-21e9fcdc9bbb,SETUP_CREATED,5022.83,POINT_2_IDENTIFIED,FIB_ACTIVE,5022.83,5021.52,5022.83,5021.52,5021.82916,5022.3295800000005,5022.83,5023.63958,5022.3295800000005,5021.82916,5022.83,5022.83,True,True
2026-08-28T03:59:23.812788+00:00,5cf0ca6f-3b62-40e5-8935-21e9fcdc9bbb,NEW_VALID_HIGH,5022.83,FIB_ACTIVE,TP_DYNAMIC,5022.83,5021.52,5022.83,5021.52,5021.82916,5022.3295800000005,5022.83,5023.63958,5022.3295800000005,5021.82916,5022.83,5022.83,True,True
2026-08-28T03:59:23.812788+00:00,5cf0ca6f-3b62-40e5-8935-21e9fcdc9bbb,TP_UPDATED,5022.83,TP_DYNAMIC,TP_DYNAMIC,5022.83,5021.52,5022.83,5021.52,5021.82916,5022.3295800000005,5022.83,5023.63958,5022.3295800000005,5021.82916,5022.83,5022.83,True,True
2026-08-28T03:59:23.812788+00:00,5cf0ca6f-3b62-40e5-8935-21e9fcdc9bbb,ENTRY_TOUCHED,5022.93,TP_DYNAMIC,ENTRY_TOUCHED,5022.83,5021.52,5022.83,5021.52,5021.82916,5022.3295800000005,5022.83,5023.63958,5022.3295800000005,5021.82916,5022.83,5022.83,True,True
2026-08-28T03:59:23.812788+00:00,5cf0ca6f-3b62-40e5-8935-21e9fcdc9bbb,TP_LOCKED,5022.83,ENTRY_TOUCHED,TP_FROZEN,5022.83,5021.52,5022.83,5021.52,5021.82916,5022.3295800000005,5022.83,5023.63958,5022.3295800000005,5021.82916,5022.83,5022.83,True,True
2026-08-28T03:59:23.812788+00:00,5cf0ca6f-3b62-40e5-8935-21e9fcdc9bbb,TP_HIT,5022.91,TP_FROZEN,COMPLETED,5022.83,5021.52,5022.83,5021.52,5021.82916,5022.3295800000005,5022.83,5023.63958,5022.3295800000005,5021.82916,5022.83,5022.83,True,True
2026-08-28T03:59:23.850612+00:00,2bfd22fc-9215-4a9a-b52b-927eeb6a8cb2,BOS_DETECTED,5021.94,NO_SETUP,BOS_DETECTED,5021.77,5020.77,5024.56,5020.77,5021.6644400000005,5023.11222,5024.56,5026.90222,5023.11222,5021.6644400000005,5024.56,,False,False
2026-08-28T03:59:23.850612+00:00,2bfd22fc-9215-4a9a-b52b-927eeb6a8cb2,POINT_2_FOUND,5020.77,BOS_DETECTED,POINT_2_IDENTIFIED,5021.77,5020.77,5024.56,5020.77,5021.6644400000005,5023.11222,5024.56,5026.90222,5023.11222,5021.6644400000005,5024.56,,False,False
2026-08-28T03:59:23.850612+00:00,2bfd22fc-9215-4a9a-b52b-927eeb6a8cb2,SETUP_CREATED,5021.77,POINT_2_IDENTIFIED,FIB_ACTIVE,5021.77,5020.77,5024.56,5020.77,5021.6644400000005,5023.11222,5024.56,5026.90222,5023.11222,5021.6644400000005,5024.56,,False,False
2026-08-28T03:59:23.850612+00:00,2bfd22fc-9215-4a9a-b52b-927eeb6a8cb2,NEW_VALID_HIGH,5021.77,FIB_ACTIVE,TP_DYNAMIC,5021.77,5020.77,5024.56,5020.77,5021.6644400000005,5023.11222,5024.56,5026.90222,5023.11222,5021.6644400000005,5024.56,,False,False
2026-08-28T03:59:23.850612+00:00,2bfd22fc-9215-4a9a-b52b-927eeb6a8cb2,TP_UPDATED,5021.77,TP_DYNAMIC,TP_DYNAMIC,5021.77,5020.77,5024.56,5020.77,5021.6644400000005,5023.11222,5024.56,5026.90222,5023.11222,5021.6644400000005,5024.56,,False,False
2026-08-28T03:59:23.859667+00:00,2bfd22fc-9215-4a9a-b52b-927eeb6a8cb2,NEW_VALID_HIGH,5024.56,TP_DYNAMIC,TP_DYNAMIC,5021.77,5020.77,5024.56,5020.77,5021.6644400000005,5023.11222,5024.56,5026.90222,5023.11222,5021.6644400000005,5024.56,,False,False
2026-08-28T03:59:23.859667+00:00,2bfd22fc-9215-4a9a-b52b-927eeb6a8cb2,TP_UPDATED,5024.56,TP_DYNAMIC,TP_DYNAMIC,5021.77,5020.77,5024.56,5020.77,5021.6644400000005,5023.11222,5024.56,5026.90222,5023.11222,5021.6644400000005,5024.56,,False,False
2026-08-28T03:59:23.866486+00:00,2bfd22fc-9215-4a9a-b52b-927eeb6a8cb2,INVALIDATED,5020.36,TP_DYNAMIC,INVALIDATED,5021.77,5020.77,5024.56,5020.77,5021.6644400000005,5023.11222,5024.56,5026.90222,5023.11222,5021.6644400000005,5024.56,,False,False
2026-08-28T03:59:23.910167+00:00,6d1c1b22-04b1-48ee-a241-251eaf1e6ffd,BOS_DETECTED,5008.87,NO_SETUP,BOS_DETECTED,5007.4,5001.49,5007.4,5001.49,5002.88476,5005.142379999999,5007.4,5011.052379999999,5005.142379999999,5002.88476,5007.4,5007.4,True,True
2026-08-28T03:59:23.910167+00:00,6d1c1b22-04b1-48ee-a241-251eaf1e6ffd,POINT_2_FOUND,5001.49,BOS_DETECTED,POINT_2_IDENTIFIED,5007.4,5001.49,5007.4,5001.49,5002.88476,5005.142379999999,5007.4,5011.052379999999,5005.142379999999,5002.88476,5007.4,5007.4,True,True
2026-08-28T03:59:23.910167+00:00,6d1c1b22-04b1-48ee-a241-251eaf1e6ffd,SETUP_CREATED,5007.4,POINT_2_IDENTIFIED,FIB_ACTIVE,5007.4,5001.49,5007.4,5001.49,5002.88476,5005.142379999999,5007.4,5011.052379999999,5005.142379999999,5002.88476,5007.4,5007.4,True,True
2026-08-28T03:59:23.910167+00:00,6d1c1b22-04b1-48ee-a241-251eaf1e6ffd,NEW_VALID_HIGH,5007.4,FIB_ACTIVE,TP_DYNAMIC,5007.4,5001.49,5007.4,5001.49,5002.88476,5005.142379999999,5007.4,5011.052379999999,5005.142379999999,5002.88476,5007.4,5007.4,True,True
2026-08-28T03:59:23.910167+00:00,6d1c1b22-04b1-48ee-a241-251eaf1e6ffd,TP_UPDATED,5007.4,TP_DYNAMIC,TP_DYNAMIC,5007.4,5001.49,5007.4,5001.49,5002.88476,5005.142379999999,5007.4,5011.052379999999,5005.142379999999,5002.88476,5007.4,5007.4,True,True
2026-08-28T03:59:23.910167+00:00,6d1c1b22-04b1-48ee-a241-251eaf1e6ffd,ENTRY_TOUCHED,5008.87,TP_DYNAMIC,ENTRY_TOUCHED,5007.4,5001.49,5007.4,5001.49,5002.88476,5005.142379999999,5007.4,5011.052379999999,5005.142379999999,5002.88476,5007.4,5007.4,True,True
2026-08-28T03:59:23.910167+00:00,6d1c1b22-04b1-48ee-a241-251eaf1e6ffd,TP_LOCKED,5007.4,ENTRY_TOUCHED,TP_FROZEN,5007.4,5001.49,5007.4,5001.49,5002.88476,5005.142379999999,5007.4,5011.052379999999,5005.142379999999,5002.88476,5007.4,5007.4,True,True
2026-08-28T03:59:23.912283+00:00,6d1c1b22-04b1-48ee-a241-251eaf1e6ffd,INVALIDATED,4998.02,TP_FROZEN,INVALIDATED,5007.4,5001.49,5007.4,5001.49,5002.88476,5005.142379999999,5007.4,5011.052379999999,5005.142379999999,5002.88476,5007.4,5007.4,True,True
2026-08-28T03:59:23.918066+00:00,5f4ef847-fb26-4380-9beb-2d48e858a98e,BOS_DETECTED,5012.52,NO_SETUP,BOS_DETECTED,5008.9,4997.05,5008.9,4997.05,4999.8466,5004.3733,5008.9,5016.2233,5004.3733,4999.8466,5008.9,5008.9,True,True
2026-08-28T03:59:23.918066+00:00,5f4ef847-fb26-4380-9beb-2d48e858a98e,POINT_2_FOUND,4997.05,BOS_DETECTED,POINT_2_IDENTIFIED,5008.9,4997.05,5008.9,4997.05,4999.8466,5004.3733,5008.9,5016.2233,5004.3733,4999.8466,5008.9,5008.9,True,True
2026-08-28T03:59:23.918066+00:00,5f4ef847-fb26-4380-9beb-2d48e858a98e,SETUP_CREATED,5008.9,POINT_2_IDENTIFIED,FIB_ACTIVE,5008.9,4997.05,5008.9,4997.05,4999.8466,5004.3733,5008.9,5016.2233,5004.3733,4999.8466,5008.9,5008.9,True,True
2026-08-28T03:59:23.918066+00:00,5f4ef847-fb26-4380-9beb-2d48e858a98e,NEW_VALID_HIGH,5008.9,FIB_ACTIVE,TP_DYNAMIC,5008.9,4997.05,5008.9,4997.05,4999.8466,5004.3733,5008.9,5016.2233,5004.3733,4999.8466,5008.9,5008.9,True,True
2026-08-28T03:59:23.918066+00:00,5f4ef847-fb26-4380-9beb-2d48e858a98e,TP_UPDATED,5008.9,TP_DYNAMIC,TP_DYNAMIC,5008.9,4997.05,5008.9,4997.05,4999.8466,5004.3733,5008.9,5016.2233,5004.3733,4999.8466,5008.9,5008.9,True,True
2026-08-28T03:59:23.920584+00:00,5f4ef847-fb26-4380-9beb-2d48e858a98e,ENTRY_TOUCHED,5023.21,TP_DYNAMIC,ENTRY_TOUCHED,5008.9,4997.05,5008.9,4997.05,4999.8466,5004.3733,5008.9,5016.2233,5004.3733,4999.8466,5008.9,5008.9,True,True
2026-08-28T03:59:23.920584+00:00,5f4ef847-fb26-4380-9beb-2d48e858a98e,TP_LOCKED,5008.9,ENTRY_TOUCHED,TP_FROZEN,5008.9,4997.05,5008.9,4997.05,4999.8466,5004.3733,5008.9,5016.2233,5004.3733,4999.8466,5008.9,5008.9,True,True
2026-08-28T03:59:23.920584+00:00,5f4ef847-fb26-4380-9beb-2d48e858a98e,TP_HIT,5012.7,TP_FROZEN,COMPLETED,5008.9,4997.05,5008.9,4997.05,4999.8466,5004.3733,5008.9,5016.2233,5004.3733,4999.8466,5008.9,5008.9,True,True
2026-08-28T03:59:23.934461+00:00,d119f3c5-5b1e-4404-be98-552357c921a7,BOS_DETECTED,5023.46,NO_SETUP,BOS_DETECTED,5019.25,4984.74,5025.0,4984.74,4994.24136,5009.62068,5025.0,5049.88068,5009.62068,4994.24136,5025.0,5025.0,True,True
2026-08-28T03:59:23.934461+00:00,d119f3c5-5b1e-4404-be98-552357c921a7,POINT_2_FOUND,4984.74,BOS_DETECTED,POINT_2_IDENTIFIED,5019.25,4984.74,5025.0,4984.74,4994.24136,5009.62068,5025.0,5049.88068,5009.62068,4994.24136,5025.0,5025.0,True,True
2026-08-28T03:59:23.934461+00:00,d119f3c5-5b1e-4404-be98-552357c921a7,SETUP_CREATED,5019.25,POINT_2_IDENTIFIED,FIB_ACTIVE,5019.25,4984.74,5025.0,4984.74,4994.24136,5009.62068,5025.0,5049.88068,5009.62068,4994.24136,5025.0,5025.0,True,True
2026-08-28T03:59:23.934461+00:00,d119f3c5-5b1e-4404-be98-552357c921a7,NEW_VALID_HIGH,5019.25,FIB_ACTIVE,TP_DYNAMIC,5019.25,4984.74,5025.0,4984.74,4994.24136,5009.62068,5025.0,5049.88068,5009.62068,4994.24136,5025.0,5025.0,True,True
2026-08-28T03:59:23.934461+00:00,d119f3c5-5b1e-4404-be98-552357c921a7,TP_UPDATED,5019.25,TP_DYNAMIC,TP_DYNAMIC,5019.25,4984.74,5025.0,4984.74,4994.24136,5009.62068,5025.0,5049.88068,5009.62068,4994.24136,5025.0,5025.0,True,True
2026-08-28T03:59:23.944244+00:00,d119f3c5-5b1e-4404-be98-552357c921a7,NEW_VALID_HIGH,5025.0,TP_DYNAMIC,TP_DYNAMIC,5019.25,4984.74,5025.0,4984.74,4994.24136,5009.62068,5025.0,5049.88068,5009.62068,4994.24136,5025.0,5025.0,True,True
2026-08-28T03:59:23.944244+00:00,d119f3c5-5b1e-4404-be98-552357c921a7,TP_UPDATED,5025.0,TP_DYNAMIC,TP_DYNAMIC,5019.25,4984.74,5025.0,4984.74,4994.24136,5009.62068,5025.0,5049.88068,5009.62068,4994.24136,5025.0,5025.0,True,True
2026-08-28T03:59:23.944244+00:00,d119f3c5-5b1e-4404-be98-552357c921a7,ENTRY_TOUCHED,5010.95,TP_DYNAMIC,ENTRY_TOUCHED,5019.25,4984.74,5025.0,4984.74,4994.24136,5009.62068,5025.0,5049.88068,5009.62068,4994.24136,5025.0,5025.0,True,True
2026-08-28T03:59:23.944244+00:00,d119f3c5-5b1e-4404-be98-552357c921a7,TP_LOCKED,5025.0,ENTRY_TOUCHED,TP_FROZEN,5019.25,4984.74,5025.0,4984.74,4994.24136,5009.62068,5025.0,5049.88068,5009.62068,4994.24136,5025.0,5025.0,True,True
2026-08-28T03:59:23.946307+00:00,d119f3c5-5b1e-4404-be98-552357c921a7,TP_HIT,5026.51,TP_FROZEN,COMPLETED,5019.25,4984.74,5025.0,4984.74,4994.24136,5009.62068,5025.0,5049.88068,5009.62068,4994.24136,5025.0,5025.0,True,True
2026-08-28T03:59:23.967734+00:00,d7cb71c1-f275-4fb9-b27a-c35016d6c04a,BOS_DETECTED,5029.98,NO_SETUP,BOS_DETECTED,5022.99,4971.81,5037.72,4971.81,4983.8884800000005,5003.43924,5022.99,5054.619239999999,5003.43924,4983.8884800000005,5022.99,5022.99,True,True
2026-08-28T03:59:23.967734+00:00,d7cb71c1-f275-4fb9-b27a-c35016d6c04a,POINT_2_FOUND,4971.81,BOS_DETECTED,POINT_2_IDENTIFIED,5022.99,4971.81,5037.72,4971.81,4983.8884800000005,5003.43924,5022.99,5054.619239999999,5003.43924,4983.8884800000005,5022.99,5022.99,True,True
2026-08-28T03:59:23.967734+00:00,d7cb71c1-f275-4fb9-b27a-c35016d6c04a,SETUP_CREATED,5022.99,POINT_2_IDENTIFIED,FIB_ACTIVE,5022.99,4971.81,5037.72,4971.81,4983.8884800000005,5003.43924,5022.99,5054.619239999999,5003.43924,4983.8884800000005,5022.99,5022.99,True,True
2026-08-28T03:59:23.967734+00:00,d7cb71c1-f275-4fb9-b27a-c35016d6c04a,NEW_VALID_HIGH,5022.99,FIB_ACTIVE,TP_DYNAMIC,5022.99,4971.81,5037.72,4971.81,4983.8884800000005,5003.43924,5022.99,5054.619239999999,5003.43924,4983.8884800000005,5022.99,5022.99,True,True
2026-08-28T03:59:23.967734+00:00,d7cb71c1-f275-4fb9-b27a-c35016d6c04a,TP_UPDATED,5022.99,TP_DYNAMIC,TP_DYNAMIC,5022.99,4971.81,5037.72,4971.81,4983.8884800000005,5003.43924,5022.99,5054.619239999999,5003.43924,4983.8884800000005,5022.99,5022.99,True,True
2026-08-28T03:59:23.970326+00:00,d7cb71c1-f275-4fb9-b27a-c35016d6c04a,ENTRY_TOUCHED,5001.14,TP_DYNAMIC,ENTRY_TOUCHED,5022.99,4971.81,5037.72,4971.81,4983.8884800000005,5003.43924,5022.99,5054.619239999999,5003.43924,4983.8884800000005,5022.99,5022.99,True,True
2026-08-28T03:59:23.970326+00:00,d7cb71c1-f275-4fb9-b27a-c35016d6c04a,TP_LOCKED,5022.99,ENTRY_TOUCHED,TP_FROZEN,5022.99,4971.81,5037.72,4971.81,4983.8884800000005,5003.43924,5022.99,5054.619239999999,5003.43924,4983.8884800000005,5022.99,5022.99,True,True
2026-08-28T03:59:23.970326+00:00,d7cb71c1-f275-4fb9-b27a-c35016d6c04a,POST_ENTRY_HIGH_IGNORED,5037.72,TP_FROZEN,TP_FROZEN,5022.99,4971.81,5037.72,4971.81,4983.8884800000005,5003.43924,5022.99,5054.619239999999,5003.43924,4983.8884800000005,5022.99,5022.99,True,True
2026-08-28T03:59:23.974762+00:00,d7cb71c1-f275-4fb9-b27a-c35016d6c04a,SL_HIT,4991.7,TP_FROZEN,COMPLETED,5022.99,4971.81,5037.72,4971.81,4983.8884800000005,5003.43924,5022.99,5054.619239999999,5003.43924,4983.8884800000005,5022.99,5022.99,True,True
2026-08-28T03:59:23.982610+00:00,86f3c414-e763-4d3e-9d99-c90b9a23801d,BOS_DETECTED,5006.71,NO_SETUP,BOS_DETECTED,5003.49,4976.06,5023.9,4976.06,4987.350240000001,5005.62512,5023.9,5053.465119999999,5005.62512,4987.350240000001,5023.9,5023.9,True,True
2026-08-28T03:59:23.982610+00:00,86f3c414-e763-4d3e-9d99-c90b9a23801d,POINT_2_FOUND,4976.06,BOS_DETECTED,POINT_2_IDENTIFIED,5003.49,4976.06,5023.9,4976.06,4987.350240000001,5005.62512,5023.9,5053.465119999999,5005.62512,4987.350240000001,5023.9,5023.9,True,True
2026-08-28T03:59:23.982610+00:00,86f3c414-e763-4d3e-9d99-c90b9a23801d,SETUP_CREATED,5003.49,POINT_2_IDENTIFIED,FIB_ACTIVE,5003.49,4976.06,5023.9,4976.06,4987.350240000001,5005.62512,5023.9,5053.465119999999,5005.62512,4987.350240000001,5023.9,5023.9,True,True
2026-08-28T03:59:23.982610+00:00,86f3c414-e763-4d3e-9d99-c90b9a23801d,NEW_VALID_HIGH,5003.49,FIB_ACTIVE,TP_DYNAMIC,5003.49,4976.06,5023.9,4976.06,4987.350240000001,5005.62512,5023.9,5053.465119999999,5005.62512,4987.350240000001,5023.9,5023.9,True,True
2026-08-28T03:59:23.982610+00:00,86f3c414-e763-4d3e-9d99-c90b9a23801d,TP_UPDATED,5003.49,TP_DYNAMIC,TP_DYNAMIC,5003.49,4976.06,5023.9,4976.06,4987.350240000001,5005.62512,5023.9,5053.465119999999,5005.62512,4987.350240000001,5023.9,5023.9,True,True
2026-08-28T03:59:23.991776+00:00,86f3c414-e763-4d3e-9d99-c90b9a23801d,NEW_VALID_HIGH,5019.24,TP_DYNAMIC,TP_DYNAMIC,5003.49,4976.06,5023.9,4976.06,4987.350240000001,5005.62512,5023.9,5053.465119999999,5005.62512,4987.350240000001,5023.9,5023.9,True,True
2026-08-28T03:59:23.991776+00:00,86f3c414-e763-4d3e-9d99-c90b9a23801d,TP_UPDATED,5019.24,TP_DYNAMIC,TP_DYNAMIC,5003.49,4976.06,5023.9,4976.06,4987.350240000001,5005.62512,5023.9,5053.465119999999,5005.62512,4987.350240000001,5023.9,5023.9,True,True
2026-08-28T03:59:23.991776+00:00,86f3c414-e763-4d3e-9d99-c90b9a23801d,NEW_VALID_HIGH,5023.9,TP_DYNAMIC,TP_DYNAMIC,5003.49,4976.06,5023.9,4976.06,4987.350240000001,5005.62512,5023.9,5053.465119999999,5005.62512,4987.350240000001,5023.9,5023.9,True,True
2026-08-28T03:59:23.991776+00:00,86f3c414-e763-4d3e-9d99-c90b9a23801d,TP_UPDATED,5023.9,TP_DYNAMIC,TP_DYNAMIC,5003.49,4976.06,5023.9,4976.06,4987.350240000001,5005.62512,5023.9,5053.465119999999,5005.62512,4987.350240000001,5023.9,5023.9,True,True
2026-08-28T03:59:23.991776+00:00,86f3c414-e763-4d3e-9d99-c90b9a23801d,ENTRY_TOUCHED,5004.35,TP_DYNAMIC,ENTRY_TOUCHED,5003.49,4976.06,5023.9,4976.06,4987.350240000001,5005.62512,5023.9,5053.465119999999,5005.62512,4987.350240000001,5023.9,5023.9,True,True
2026-08-28T03:59:23.991776+00:00,86f3c414-e763-4d3e-9d99-c90b9a23801d,TP_LOCKED,5023.9,ENTRY_TOUCHED,TP_FROZEN,5003.49,4976.06,5023.9,4976.06,4987.350240000001,5005.62512,5023.9,5053.465119999999,5005.62512,4987.350240000001,5023.9,5023.9,True,True
2026-08-28T03:59:24.011804+00:00,86f3c414-e763-4d3e-9d99-c90b9a23801d,TP_HIT,5026.37,TP_FROZEN,COMPLETED,5003.49,4976.06,5023.9,4976.06,4987.350240000001,5005.62512,5023.9,5053.465119999999,5005.62512,4987.350240000001,5023.9,5023.9,True,True
2026-08-28T03:59:24.015459+00:00,b326f1f7-f43a-48e9-8228-78fb50f8dbd8,BOS_DETECTED,5030.44,NO_SETUP,BOS_DETECTED,5027.98,4995.9,5043.75,4995.9,5007.192599999999,5025.4713,5043.75,5073.3213000000005,5025.4713,5007.192599999999,5043.75,5043.75,True,True
2026-08-28T03:59:24.015459+00:00,b326f1f7-f43a-48e9-8228-78fb50f8dbd8,POINT_2_FOUND,4995.9,BOS_DETECTED,POINT_2_IDENTIFIED,5027.98,4995.9,5043.75,4995.9,5007.192599999999,5025.4713,5043.75,5073.3213000000005,5025.4713,5007.192599999999,5043.75,5043.75,True,True
2026-08-28T03:59:24.015459+00:00,b326f1f7-f43a-48e9-8228-78fb50f8dbd8,SETUP_CREATED,5027.98,POINT_2_IDENTIFIED,FIB_ACTIVE,5027.98,4995.9,5043.75,4995.9,5007.192599999999,5025.4713,5043.75,5073.3213000000005,5025.4713,5007.192599999999,5043.75,5043.75,True,True
2026-08-28T03:59:24.015459+00:00,b326f1f7-f43a-48e9-8228-78fb50f8dbd8,NEW_VALID_HIGH,5027.98,FIB_ACTIVE,TP_DYNAMIC,5027.98,4995.9,5043.75,4995.9,5007.192599999999,5025.4713,5043.75,5073.3213000000005,5025.4713,5007.192599999999,5043.75,5043.75,True,True
2026-08-28T03:59:24.015459+00:00,b326f1f7-f43a-48e9-8228-78fb50f8dbd8,TP_UPDATED,5027.98,TP_DYNAMIC,TP_DYNAMIC,5027.98,4995.9,5043.75,4995.9,5007.192599999999,5025.4713,5043.75,5073.3213000000005,5025.4713,5007.192599999999,5043.75,5043.75,True,True
2026-08-28T03:59:24.023212+00:00,b326f1f7-f43a-48e9-8228-78fb50f8dbd8,NEW_VALID_HIGH,5043.75,TP_DYNAMIC,TP_DYNAMIC,5027.98,4995.9,5043.75,4995.9,5007.192599999999,5025.4713,5043.75,5073.3213000000005,5025.4713,5007.192599999999,5043.75,5043.75,True,True
2026-08-28T03:59:24.023212+00:00,b326f1f7-f43a-48e9-8228-78fb50f8dbd8,TP_UPDATED,5043.75,TP_DYNAMIC,TP_DYNAMIC,5027.98,4995.9,5043.75,4995.9,5007.192599999999,5025.4713,5043.75,5073.3213000000005,5025.4713,5007.192599999999,5043.75,5043.75,True,True
2026-08-28T03:59:24.027250+00:00,b326f1f7-f43a-48e9-8228-78fb50f8dbd8,ENTRY_TOUCHED,5022.37,TP_DYNAMIC,ENTRY_TOUCHED,5027.98,4995.9,5043.75,4995.9,5007.192599999999,5025.4713,5043.75,5073.3213000000005,5025.4713,5007.192599999999,5043.75,5043.75,True,True
2026-08-28T03:59:24.027250+00:00,b326f1f7-f43a-48e9-8228-78fb50f8dbd8,TP_LOCKED,5043.75,ENTRY_TOUCHED,TP_FROZEN,5027.98,4995.9,5043.75,4995.9,5007.192599999999,5025.4713,5043.75,5073.3213000000005,5025.4713,5007.192599999999,5043.75,5043.75,True,True
2026-08-28T03:59:24.034367+00:00,b326f1f7-f43a-48e9-8228-78fb50f8dbd8,SL_HIT,5004.94,TP_FROZEN,COMPLETED,5027.98,4995.9,5043.75,4995.9,5007.192599999999,5025.4713,5043.75,5073.3213000000005,5025.4713,5007.192599999999,5043.75,5043.75,True,True
2026-08-28T03:59:24.050312+00:00,eb8c09a4-0992-4704-acbd-bf9d89ac2418,BOS_DETECTED,5026.85,NO_SETUP,BOS_DETECTED,5024.5,5001.35,5024.5,5001.35,5006.8134,5015.6567000000005,5024.5,5038.8067,5015.6567000000005,5006.8134,5024.5,5024.5,True,True
2026-08-28T03:59:24.050312+00:00,eb8c09a4-0992-4704-acbd-bf9d89ac2418,POINT_2_FOUND,5001.35,BOS_DETECTED,POINT_2_IDENTIFIED,5024.5,5001.35,5024.5,5001.35,5006.8134,5015.6567000000005,5024.5,5038.8067,5015.6567000000005,5006.8134,5024.5,5024.5,True,True
2026-08-28T03:59:24.050312+00:00,eb8c09a4-0992-4704-acbd-bf9d89ac2418,SETUP_CREATED,5024.5,POINT_2_IDENTIFIED,FIB_ACTIVE,5024.5,5001.35,5024.5,5001.35,5006.8134,5015.6567000000005,5024.5,5038.8067,5015.6567000000005,5006.8134,5024.5,5024.5,True,True
2026-08-28T03:59:24.050312+00:00,eb8c09a4-0992-4704-acbd-bf9d89ac2418,NEW_VALID_HIGH,5024.5,FIB_ACTIVE,TP_DYNAMIC,5024.5,5001.35,5024.5,5001.35,5006.8134,5015.6567000000005,5024.5,5038.8067,5015.6567000000005,5006.8134,5024.5,5024.5,True,True
2026-08-28T03:59:24.050312+00:00,eb8c09a4-0992-4704-acbd-bf9d89ac2418,TP_UPDATED,5024.5,TP_DYNAMIC,TP_DYNAMIC,5024.5,5001.35,5024.5,5001.35,5006.8134,5015.6567000000005,5024.5,5038.8067,5015.6567000000005,5006.8134,5024.5,5024.5,True,True
2026-08-28T03:59:24.050312+00:00,eb8c09a4-0992-4704-acbd-bf9d89ac2418,ENTRY_TOUCHED,5026.85,TP_DYNAMIC,ENTRY_TOUCHED,5024.5,5001.35,5024.5,5001.35,5006.8134,5015.6567000000005,5024.5,5038.8067,5015.6567000000005,5006.8134,5024.5,5024.5,True,True
2026-08-28T03:59:24.050312+00:00,eb8c09a4-0992-4704-acbd-bf9d89ac2418,TP_LOCKED,5024.5,ENTRY_TOUCHED,TP_FROZEN,5024.5,5001.35,5024.5,5001.35,5006.8134,5015.6567000000005,5024.5,5038.8067,5015.6567000000005,5006.8134,5024.5,5024.5,True,True
2026-08-28T03:59:24.052096+00:00,eb8c09a4-0992-4704-acbd-bf9d89ac2418,TP_HIT,5016.71,TP_FROZEN,COMPLETED,5024.5,5001.35,5024.5,5001.35,5006.8134,5015.6567000000005,5024.5,5038.8067,5015.6567000000005,5006.8134,5024.5,5024.5,True,True
2026-08-28T03:59:24.080649+00:00,15bedb21-3228-4d47-8f3a-bdc8dc14d4a1,BOS_DETECTED,5010.15,NO_SETUP,BOS_DETECTED,5009.32,4995.77,5009.32,4995.77,4998.9678,5004.1439,5009.32,5017.693899999999,5004.1439,4998.9678,5009.32,5009.32,True,True
2026-08-28T03:59:24.080649+00:00,15bedb21-3228-4d47-8f3a-bdc8dc14d4a1,POINT_2_FOUND,4995.77,BOS_DETECTED,POINT_2_IDENTIFIED,5009.32,4995.77,5009.32,4995.77,4998.9678,5004.1439,5009.32,5017.693899999999,5004.1439,4998.9678,5009.32,5009.32,True,True
2026-08-28T03:59:24.080649+00:00,15bedb21-3228-4d47-8f3a-bdc8dc14d4a1,SETUP_CREATED,5009.32,POINT_2_IDENTIFIED,FIB_ACTIVE,5009.32,4995.77,5009.32,4995.77,4998.9678,5004.1439,5009.32,5017.693899999999,5004.1439,4998.9678,5009.32,5009.32,True,True
2026-08-28T03:59:24.080649+00:00,15bedb21-3228-4d47-8f3a-bdc8dc14d4a1,NEW_VALID_HIGH,5009.32,FIB_ACTIVE,TP_DYNAMIC,5009.32,4995.77,5009.32,4995.77,4998.9678,5004.1439,5009.32,5017.693899999999,5004.1439,4998.9678,5009.32,5009.32,True,True
2026-08-28T03:59:24.080649+00:00,15bedb21-3228-4d47-8f3a-bdc8dc14d4a1,TP_UPDATED,5009.32,TP_DYNAMIC,TP_DYNAMIC,5009.32,4995.77,5009.32,4995.77,4998.9678,5004.1439,5009.32,5017.693899999999,5004.1439,4998.9678,5009.32,5009.32,True,True
2026-08-28T03:59:24.080649+00:00,15bedb21-3228-4d47-8f3a-bdc8dc14d4a1,ENTRY_TOUCHED,5010.15,TP_DYNAMIC,ENTRY_TOUCHED,5009.32,4995.77,5009.32,4995.77,4998.9678,5004.1439,5009.32,5017.693899999999,5004.1439,4998.9678,5009.32,5009.32,True,True
2026-08-28T03:59:24.080649+00:00,15bedb21-3228-4d47-8f3a-bdc8dc14d4a1,TP_LOCKED,5009.32,ENTRY_TOUCHED,TP_FROZEN,5009.32,4995.77,5009.32,4995.77,4998.9678,5004.1439,5009.32,5017.693899999999,5004.1439,4998.9678,5009.32,5009.32,True,True
2026-08-28T03:59:24.080649+00:00,15bedb21-3228-4d47-8f3a-bdc8dc14d4a1,TP_HIT,5003.28,TP_FROZEN,COMPLETED,5009.32,4995.77,5009.32,4995.77,4998.9678,5004.1439,5009.32,5017.693899999999,5004.1439,4998.9678,5009.32,5009.32,True,True
2026-08-28T03:59:24.202377+00:00,990daf3c-5621-41d0-bf29-32fb56b00d74,BOS_DETECTED,4661.15,NO_SETUP,BOS_DETECTED,4634.43,4581.0,4680.0,4581.0,4604.364,4642.182,4680.0,4741.182,4642.182,4604.364,4680.0,4680.0,True,True
2026-08-28T03:59:24.202377+00:00,990daf3c-5621-41d0-bf29-32fb56b00d74,POINT_2_FOUND,4581.0,BOS_DETECTED,POINT_2_IDENTIFIED,4634.43,4581.0,4680.0,4581.0,4604.364,4642.182,4680.0,4741.182,4642.182,4604.364,4680.0,4680.0,True,True
2026-08-28T03:59:24.202377+00:00,990daf3c-5621-41d0-bf29-32fb56b00d74,SETUP_CREATED,4634.43,POINT_2_IDENTIFIED,FIB_ACTIVE,4634.43,4581.0,4680.0,4581.0,4604.364,4642.182,4680.0,4741.182,4642.182,4604.364,4680.0,4680.0,True,True
2026-08-28T03:59:24.202377+00:00,990daf3c-5621-41d0-bf29-32fb56b00d74,NEW_VALID_HIGH,4634.43,FIB_ACTIVE,TP_DYNAMIC,4634.43,4581.0,4680.0,4581.0,4604.364,4642.182,4680.0,4741.182,4642.182,4604.364,4680.0,4680.0,True,True
2026-08-28T03:59:24.202377+00:00,990daf3c-5621-41d0-bf29-32fb56b00d74,TP_UPDATED,4634.43,TP_DYNAMIC,TP_DYNAMIC,4634.43,4581.0,4680.0,4581.0,4604.364,4642.182,4680.0,4741.182,4642.182,4604.364,4680.0,4680.0,True,True
2026-08-28T03:59:24.204397+00:00,990daf3c-5621-41d0-bf29-32fb56b00d74,NEW_VALID_HIGH,4666.88,TP_DYNAMIC,TP_DYNAMIC,4634.43,4581.0,4680.0,4581.0,4604.364,4642.182,4680.0,4741.182,4642.182,4604.364,4680.0,4680.0,True,True
2026-08-28T03:59:24.204397+00:00,990daf3c-5621-41d0-bf29-32fb56b00d74,TP_UPDATED,4666.88,TP_DYNAMIC,TP_DYNAMIC,4634.43,4581.0,4680.0,4581.0,4604.364,4642.182,4680.0,4741.182,4642.182,4604.364,4680.0,4680.0,True,True
2026-08-28T03:59:24.215934+00:00,990daf3c-5621-41d0-bf29-32fb56b00d74,NEW_VALID_HIGH,4680.0,TP_DYNAMIC,TP_DYNAMIC,4634.43,4581.0,4680.0,4581.0,4604.364,4642.182,4680.0,4741.182,4642.182,4604.364,4680.0,4680.0,True,True
2026-08-28T03:59:24.215934+00:00,990daf3c-5621-41d0-bf29-32fb56b00d74,TP_UPDATED,4680.0,TP_DYNAMIC,TP_DYNAMIC,4634.43,4581.0,4680.0,4581.0,4604.364,4642.182,4680.0,4741.182,4642.182,4604.364,4680.0,4680.0,True,True
2026-08-28T03:59:24.215934+00:00,990daf3c-5621-41d0-bf29-32fb56b00d74,ENTRY_TOUCHED,4641.42,TP_DYNAMIC,ENTRY_TOUCHED,4634.43,4581.0,4680.0,4581.0,4604.364,4642.182,4680.0,4741.182,4642.182,4604.364,4680.0,4680.0,True,True
2026-08-28T03:59:24.215934+00:00,990daf3c-5621-41d0-bf29-32fb56b00d74,TP_LOCKED,4680.0,ENTRY_TOUCHED,TP_FROZEN,4634.43,4581.0,4680.0,4581.0,4604.364,4642.182,4680.0,4741.182,4642.182,4604.364,4680.0,4680.0,True,True
2026-08-28T03:59:24.224268+00:00,990daf3c-5621-41d0-bf29-32fb56b00d74,TP_HIT,4656.25,TP_FROZEN,COMPLETED,4634.43,4581.0,4680.0,4581.0,4604.364,4642.182,4680.0,4741.182,4642.182,4604.364,4680.0,4680.0,True,True
2026-08-28T03:59:24.226072+00:00,1c52d0e2-f6de-4403-844f-c659f076c3fa,BOS_DETECTED,4689.36,NO_SETUP,BOS_DETECTED,4680.0,4600.61,4738.35,4600.61,4633.11664,4685.73332,4738.35,4823.473320000001,4685.73332,4633.11664,4738.35,4738.35,True,True
2026-08-28T03:59:24.226072+00:00,1c52d0e2-f6de-4403-844f-c659f076c3fa,POINT_2_FOUND,4600.61,BOS_DETECTED,POINT_2_IDENTIFIED,4680.0,4600.61,4738.35,4600.61,4633.11664,4685.73332,4738.35,4823.473320000001,4685.73332,4633.11664,4738.35,4738.35,True,True
2026-08-28T03:59:24.228089+00:00,1c52d0e2-f6de-4403-844f-c659f076c3fa,SETUP_CREATED,4680.0,POINT_2_IDENTIFIED,FIB_ACTIVE,4680.0,4600.61,4738.35,4600.61,4633.11664,4685.73332,4738.35,4823.473320000001,4685.73332,4633.11664,4738.35,4738.35,True,True
2026-08-28T03:59:24.228089+00:00,1c52d0e2-f6de-4403-844f-c659f076c3fa,NEW_VALID_HIGH,4680.0,FIB_ACTIVE,TP_DYNAMIC,4680.0,4600.61,4738.35,4600.61,4633.11664,4685.73332,4738.35,4823.473320000001,4685.73332,4633.11664,4738.35,4738.35,True,True
2026-08-28T03:59:24.228089+00:00,1c52d0e2-f6de-4403-844f-c659f076c3fa,TP_UPDATED,4680.0,TP_DYNAMIC,TP_DYNAMIC,4680.0,4600.61,4738.35,4600.61,4633.11664,4685.73332,4738.35,4823.473320000001,4685.73332,4633.11664,4738.35,4738.35,True,True
2026-08-28T03:59:24.230617+00:00,1c52d0e2-f6de-4403-844f-c659f076c3fa,NEW_VALID_HIGH,4702.39,TP_DYNAMIC,TP_DYNAMIC,4680.0,4600.61,4738.35,4600.61,4633.11664,4685.73332,4738.35,4823.473320000001,4685.73332,4633.11664,4738.35,4738.35,True,True
2026-08-28T03:59:24.230617+00:00,1c52d0e2-f6de-4403-844f-c659f076c3fa,TP_UPDATED,4702.39,TP_DYNAMIC,TP_DYNAMIC,4680.0,4600.61,4738.35,4600.61,4633.11664,4685.73332,4738.35,4823.473320000001,4685.73332,4633.11664,4738.35,4738.35,True,True
2026-08-28T03:59:24.232400+00:00,1c52d0e2-f6de-4403-844f-c659f076c3fa,NEW_VALID_HIGH,4738.35,TP_DYNAMIC,TP_DYNAMIC,4680.0,4600.61,4738.35,4600.61,4633.11664,4685.73332,4738.35,4823.473320000001,4685.73332,4633.11664,4738.35,4738.35,True,True
2026-08-28T03:59:24.232400+00:00,1c52d0e2-f6de-4403-844f-c659f076c3fa,TP_UPDATED,4738.35,TP_DYNAMIC,TP_DYNAMIC,4680.0,4600.61,4738.35,4600.61,4633.11664,4685.73332,4738.35,4823.473320000001,4685.73332,4633.11664,4738.35,4738.35,True,True
2026-08-28T03:59:24.240865+00:00,1c52d0e2-f6de-4403-844f-c659f076c3fa,ENTRY_TOUCHED,4689.99,TP_DYNAMIC,ENTRY_TOUCHED,4680.0,4600.61,4738.35,4600.61,4633.11664,4685.73332,4738.35,4823.473320000001,4685.73332,4633.11664,4738.35,4738.35,True,True
2026-08-28T03:59:24.240865+00:00,1c52d0e2-f6de-4403-844f-c659f076c3fa,TP_LOCKED,4738.35,ENTRY_TOUCHED,TP_FROZEN,4680.0,4600.61,4738.35,4600.61,4633.11664,4685.73332,4738.35,4823.473320000001,4685.73332,4633.11664,4738.35,4738.35,True,True
2026-08-28T03:59:24.261286+00:00,1c52d0e2-f6de-4403-844f-c659f076c3fa,SL_HIT,4622.88,TP_FROZEN,COMPLETED,4680.0,4600.61,4738.35,4600.61,4633.11664,4685.73332,4738.35,4823.473320000001,4685.73332,4633.11664,4738.35,4738.35,True,True
2026-08-28T03:59:24.310229+00:00,6613e281-7fb6-488f-abe9-e6b98baa2845,BOS_DETECTED,4498.7,NO_SETUP,BOS_DETECTED,4498.03,4495.4,4498.03,4495.4,4496.02068,4497.02534,4498.03,4499.65534,4497.02534,4496.02068,4498.03,4498.03,True,True
2026-08-28T03:59:24.310229+00:00,6613e281-7fb6-488f-abe9-e6b98baa2845,POINT_2_FOUND,4495.4,BOS_DETECTED,POINT_2_IDENTIFIED,4498.03,4495.4,4498.03,4495.4,4496.02068,4497.02534,4498.03,4499.65534,4497.02534,4496.02068,4498.03,4498.03,True,True
2026-08-28T03:59:24.310229+00:00,6613e281-7fb6-488f-abe9-e6b98baa2845,SETUP_CREATED,4498.03,POINT_2_IDENTIFIED,FIB_ACTIVE,4498.03,4495.4,4498.03,4495.4,4496.02068,4497.02534,4498.03,4499.65534,4497.02534,4496.02068,4498.03,4498.03,True,True
2026-08-28T03:59:24.310229+00:00,6613e281-7fb6-488f-abe9-e6b98baa2845,NEW_VALID_HIGH,4498.03,FIB_ACTIVE,TP_DYNAMIC,4498.03,4495.4,4498.03,4495.4,4496.02068,4497.02534,4498.03,4499.65534,4497.02534,4496.02068,4498.03,4498.03,True,True
2026-08-28T03:59:24.310229+00:00,6613e281-7fb6-488f-abe9-e6b98baa2845,TP_UPDATED,4498.03,TP_DYNAMIC,TP_DYNAMIC,4498.03,4495.4,4498.03,4495.4,4496.02068,4497.02534,4498.03,4499.65534,4497.02534,4496.02068,4498.03,4498.03,True,True
2026-08-28T03:59:24.310229+00:00,6613e281-7fb6-488f-abe9-e6b98baa2845,ENTRY_TOUCHED,4498.07,TP_DYNAMIC,ENTRY_TOUCHED,4498.03,4495.4,4498.03,4495.4,4496.02068,4497.02534,4498.03,4499.65534,4497.02534,4496.02068,4498.03,4498.03,True,True
2026-08-28T03:59:24.310229+00:00,6613e281-7fb6-488f-abe9-e6b98baa2845,TP_LOCKED,4498.03,ENTRY_TOUCHED,TP_FROZEN,4498.03,4495.4,4498.03,4495.4,4496.02068,4497.02534,4498.03,4499.65534,4497.02534,4496.02068,4498.03,4498.03,True,True
2026-08-28T03:59:24.310229+00:00,6613e281-7fb6-488f-abe9-e6b98baa2845,TP_HIT,4497.57,TP_FROZEN,COMPLETED,4498.03,4495.4,4498.03,4495.4,4496.02068,4497.02534,4498.03,4499.65534,4497.02534,4496.02068,4498.03,4498.03,True,True
2026-08-28T03:59:24.326529+00:00,cfd3f90a-d15e-4133-9dc8-dd41ddbd486b,BOS_DETECTED,4497.9,NO_SETUP,BOS_DETECTED,4497.8,4496.1,4497.8,4496.1,4496.501200000001,4497.1506,4497.8,4498.8506,4497.1506,4496.501200000001,4497.8,4497.8,True,True
2026-08-28T03:59:24.326529+00:00,cfd3f90a-d15e-4133-9dc8-dd41ddbd486b,POINT_2_FOUND,4496.1,BOS_DETECTED,POINT_2_IDENTIFIED,4497.8,4496.1,4497.8,4496.1,4496.501200000001,4497.1506,4497.8,4498.8506,4497.1506,4496.501200000001,4497.8,4497.8,True,True
2026-08-28T03:59:24.326529+00:00,cfd3f90a-d15e-4133-9dc8-dd41ddbd486b,SETUP_CREATED,4497.8,POINT_2_IDENTIFIED,FIB_ACTIVE,4497.8,4496.1,4497.8,4496.1,4496.501200000001,4497.1506,4497.8,4498.8506,4497.1506,4496.501200000001,4497.8,4497.8,True,True
2026-08-28T03:59:24.326529+00:00,cfd3f90a-d15e-4133-9dc8-dd41ddbd486b,NEW_VALID_HIGH,4497.8,FIB_ACTIVE,TP_DYNAMIC,4497.8,4496.1,4497.8,4496.1,4496.501200000001,4497.1506,4497.8,4498.8506,4497.1506,4496.501200000001,4497.8,4497.8,True,True
2026-08-28T03:59:24.326529+00:00,cfd3f90a-d15e-4133-9dc8-dd41ddbd486b,TP_UPDATED,4497.8,TP_DYNAMIC,TP_DYNAMIC,4497.8,4496.1,4497.8,4496.1,4496.501200000001,4497.1506,4497.8,4498.8506,4497.1506,4496.501200000001,4497.8,4497.8,True,True
2026-08-28T03:59:24.326529+00:00,cfd3f90a-d15e-4133-9dc8-dd41ddbd486b,ENTRY_TOUCHED,4497.9,TP_DYNAMIC,ENTRY_TOUCHED,4497.8,4496.1,4497.8,4496.1,4496.501200000001,4497.1506,4497.8,4498.8506,4497.1506,4496.501200000001,4497.8,4497.8,True,True
2026-08-28T03:59:24.326529+00:00,cfd3f90a-d15e-4133-9dc8-dd41ddbd486b,TP_LOCKED,4497.8,ENTRY_TOUCHED,TP_FROZEN,4497.8,4496.1,4497.8,4496.1,4496.501200000001,4497.1506,4497.8,4498.8506,4497.1506,4496.501200000001,4497.8,4497.8,True,True
2026-08-28T03:59:24.330554+00:00,cfd3f90a-d15e-4133-9dc8-dd41ddbd486b,TP_HIT,4497.81,TP_FROZEN,COMPLETED,4497.8,4496.1,4497.8,4496.1,4496.501200000001,4497.1506,4497.8,4498.8506,4497.1506,4496.501200000001,4497.8,4497.8,True,True
2026-08-28T03:59:24.346935+00:00,9fc6f738-44d3-4516-8227-a607913be6ad,BOS_DETECTED,4498.49,NO_SETUP,BOS_DETECTED,4498.17,4497.0,4498.5,4497.0,4497.354,4497.927,4498.5,4499.427,4497.927,4497.354,4498.5,4498.5,True,True
2026-08-28T03:59:24.346935+00:00,9fc6f738-44d3-4516-8227-a607913be6ad,POINT_2_FOUND,4497.0,BOS_DETECTED,POINT_2_IDENTIFIED,4498.17,4497.0,4498.5,4497.0,4497.354,4497.927,4498.5,4499.427,4497.927,4497.354,4498.5,4498.5,True,True
2026-08-28T03:59:24.346935+00:00,9fc6f738-44d3-4516-8227-a607913be6ad,SETUP_CREATED,4498.17,POINT_2_IDENTIFIED,FIB_ACTIVE,4498.17,4497.0,4498.5,4497.0,4497.354,4497.927,4498.5,4499.427,4497.927,4497.354,4498.5,4498.5,True,True
2026-08-28T03:59:24.346935+00:00,9fc6f738-44d3-4516-8227-a607913be6ad,NEW_VALID_HIGH,4498.17,FIB_ACTIVE,TP_DYNAMIC,4498.17,4497.0,4498.5,4497.0,4497.354,4497.927,4498.5,4499.427,4497.927,4497.354,4498.5,4498.5,True,True
2026-08-28T03:59:24.346935+00:00,9fc6f738-44d3-4516-8227-a607913be6ad,TP_UPDATED,4498.17,TP_DYNAMIC,TP_DYNAMIC,4498.17,4497.0,4498.5,4497.0,4497.354,4497.927,4498.5,4499.427,4497.927,4497.354,4498.5,4498.5,True,True
2026-08-28T03:59:24.351641+00:00,9fc6f738-44d3-4516-8227-a607913be6ad,NEW_VALID_HIGH,4498.5,TP_DYNAMIC,TP_DYNAMIC,4498.17,4497.0,4498.5,4497.0,4497.354,4497.927,4498.5,4499.427,4497.927,4497.354,4498.5,4498.5,True,True
2026-08-28T03:59:24.351641+00:00,9fc6f738-44d3-4516-8227-a607913be6ad,TP_UPDATED,4498.5,TP_DYNAMIC,TP_DYNAMIC,4498.17,4497.0,4498.5,4497.0,4497.354,4497.927,4498.5,4499.427,4497.927,4497.354,4498.5,4498.5,True,True
2026-08-28T03:59:24.351641+00:00,9fc6f738-44d3-4516-8227-a607913be6ad,ENTRY_TOUCHED,4497.51,TP_DYNAMIC,ENTRY_TOUCHED,4498.17,4497.0,4498.5,4497.0,4497.354,4497.927,4498.5,4499.427,4497.927,4497.354,4498.5,4498.5,True,True
2026-08-28T03:59:24.351641+00:00,9fc6f738-44d3-4516-8227-a607913be6ad,TP_LOCKED,4498.5,ENTRY_TOUCHED,TP_FROZEN,4498.17,4497.0,4498.5,4497.0,4497.354,4497.927,4498.5,4499.427,4497.927,4497.354,4498.5,4498.5,True,True
2026-08-28T03:59:24.352710+00:00,9fc6f738-44d3-4516-8227-a607913be6ad,INVALIDATED,4495.14,TP_FROZEN,INVALIDATED,4498.17,4497.0,4498.5,4497.0,4497.354,4497.927,4498.5,4499.427,4497.927,4497.354,4498.5,4498.5,True,True
2026-08-28T03:59:24.362584+00:00,e6b42312-02f9-4b69-845b-48594573878c,BOS_DETECTED,4497.89,NO_SETUP,BOS_DETECTED,4497.87,4493.16,4498.8,4493.16,4494.49104,4496.64552,4498.8,4502.28552,4496.64552,4494.49104,4498.8,4498.8,True,True
2026-08-28T03:59:24.362584+00:00,e6b42312-02f9-4b69-845b-48594573878c,POINT_2_FOUND,4493.16,BOS_DETECTED,POINT_2_IDENTIFIED,4497.87,4493.16,4498.8,4493.16,4494.49104,4496.64552,4498.8,4502.28552,4496.64552,4494.49104,4498.8,4498.8,True,True
2026-08-28T03:59:24.362584+00:00,e6b42312-02f9-4b69-845b-48594573878c,SETUP_CREATED,4497.87,POINT_2_IDENTIFIED,FIB_ACTIVE,4497.87,4493.16,4498.8,4493.16,4494.49104,4496.64552,4498.8,4502.28552,4496.64552,4494.49104,4498.8,4498.8,True,True
2026-08-28T03:59:24.362584+00:00,e6b42312-02f9-4b69-845b-48594573878c,NEW_VALID_HIGH,4497.87,FIB_ACTIVE,TP_DYNAMIC,4497.87,4493.16,4498.8,4493.16,4494.49104,4496.64552,4498.8,4502.28552,4496.64552,4494.49104,4498.8,4498.8,True,True
2026-08-28T03:59:24.362584+00:00,e6b42312-02f9-4b69-845b-48594573878c,TP_UPDATED,4497.87,TP_DYNAMIC,TP_DYNAMIC,4497.87,4493.16,4498.8,4493.16,4494.49104,4496.64552,4498.8,4502.28552,4496.64552,4494.49104,4498.8,4498.8,True,True
2026-08-28T03:59:24.362584+00:00,e6b42312-02f9-4b69-845b-48594573878c,NEW_VALID_HIGH,4498.8,TP_DYNAMIC,TP_DYNAMIC,4497.87,4493.16,4498.8,4493.16,4494.49104,4496.64552,4498.8,4502.28552,4496.64552,4494.49104,4498.8,4498.8,True,True
2026-08-28T03:59:24.362584+00:00,e6b42312-02f9-4b69-845b-48594573878c,TP_UPDATED,4498.8,TP_DYNAMIC,TP_DYNAMIC,4497.87,4493.16,4498.8,4493.16,4494.49104,4496.64552,4498.8,4502.28552,4496.64552,4494.49104,4498.8,4498.8,True,True
2026-08-28T03:59:24.362584+00:00,e6b42312-02f9-4b69-845b-48594573878c,ENTRY_TOUCHED,4496.33,TP_DYNAMIC,ENTRY_TOUCHED,4497.87,4493.16,4498.8,4493.16,4494.49104,4496.64552,4498.8,4502.28552,4496.64552,4494.49104,4498.8,4498.8,True,True
2026-08-28T03:59:24.362584+00:00,e6b42312-02f9-4b69-845b-48594573878c,TP_LOCKED,4498.8,ENTRY_TOUCHED,TP_FROZEN,4497.87,4493.16,4498.8,4493.16,4494.49104,4496.64552,4498.8,4502.28552,4496.64552,4494.49104,4498.8,4498.8,True,True
2026-08-28T03:59:24.377982+00:00,e6b42312-02f9-4b69-845b-48594573878c,SL_HIT,4494.92,TP_FROZEN,COMPLETED,4497.87,4493.16,4498.8,4493.16,4494.49104,4496.64552,4498.8,4502.28552,4496.64552,4494.49104,4498.8,4498.8,True,True
2026-08-28T03:59:24.384267+00:00,9aeddc9d-5d0d-4c3b-825d-778333db7121,BOS_DETECTED,4491.12,NO_SETUP,BOS_DETECTED,4490.27,4477.5,4495.0,4477.5,4481.63,4488.315,4495.0,4505.815,4488.315,4481.63,4495.0,4495.0,True,True
2026-08-28T03:59:24.384267+00:00,9aeddc9d-5d0d-4c3b-825d-778333db7121,POINT_2_FOUND,4477.5,BOS_DETECTED,POINT_2_IDENTIFIED,4490.27,4477.5,4495.0,4477.5,4481.63,4488.315,4495.0,4505.815,4488.315,4481.63,4495.0,4495.0,True,True
2026-08-28T03:59:24.390525+00:00,9aeddc9d-5d0d-4c3b-825d-778333db7121,SETUP_CREATED,4490.27,POINT_2_IDENTIFIED,FIB_ACTIVE,4490.27,4477.5,4495.0,4477.5,4481.63,4488.315,4495.0,4505.815,4488.315,4481.63,4495.0,4495.0,True,True
2026-08-28T03:59:24.390525+00:00,9aeddc9d-5d0d-4c3b-825d-778333db7121,NEW_VALID_HIGH,4490.27,FIB_ACTIVE,TP_DYNAMIC,4490.27,4477.5,4495.0,4477.5,4481.63,4488.315,4495.0,4505.815,4488.315,4481.63,4495.0,4495.0,True,True
2026-08-28T03:59:24.390525+00:00,9aeddc9d-5d0d-4c3b-825d-778333db7121,TP_UPDATED,4490.27,TP_DYNAMIC,TP_DYNAMIC,4490.27,4477.5,4495.0,4477.5,4481.63,4488.315,4495.0,4505.815,4488.315,4481.63,4495.0,4495.0,True,True
2026-08-28T03:59:24.392926+00:00,9aeddc9d-5d0d-4c3b-825d-778333db7121,NEW_VALID_HIGH,4495.0,TP_DYNAMIC,TP_DYNAMIC,4490.27,4477.5,4495.0,4477.5,4481.63,4488.315,4495.0,4505.815,4488.315,4481.63,4495.0,4495.0,True,True
2026-08-28T03:59:24.392926+00:00,9aeddc9d-5d0d-4c3b-825d-778333db7121,TP_UPDATED,4495.0,TP_DYNAMIC,TP_DYNAMIC,4490.27,4477.5,4495.0,4477.5,4481.63,4488.315,4495.0,4505.815,4488.315,4481.63,4495.0,4495.0,True,True
2026-08-28T03:59:24.392926+00:00,9aeddc9d-5d0d-4c3b-825d-778333db7121,ENTRY_TOUCHED,4486.82,TP_DYNAMIC,ENTRY_TOUCHED,4490.27,4477.5,4495.0,4477.5,4481.63,4488.315,4495.0,4505.815,4488.315,4481.63,4495.0,4495.0,True,True
2026-08-28T03:59:24.392926+00:00,9aeddc9d-5d0d-4c3b-825d-778333db7121,TP_LOCKED,4495.0,ENTRY_TOUCHED,TP_FROZEN,4490.27,4477.5,4495.0,4477.5,4481.63,4488.315,4495.0,4505.815,4488.315,4481.63,4495.0,4495.0,True,True
2026-08-28T03:59:24.400674+00:00,9aeddc9d-5d0d-4c3b-825d-778333db7121,TP_HIT,4495.39,TP_FROZEN,COMPLETED,4490.27,4477.5,4495.0,4477.5,4481.63,4488.315,4495.0,4505.815,4488.315,4481.63,4495.0,4495.0,True,True
2026-08-28T03:59:24.415608+00:00,c79e69da-1b07-44b6-8058-65aaa499e5ba,BOS_DETECTED,4510.22,NO_SETUP,BOS_DETECTED,4492.07,4452.57,4492.07,4452.57,4461.892,4476.981,4492.07,4516.481,4476.981,4461.892,4492.07,4492.07,True,True
2026-08-28T03:59:24.415608+00:00,c79e69da-1b07-44b6-8058-65aaa499e5ba,POINT_2_FOUND,4452.57,BOS_DETECTED,POINT_2_IDENTIFIED,4492.07,4452.57,4492.07,4452.57,4461.892,4476.981,4492.07,4516.481,4476.981,4461.892,4492.07,4492.07,True,True
2026-08-28T03:59:24.415608+00:00,c79e69da-1b07-44b6-8058-65aaa499e5ba,SETUP_CREATED,4492.07,POINT_2_IDENTIFIED,FIB_ACTIVE,4492.07,4452.57,4492.07,4452.57,4461.892,4476.981,4492.07,4516.481,4476.981,4461.892,4492.07,4492.07,True,True
2026-08-28T03:59:24.415608+00:00,c79e69da-1b07-44b6-8058-65aaa499e5ba,NEW_VALID_HIGH,4492.07,FIB_ACTIVE,TP_DYNAMIC,4492.07,4452.57,4492.07,4452.57,4461.892,4476.981,4492.07,4516.481,4476.981,4461.892,4492.07,4492.07,True,True
2026-08-28T03:59:24.415608+00:00,c79e69da-1b07-44b6-8058-65aaa499e5ba,TP_UPDATED,4492.07,TP_DYNAMIC,TP_DYNAMIC,4492.07,4452.57,4492.07,4452.57,4461.892,4476.981,4492.07,4516.481,4476.981,4461.892,4492.07,4492.07,True,True
2026-08-28T03:59:24.415608+00:00,c79e69da-1b07-44b6-8058-65aaa499e5ba,ENTRY_TOUCHED,4510.22,TP_DYNAMIC,ENTRY_TOUCHED,4492.07,4452.57,4492.07,4452.57,4461.892,4476.981,4492.07,4516.481,4476.981,4461.892,4492.07,4492.07,True,True
2026-08-28T03:59:24.415608+00:00,c79e69da-1b07-44b6-8058-65aaa499e5ba,TP_LOCKED,4492.07,ENTRY_TOUCHED,TP_FROZEN,4492.07,4452.57,4492.07,4452.57,4461.892,4476.981,4492.07,4516.481,4476.981,4461.892,4492.07,4492.07,True,True
2026-08-28T03:59:24.415608+00:00,c79e69da-1b07-44b6-8058-65aaa499e5ba,TP_HIT,4528.69,TP_FROZEN,COMPLETED,4492.07,4452.57,4492.07,4452.57,4461.892,4476.981,4492.07,4516.481,4476.981,4461.892,4492.07,4492.07,True,True
2026-08-28T03:59:24.450814+00:00,43be28d9-1222-4170-9dc5-13d8f163b9b8,BOS_DETECTED,4455.29,NO_SETUP,BOS_DETECTED,4310.74,4124.1,4512.71,4124.1,4215.81196,4364.26098,4512.71,4752.87098,4364.26098,4215.81196,4512.71,4512.71,True,True
2026-08-28T03:59:24.450814+00:00,43be28d9-1222-4170-9dc5-13d8f163b9b8,POINT_2_FOUND,4124.1,BOS_DETECTED,POINT_2_IDENTIFIED,4310.74,4124.1,4512.71,4124.1,4215.81196,4364.26098,4512.71,4752.87098,4364.26098,4215.81196,4512.71,4512.71,True,True
2026-08-28T03:59:24.450814+00:00,43be28d9-1222-4170-9dc5-13d8f163b9b8,SETUP_CREATED,4310.74,POINT_2_IDENTIFIED,FIB_ACTIVE,4310.74,4124.1,4512.71,4124.1,4215.81196,4364.26098,4512.71,4752.87098,4364.26098,4215.81196,4512.71,4512.71,True,True
2026-08-28T03:59:24.450814+00:00,43be28d9-1222-4170-9dc5-13d8f163b9b8,NEW_VALID_HIGH,4310.74,FIB_ACTIVE,TP_DYNAMIC,4310.74,4124.1,4512.71,4124.1,4215.81196,4364.26098,4512.71,4752.87098,4364.26098,4215.81196,4512.71,4512.71,True,True
2026-08-28T03:59:24.450814+00:00,43be28d9-1222-4170-9dc5-13d8f163b9b8,TP_UPDATED,4310.74,TP_DYNAMIC,TP_DYNAMIC,4310.74,4124.1,4512.71,4124.1,4215.81196,4364.26098,4512.71,4752.87098,4364.26098,4215.81196,4512.71,4512.71,True,True
2026-08-28T03:59:24.450814+00:00,43be28d9-1222-4170-9dc5-13d8f163b9b8,NEW_VALID_HIGH,4468.02,TP_DYNAMIC,TP_DYNAMIC,4310.74,4124.1,4512.71,4124.1,4215.81196,4364.26098,4512.71,4752.87098,4364.26098,4215.81196,4512.71,4512.71,True,True
2026-08-28T03:59:24.450814+00:00,43be28d9-1222-4170-9dc5-13d8f163b9b8,TP_UPDATED,4468.02,TP_DYNAMIC,TP_DYNAMIC,4310.74,4124.1,4512.71,4124.1,4215.81196,4364.26098,4512.71,4752.87098,4364.26098,4215.81196,4512.71,4512.71,True,True
2026-08-28T03:59:24.458925+00:00,43be28d9-1222-4170-9dc5-13d8f163b9b8,NEW_VALID_HIGH,4493.89,TP_DYNAMIC,TP_DYNAMIC,4310.74,4124.1,4512.71,4124.1,4215.81196,4364.26098,4512.71,4752.87098,4364.26098,4215.81196,4512.71,4512.71,True,True
2026-08-28T03:59:24.458925+00:00,43be28d9-1222-4170-9dc5-13d8f163b9b8,TP_UPDATED,4493.89,TP_DYNAMIC,TP_DYNAMIC,4310.74,4124.1,4512.71,4124.1,4215.81196,4364.26098,4512.71,4752.87098,4364.26098,4215.81196,4512.71,4512.71,True,True
2026-08-28T03:59:24.460653+00:00,43be28d9-1222-4170-9dc5-13d8f163b9b8,NEW_VALID_HIGH,4512.71,TP_DYNAMIC,TP_DYNAMIC,4310.74,4124.1,4512.71,4124.1,4215.81196,4364.26098,4512.71,4752.87098,4364.26098,4215.81196,4512.71,4512.71,True,True
2026-08-28T03:59:24.460653+00:00,43be28d9-1222-4170-9dc5-13d8f163b9b8,TP_UPDATED,4512.71,TP_DYNAMIC,TP_DYNAMIC,4310.74,4124.1,4512.71,4124.1,4215.81196,4364.26098,4512.71,4752.87098,4364.26098,4215.81196,4512.71,4512.71,True,True
2026-08-28T03:59:24.460653+00:00,43be28d9-1222-4170-9dc5-13d8f163b9b8,ENTRY_TOUCHED,4367.2,TP_DYNAMIC,ENTRY_TOUCHED,4310.74,4124.1,4512.71,4124.1,4215.81196,4364.26098,4512.71,4752.87098,4364.26098,4215.81196,4512.71,4512.71,True,True
2026-08-28T03:59:24.460653+00:00,43be28d9-1222-4170-9dc5-13d8f163b9b8,TP_LOCKED,4512.71,ENTRY_TOUCHED,TP_FROZEN,4310.74,4124.1,4512.71,4124.1,4215.81196,4364.26098,4512.71,4752.87098,4364.26098,4215.81196,4512.71,4512.71,True,True
2026-08-28T03:59:24.549536+00:00,43be28d9-1222-4170-9dc5-13d8f163b9b8,TP_HIT,4512.99,TP_FROZEN,COMPLETED,4310.74,4124.1,4512.71,4124.1,4215.81196,4364.26098,4512.71,4752.87098,4364.26098,4215.81196,4512.71,4512.71,True,True
2026-08-28T03:59:24.576166+00:00,87dbb182-9efc-463b-ba6b-dd0bb22bce32,BOS_DETECTED,4565.57,NO_SETUP,BOS_DETECTED,4563.22,4534.12,4568.97,4534.12,4540.9876,4552.1038,4563.22,4581.2038,4552.1038,4540.9876,4563.22,4563.22,True,True
2026-08-28T03:59:24.576166+00:00,87dbb182-9efc-463b-ba6b-dd0bb22bce32,POINT_2_FOUND,4534.12,BOS_DETECTED,POINT_2_IDENTIFIED,4563.22,4534.12,4568.97,4534.12,4540.9876,4552.1038,4563.22,4581.2038,4552.1038,4540.9876,4563.22,4563.22,True,True
2026-08-28T03:59:24.576166+00:00,87dbb182-9efc-463b-ba6b-dd0bb22bce32,SETUP_CREATED,4563.22,POINT_2_IDENTIFIED,FIB_ACTIVE,4563.22,4534.12,4568.97,4534.12,4540.9876,4552.1038,4563.22,4581.2038,4552.1038,4540.9876,4563.22,4563.22,True,True
2026-08-28T03:59:24.576166+00:00,87dbb182-9efc-463b-ba6b-dd0bb22bce32,NEW_VALID_HIGH,4563.22,FIB_ACTIVE,TP_DYNAMIC,4563.22,4534.12,4568.97,4534.12,4540.9876,4552.1038,4563.22,4581.2038,4552.1038,4540.9876,4563.22,4563.22,True,True
2026-08-28T03:59:24.576166+00:00,87dbb182-9efc-463b-ba6b-dd0bb22bce32,TP_UPDATED,4563.22,TP_DYNAMIC,TP_DYNAMIC,4563.22,4534.12,4568.97,4534.12,4540.9876,4552.1038,4563.22,4581.2038,4552.1038,4540.9876,4563.22,4563.22,True,True
2026-08-28T03:59:24.581482+00:00,87dbb182-9efc-463b-ba6b-dd0bb22bce32,ENTRY_TOUCHED,4551.11,TP_DYNAMIC,ENTRY_TOUCHED,4563.22,4534.12,4568.97,4534.12,4540.9876,4552.1038,4563.22,4581.2038,4552.1038,4540.9876,4563.22,4563.22,True,True
2026-08-28T03:59:24.581482+00:00,87dbb182-9efc-463b-ba6b-dd0bb22bce32,TP_LOCKED,4563.22,ENTRY_TOUCHED,TP_FROZEN,4563.22,4534.12,4568.97,4534.12,4540.9876,4552.1038,4563.22,4581.2038,4552.1038,4540.9876,4563.22,4563.22,True,True
2026-08-28T03:59:24.581482+00:00,87dbb182-9efc-463b-ba6b-dd0bb22bce32,POST_ENTRY_HIGH_IGNORED,4568.97,TP_FROZEN,TP_FROZEN,4563.22,4534.12,4568.97,4534.12,4540.9876,4552.1038,4563.22,4581.2038,4552.1038,4540.9876,4563.22,4563.22,True,True
2026-08-28T03:59:24.581482+00:00,87dbb182-9efc-463b-ba6b-dd0bb22bce32,SL_HIT,4551.32,TP_FROZEN,COMPLETED,4563.22,4534.12,4568.97,4534.12,4540.9876,4552.1038,4563.22,4581.2038,4552.1038,4540.9876,4563.22,4563.22,True,True
2026-08-28T03:59:24.581482+00:00,b2aef5f8-8846-4454-a4f4-35ced466f091,BOS_DETECTED,4579.69,NO_SETUP,BOS_DETECTED,4568.97,4528.58,4585.0,4528.58,4541.89512,4563.44756,4585.0,4619.86756,4563.44756,4541.89512,4585.0,4585.0,True,True
2026-08-28T03:59:24.581482+00:00,b2aef5f8-8846-4454-a4f4-35ced466f091,POINT_2_FOUND,4528.58,BOS_DETECTED,POINT_2_IDENTIFIED,4568.97,4528.58,4585.0,4528.58,4541.89512,4563.44756,4585.0,4619.86756,4563.44756,4541.89512,4585.0,4585.0,True,True
2026-08-28T03:59:24.581482+00:00,b2aef5f8-8846-4454-a4f4-35ced466f091,SETUP_CREATED,4568.97,POINT_2_IDENTIFIED,FIB_ACTIVE,4568.97,4528.58,4585.0,4528.58,4541.89512,4563.44756,4585.0,4619.86756,4563.44756,4541.89512,4585.0,4585.0,True,True
2026-08-28T03:59:24.581482+00:00,b2aef5f8-8846-4454-a4f4-35ced466f091,NEW_VALID_HIGH,4568.97,FIB_ACTIVE,TP_DYNAMIC,4568.97,4528.58,4585.0,4528.58,4541.89512,4563.44756,4585.0,4619.86756,4563.44756,4541.89512,4585.0,4585.0,True,True
2026-08-28T03:59:24.581482+00:00,b2aef5f8-8846-4454-a4f4-35ced466f091,TP_UPDATED,4568.97,TP_DYNAMIC,TP_DYNAMIC,4568.97,4528.58,4585.0,4528.58,4541.89512,4563.44756,4585.0,4619.86756,4563.44756,4541.89512,4585.0,4585.0,True,True
2026-08-28T03:59:24.581482+00:00,b2aef5f8-8846-4454-a4f4-35ced466f091,NEW_VALID_HIGH,4585.0,TP_DYNAMIC,TP_DYNAMIC,4568.97,4528.58,4585.0,4528.58,4541.89512,4563.44756,4585.0,4619.86756,4563.44756,4541.89512,4585.0,4585.0,True,True
2026-08-28T03:59:24.581482+00:00,b2aef5f8-8846-4454-a4f4-35ced466f091,TP_UPDATED,4585.0,TP_DYNAMIC,TP_DYNAMIC,4568.97,4528.58,4585.0,4528.58,4541.89512,4563.44756,4585.0,4619.86756,4563.44756,4541.89512,4585.0,4585.0,True,True
2026-08-28T03:59:24.581482+00:00,b2aef5f8-8846-4454-a4f4-35ced466f091,ENTRY_TOUCHED,4545.71,TP_DYNAMIC,ENTRY_TOUCHED,4568.97,4528.58,4585.0,4528.58,4541.89512,4563.44756,4585.0,4619.86756,4563.44756,4541.89512,4585.0,4585.0,True,True
2026-08-28T03:59:24.581482+00:00,b2aef5f8-8846-4454-a4f4-35ced466f091,TP_LOCKED,4585.0,ENTRY_TOUCHED,TP_FROZEN,4568.97,4528.58,4585.0,4528.58,4541.89512,4563.44756,4585.0,4619.86756,4563.44756,4541.89512,4585.0,4585.0,True,True
2026-08-28T03:59:24.590619+00:00,b2aef5f8-8846-4454-a4f4-35ced466f091,SL_HIT,4546.53,TP_FROZEN,COMPLETED,4568.97,4528.58,4585.0,4528.58,4541.89512,4563.44756,4585.0,4619.86756,4563.44756,4541.89512,4585.0,4585.0,True,True
2026-08-28T03:59:24.622223+00:00,f5a8b759-6c5f-4585-a2f1-a03152413651,BOS_DETECTED,4534.53,NO_SETUP,BOS_DETECTED,4533.63,4490.0,4542.97,4490.0,4502.50092,4522.73546,4542.97,4575.70546,4522.73546,4502.50092,4542.97,4542.97,True,True
2026-08-28T03:59:24.622223+00:00,f5a8b759-6c5f-4585-a2f1-a03152413651,POINT_2_FOUND,4490.0,BOS_DETECTED,POINT_2_IDENTIFIED,4533.63,4490.0,4542.97,4490.0,4502.50092,4522.73546,4542.97,4575.70546,4522.73546,4502.50092,4542.97,4542.97,True,True
2026-08-28T03:59:24.622223+00:00,f5a8b759-6c5f-4585-a2f1-a03152413651,SETUP_CREATED,4533.63,POINT_2_IDENTIFIED,FIB_ACTIVE,4533.63,4490.0,4542.97,4490.0,4502.50092,4522.73546,4542.97,4575.70546,4522.73546,4502.50092,4542.97,4542.97,True,True
2026-08-28T03:59:24.622223+00:00,f5a8b759-6c5f-4585-a2f1-a03152413651,NEW_VALID_HIGH,4533.63,FIB_ACTIVE,TP_DYNAMIC,4533.63,4490.0,4542.97,4490.0,4502.50092,4522.73546,4542.97,4575.70546,4522.73546,4502.50092,4542.97,4542.97,True,True
2026-08-28T03:59:24.622223+00:00,f5a8b759-6c5f-4585-a2f1-a03152413651,TP_UPDATED,4533.63,TP_DYNAMIC,TP_DYNAMIC,4533.63,4490.0,4542.97,4490.0,4502.50092,4522.73546,4542.97,4575.70546,4522.73546,4502.50092,4542.97,4542.97,True,True
2026-08-28T03:59:24.626330+00:00,f5a8b759-6c5f-4585-a2f1-a03152413651,NEW_VALID_HIGH,4542.97,TP_DYNAMIC,TP_DYNAMIC,4533.63,4490.0,4542.97,4490.0,4502.50092,4522.73546,4542.97,4575.70546,4522.73546,4502.50092,4542.97,4542.97,True,True
2026-08-28T03:59:24.626330+00:00,f5a8b759-6c5f-4585-a2f1-a03152413651,TP_UPDATED,4542.97,TP_DYNAMIC,TP_DYNAMIC,4533.63,4490.0,4542.97,4490.0,4502.50092,4522.73546,4542.97,4575.70546,4522.73546,4502.50092,4542.97,4542.97,True,True
2026-08-28T03:59:24.626330+00:00,f5a8b759-6c5f-4585-a2f1-a03152413651,ENTRY_TOUCHED,4535.18,TP_DYNAMIC,ENTRY_TOUCHED,4533.63,4490.0,4542.97,4490.0,4502.50092,4522.73546,4542.97,4575.70546,4522.73546,4502.50092,4542.97,4542.97,True,True
2026-08-28T03:59:24.626330+00:00,f5a8b759-6c5f-4585-a2f1-a03152413651,TP_LOCKED,4542.97,ENTRY_TOUCHED,TP_FROZEN,4533.63,4490.0,4542.97,4490.0,4502.50092,4522.73546,4542.97,4575.70546,4522.73546,4502.50092,4542.97,4542.97,True,True
2026-08-28T03:59:24.628345+00:00,f5a8b759-6c5f-4585-a2f1-a03152413651,SL_HIT,4511.56,TP_FROZEN,COMPLETED,4533.63,4490.0,4542.97,4490.0,4502.50092,4522.73546,4542.97,4575.70546,4522.73546,4502.50092,4542.97,4542.97,True,True
2026-08-28T03:59:24.660505+00:00,00409810-91b1-4b1e-af71-6a1ef687e193,BOS_DETECTED,4460.41,NO_SETUP,BOS_DETECTED,4456.66,4416.33,4479.68,4416.33,4431.2806,4455.4803,4479.68,4518.8303000000005,4455.4803,4431.2806,4479.68,4479.68,True,True
2026-08-28T03:59:24.660505+00:00,00409810-91b1-4b1e-af71-6a1ef687e193,POINT_2_FOUND,4416.33,BOS_DETECTED,POINT_2_IDENTIFIED,4456.66,4416.33,4479.68,4416.33,4431.2806,4455.4803,4479.68,4518.8303000000005,4455.4803,4431.2806,4479.68,4479.68,True,True
2026-08-28T03:59:24.660505+00:00,00409810-91b1-4b1e-af71-6a1ef687e193,SETUP_CREATED,4456.66,POINT_2_IDENTIFIED,FIB_ACTIVE,4456.66,4416.33,4479.68,4416.33,4431.2806,4455.4803,4479.68,4518.8303000000005,4455.4803,4431.2806,4479.68,4479.68,True,True
2026-08-28T03:59:24.660505+00:00,00409810-91b1-4b1e-af71-6a1ef687e193,NEW_VALID_HIGH,4456.66,FIB_ACTIVE,TP_DYNAMIC,4456.66,4416.33,4479.68,4416.33,4431.2806,4455.4803,4479.68,4518.8303000000005,4455.4803,4431.2806,4479.68,4479.68,True,True
2026-08-28T03:59:24.660505+00:00,00409810-91b1-4b1e-af71-6a1ef687e193,TP_UPDATED,4456.66,TP_DYNAMIC,TP_DYNAMIC,4456.66,4416.33,4479.68,4416.33,4431.2806,4455.4803,4479.68,4518.8303000000005,4455.4803,4431.2806,4479.68,4479.68,True,True
2026-08-28T03:59:24.662607+00:00,00409810-91b1-4b1e-af71-6a1ef687e193,NEW_VALID_HIGH,4479.68,TP_DYNAMIC,TP_DYNAMIC,4456.66,4416.33,4479.68,4416.33,4431.2806,4455.4803,4479.68,4518.8303000000005,4455.4803,4431.2806,4479.68,4479.68,True,True
2026-08-28T03:59:24.662607+00:00,00409810-91b1-4b1e-af71-6a1ef687e193,TP_UPDATED,4479.68,TP_DYNAMIC,TP_DYNAMIC,4456.66,4416.33,4479.68,4416.33,4431.2806,4455.4803,4479.68,4518.8303000000005,4455.4803,4431.2806,4479.68,4479.68,True,True
2026-08-28T03:59:24.662607+00:00,00409810-91b1-4b1e-af71-6a1ef687e193,ENTRY_TOUCHED,4455.96,TP_DYNAMIC,ENTRY_TOUCHED,4456.66,4416.33,4479.68,4416.33,4431.2806,4455.4803,4479.68,4518.8303000000005,4455.4803,4431.2806,4479.68,4479.68,True,True
2026-08-28T03:59:24.662607+00:00,00409810-91b1-4b1e-af71-6a1ef687e193,TP_LOCKED,4479.68,ENTRY_TOUCHED,TP_FROZEN,4456.66,4416.33,4479.68,4416.33,4431.2806,4455.4803,4479.68,4518.8303000000005,4455.4803,4431.2806,4479.68,4479.68,True,True
2026-08-28T03:59:24.662607+00:00,00409810-91b1-4b1e-af71-6a1ef687e193,SL_HIT,4441.54,TP_FROZEN,COMPLETED,4456.66,4416.33,4479.68,4416.33,4431.2806,4455.4803,4479.68,4518.8303000000005,4455.4803,4431.2806,4479.68,4479.68,True,True
2026-08-28T03:59:24.676493+00:00,e6b7327f-0fce-4a53-a2bf-b16a9e42865b,BOS_DETECTED,4407.74,NO_SETUP,BOS_DETECTED,4402.48,4355.0,4402.48,4355.0,4366.20528,4384.34264,4402.48,4431.822639999999,4384.34264,4366.20528,4402.48,4402.48,True,True
2026-08-28T03:59:24.676493+00:00,e6b7327f-0fce-4a53-a2bf-b16a9e42865b,POINT_2_FOUND,4355.0,BOS_DETECTED,POINT_2_IDENTIFIED,4402.48,4355.0,4402.48,4355.0,4366.20528,4384.34264,4402.48,4431.822639999999,4384.34264,4366.20528,4402.48,4402.48,True,True
2026-08-28T03:59:24.676493+00:00,e6b7327f-0fce-4a53-a2bf-b16a9e42865b,SETUP_CREATED,4402.48,POINT_2_IDENTIFIED,FIB_ACTIVE,4402.48,4355.0,4402.48,4355.0,4366.20528,4384.34264,4402.48,4431.822639999999,4384.34264,4366.20528,4402.48,4402.48,True,True
2026-08-28T03:59:24.676493+00:00,e6b7327f-0fce-4a53-a2bf-b16a9e42865b,NEW_VALID_HIGH,4402.48,FIB_ACTIVE,TP_DYNAMIC,4402.48,4355.0,4402.48,4355.0,4366.20528,4384.34264,4402.48,4431.822639999999,4384.34264,4366.20528,4402.48,4402.48,True,True
2026-08-28T03:59:24.676493+00:00,e6b7327f-0fce-4a53-a2bf-b16a9e42865b,TP_UPDATED,4402.48,TP_DYNAMIC,TP_DYNAMIC,4402.48,4355.0,4402.48,4355.0,4366.20528,4384.34264,4402.48,4431.822639999999,4384.34264,4366.20528,4402.48,4402.48,True,True
2026-08-28T03:59:24.676493+00:00,e6b7327f-0fce-4a53-a2bf-b16a9e42865b,ENTRY_TOUCHED,4407.74,TP_DYNAMIC,ENTRY_TOUCHED,4402.48,4355.0,4402.48,4355.0,4366.20528,4384.34264,4402.48,4431.822639999999,4384.34264,4366.20528,4402.48,4402.48,True,True
2026-08-28T03:59:24.676493+00:00,e6b7327f-0fce-4a53-a2bf-b16a9e42865b,TP_LOCKED,4402.48,ENTRY_TOUCHED,TP_FROZEN,4402.48,4355.0,4402.48,4355.0,4366.20528,4384.34264,4402.48,4431.822639999999,4384.34264,4366.20528,4402.48,4402.48,True,True
2026-08-28T03:59:24.678504+00:00,e6b7327f-0fce-4a53-a2bf-b16a9e42865b,TP_HIT,4409.47,TP_FROZEN,COMPLETED,4402.48,4355.0,4402.48,4355.0,4366.20528,4384.34264,4402.48,4431.822639999999,4384.34264,4366.20528,4402.48,4402.48,True,True
2026-08-28T03:59:24.692339+00:00,f1302e98-723d-475b-927d-0123f6eae9fa,BOS_DETECTED,4421.85,NO_SETUP,BOS_DETECTED,4414.19,4378.98,4476.57,4378.98,4402.01124,4439.29062,4476.57,4536.88062,4439.29062,4402.01124,4476.57,4476.57,True,True
2026-08-28T03:59:24.692339+00:00,f1302e98-723d-475b-927d-0123f6eae9fa,POINT_2_FOUND,4378.98,BOS_DETECTED,POINT_2_IDENTIFIED,4414.19,4378.98,4476.57,4378.98,4402.01124,4439.29062,4476.57,4536.88062,4439.29062,4402.01124,4476.57,4476.57,True,True
2026-08-28T03:59:24.692339+00:00,f1302e98-723d-475b-927d-0123f6eae9fa,SETUP_CREATED,4414.19,POINT_2_IDENTIFIED,FIB_ACTIVE,4414.19,4378.98,4476.57,4378.98,4402.01124,4439.29062,4476.57,4536.88062,4439.29062,4402.01124,4476.57,4476.57,True,True
2026-08-28T03:59:24.692339+00:00,f1302e98-723d-475b-927d-0123f6eae9fa,NEW_VALID_HIGH,4414.19,FIB_ACTIVE,TP_DYNAMIC,4414.19,4378.98,4476.57,4378.98,4402.01124,4439.29062,4476.57,4536.88062,4439.29062,4402.01124,4476.57,4476.57,True,True
2026-08-28T03:59:24.692339+00:00,f1302e98-723d-475b-927d-0123f6eae9fa,TP_UPDATED,4414.19,TP_DYNAMIC,TP_DYNAMIC,4414.19,4378.98,4476.57,4378.98,4402.01124,4439.29062,4476.57,4536.88062,4439.29062,4402.01124,4476.57,4476.57,True,True
2026-08-28T03:59:24.694356+00:00,f1302e98-723d-475b-927d-0123f6eae9fa,NEW_VALID_HIGH,4448.0,TP_DYNAMIC,TP_DYNAMIC,4414.19,4378.98,4476.57,4378.98,4402.01124,4439.29062,4476.57,4536.88062,4439.29062,4402.01124,4476.57,4476.57,True,True
2026-08-28T03:59:24.694356+00:00,f1302e98-723d-475b-927d-0123f6eae9fa,TP_UPDATED,4448.0,TP_DYNAMIC,TP_DYNAMIC,4414.19,4378.98,4476.57,4378.98,4402.01124,4439.29062,4476.57,4536.88062,4439.29062,4402.01124,4476.57,4476.57,True,True
2026-08-28T03:59:24.702757+00:00,f1302e98-723d-475b-927d-0123f6eae9fa,NEW_VALID_HIGH,4476.57,TP_DYNAMIC,TP_DYNAMIC,4414.19,4378.98,4476.57,4378.98,4402.01124,4439.29062,4476.57,4536.88062,4439.29062,4402.01124,4476.57,4476.57,True,True
2026-08-28T03:59:24.702757+00:00,f1302e98-723d-475b-927d-0123f6eae9fa,TP_UPDATED,4476.57,TP_DYNAMIC,TP_DYNAMIC,4414.19,4378.98,4476.57,4378.98,4402.01124,4439.29062,4476.57,4536.88062,4439.29062,4402.01124,4476.57,4476.57,True,True
2026-08-28T03:59:24.710418+00:00,f1302e98-723d-475b-927d-0123f6eae9fa,ENTRY_TOUCHED,4435.62,TP_DYNAMIC,ENTRY_TOUCHED,4414.19,4378.98,4476.57,4378.98,4402.01124,4439.29062,4476.57,4536.88062,4439.29062,4402.01124,4476.57,4476.57,True,True
2026-08-28T03:59:24.710418+00:00,f1302e98-723d-475b-927d-0123f6eae9fa,TP_LOCKED,4476.57,ENTRY_TOUCHED,TP_FROZEN,4414.19,4378.98,4476.57,4378.98,4402.01124,4439.29062,4476.57,4536.88062,4439.29062,4402.01124,4476.57,4476.57,True,True
2026-08-28T03:59:24.726969+00:00,f1302e98-723d-475b-927d-0123f6eae9fa,TP_HIT,4511.03,TP_FROZEN,COMPLETED,4414.19,4378.98,4476.57,4378.98,4402.01124,4439.29062,4476.57,4536.88062,4439.29062,4402.01124,4476.57,4476.57,True,True
2026-08-28T03:59:24.765443+00:00,aad50a1b-9ff7-4507-86f4-68bc0188135e,BOS_DETECTED,4497.25,NO_SETUP,BOS_DETECTED,4496.73,4492.87,4496.73,4492.87,4493.78096,4495.25548,4496.73,4499.1154799999995,4495.25548,4493.78096,4496.73,4496.73,True,True
2026-08-28T03:59:24.765443+00:00,aad50a1b-9ff7-4507-86f4-68bc0188135e,POINT_2_FOUND,4492.87,BOS_DETECTED,POINT_2_IDENTIFIED,4496.73,4492.87,4496.73,4492.87,4493.78096,4495.25548,4496.73,4499.1154799999995,4495.25548,4493.78096,4496.73,4496.73,True,True
2026-08-28T03:59:24.765443+00:00,aad50a1b-9ff7-4507-86f4-68bc0188135e,SETUP_CREATED,4496.73,POINT_2_IDENTIFIED,FIB_ACTIVE,4496.73,4492.87,4496.73,4492.87,4493.78096,4495.25548,4496.73,4499.1154799999995,4495.25548,4493.78096,4496.73,4496.73,True,True
2026-08-28T03:59:24.765443+00:00,aad50a1b-9ff7-4507-86f4-68bc0188135e,NEW_VALID_HIGH,4496.73,FIB_ACTIVE,TP_DYNAMIC,4496.73,4492.87,4496.73,4492.87,4493.78096,4495.25548,4496.73,4499.1154799999995,4495.25548,4493.78096,4496.73,4496.73,True,True
2026-08-28T03:59:24.765443+00:00,aad50a1b-9ff7-4507-86f4-68bc0188135e,TP_UPDATED,4496.73,TP_DYNAMIC,TP_DYNAMIC,4496.73,4492.87,4496.73,4492.87,4493.78096,4495.25548,4496.73,4499.1154799999995,4495.25548,4493.78096,4496.73,4496.73,True,True
2026-08-28T03:59:24.765443+00:00,aad50a1b-9ff7-4507-86f4-68bc0188135e,ENTRY_TOUCHED,4497.25,TP_DYNAMIC,ENTRY_TOUCHED,4496.73,4492.87,4496.73,4492.87,4493.78096,4495.25548,4496.73,4499.1154799999995,4495.25548,4493.78096,4496.73,4496.73,True,True
2026-08-28T03:59:24.765443+00:00,aad50a1b-9ff7-4507-86f4-68bc0188135e,TP_LOCKED,4496.73,ENTRY_TOUCHED,TP_FROZEN,4496.73,4492.87,4496.73,4492.87,4493.78096,4495.25548,4496.73,4499.1154799999995,4495.25548,4493.78096,4496.73,4496.73,True,True
2026-08-28T03:59:24.765443+00:00,aad50a1b-9ff7-4507-86f4-68bc0188135e,TP_HIT,4500.55,TP_FROZEN,COMPLETED,4496.73,4492.87,4496.73,4492.87,4493.78096,4495.25548,4496.73,4499.1154799999995,4495.25548,4493.78096,4496.73,4496.73,True,True
2026-08-28T03:59:24.792686+00:00,a2d388bf-27ec-4430-a7ed-bd06a766ee74,BOS_DETECTED,4498.57,NO_SETUP,BOS_DETECTED,4498.18,4496.59,4498.18,4496.59,4496.96524,4497.57262,4498.18,4499.16262,4497.57262,4496.96524,4498.18,4498.18,True,True
2026-08-28T03:59:24.792686+00:00,a2d388bf-27ec-4430-a7ed-bd06a766ee74,POINT_2_FOUND,4496.59,BOS_DETECTED,POINT_2_IDENTIFIED,4498.18,4496.59,4498.18,4496.59,4496.96524,4497.57262,4498.18,4499.16262,4497.57262,4496.96524,4498.18,4498.18,True,True
2026-08-28T03:59:24.792686+00:00,a2d388bf-27ec-4430-a7ed-bd06a766ee74,SETUP_CREATED,4498.18,POINT_2_IDENTIFIED,FIB_ACTIVE,4498.18,4496.59,4498.18,4496.59,4496.96524,4497.57262,4498.18,4499.16262,4497.57262,4496.96524,4498.18,4498.18,True,True
2026-08-28T03:59:24.792686+00:00,a2d388bf-27ec-4430-a7ed-bd06a766ee74,NEW_VALID_HIGH,4498.18,FIB_ACTIVE,TP_DYNAMIC,4498.18,4496.59,4498.18,4496.59,4496.96524,4497.57262,4498.18,4499.16262,4497.57262,4496.96524,4498.18,4498.18,True,True
2026-08-28T03:59:24.792686+00:00,a2d388bf-27ec-4430-a7ed-bd06a766ee74,TP_UPDATED,4498.18,TP_DYNAMIC,TP_DYNAMIC,4498.18,4496.59,4498.18,4496.59,4496.96524,4497.57262,4498.18,4499.16262,4497.57262,4496.96524,4498.18,4498.18,True,True
2026-08-28T03:59:24.792686+00:00,a2d388bf-27ec-4430-a7ed-bd06a766ee74,ENTRY_TOUCHED,4497.97,TP_DYNAMIC,ENTRY_TOUCHED,4498.18,4496.59,4498.18,4496.59,4496.96524,4497.57262,4498.18,4499.16262,4497.57262,4496.96524,4498.18,4498.18,True,True
2026-08-28T03:59:24.792686+00:00,a2d388bf-27ec-4430-a7ed-bd06a766ee74,TP_LOCKED,4498.18,ENTRY_TOUCHED,TP_FROZEN,4498.18,4496.59,4498.18,4496.59,4496.96524,4497.57262,4498.18,4499.16262,4497.57262,4496.96524,4498.18,4498.18,True,True
2026-08-28T03:59:24.792686+00:00,a2d388bf-27ec-4430-a7ed-bd06a766ee74,TP_HIT,4498.35,TP_FROZEN,COMPLETED,4498.18,4496.59,4498.18,4496.59,4496.96524,4497.57262,4498.18,4499.16262,4497.57262,4496.96524,4498.18,4498.18,True,True
2026-08-28T03:59:24.850610+00:00,3d500d2b-8634-4935-a691-13ff555cc793,BOS_DETECTED,4498.27,NO_SETUP,BOS_DETECTED,4498.0,4496.6,4510.5,4496.6,4499.8804,4505.1902,4510.5,4519.0902,4505.1902,4499.8804,4510.5,4510.5,True,True
2026-08-28T03:59:24.850610+00:00,3d500d2b-8634-4935-a691-13ff555cc793,POINT_2_FOUND,4496.6,BOS_DETECTED,POINT_2_IDENTIFIED,4498.0,4496.6,4510.5,4496.6,4499.8804,4505.1902,4510.5,4519.0902,4505.1902,4499.8804,4510.5,4510.5,True,True
2026-08-28T03:59:24.850610+00:00,3d500d2b-8634-4935-a691-13ff555cc793,SETUP_CREATED,4498.0,POINT_2_IDENTIFIED,FIB_ACTIVE,4498.0,4496.6,4510.5,4496.6,4499.8804,4505.1902,4510.5,4519.0902,4505.1902,4499.8804,4510.5,4510.5,True,True
2026-08-28T03:59:24.850610+00:00,3d500d2b-8634-4935-a691-13ff555cc793,NEW_VALID_HIGH,4498.0,FIB_ACTIVE,TP_DYNAMIC,4498.0,4496.6,4510.5,4496.6,4499.8804,4505.1902,4510.5,4519.0902,4505.1902,4499.8804,4510.5,4510.5,True,True
2026-08-28T03:59:24.850610+00:00,3d500d2b-8634-4935-a691-13ff555cc793,TP_UPDATED,4498.0,TP_DYNAMIC,TP_DYNAMIC,4498.0,4496.6,4510.5,4496.6,4499.8804,4505.1902,4510.5,4519.0902,4505.1902,4499.8804,4510.5,4510.5,True,True
2026-08-28T03:59:24.860299+00:00,3d500d2b-8634-4935-a691-13ff555cc793,NEW_VALID_HIGH,4510.5,TP_DYNAMIC,TP_DYNAMIC,4498.0,4496.6,4510.5,4496.6,4499.8804,4505.1902,4510.5,4519.0902,4505.1902,4499.8804,4510.5,4510.5,True,True
2026-08-28T03:59:24.860299+00:00,3d500d2b-8634-4935-a691-13ff555cc793,TP_UPDATED,4510.5,TP_DYNAMIC,TP_DYNAMIC,4498.0,4496.6,4510.5,4496.6,4499.8804,4505.1902,4510.5,4519.0902,4505.1902,4499.8804,4510.5,4510.5,True,True
2026-08-28T03:59:24.860299+00:00,3d500d2b-8634-4935-a691-13ff555cc793,ENTRY_TOUCHED,4504.47,TP_DYNAMIC,ENTRY_TOUCHED,4498.0,4496.6,4510.5,4496.6,4499.8804,4505.1902,4510.5,4519.0902,4505.1902,4499.8804,4510.5,4510.5,True,True
2026-08-28T03:59:24.860299+00:00,3d500d2b-8634-4935-a691-13ff555cc793,TP_LOCKED,4510.5,ENTRY_TOUCHED,TP_FROZEN,4498.0,4496.6,4510.5,4496.6,4499.8804,4505.1902,4510.5,4519.0902,4505.1902,4499.8804,4510.5,4510.5,True,True
2026-08-28T03:59:24.873095+00:00,3d500d2b-8634-4935-a691-13ff555cc793,TP_HIT,4509.55,TP_FROZEN,COMPLETED,4498.0,4496.6,4510.5,4496.6,4499.8804,4505.1902,4510.5,4519.0902,4505.1902,4499.8804,4510.5,4510.5,True,True
2026-08-28T03:59:24.881447+00:00,9bc4cd98-0b46-4305-83c4-b40a708e7c38,BOS_DETECTED,4513.1,NO_SETUP,BOS_DETECTED,4511.85,4504.21,4511.85,4504.21,4506.01304,4508.93152,4511.85,4516.57152,4508.93152,4506.01304,4511.85,,False,False
2026-08-28T03:59:24.881447+00:00,9bc4cd98-0b46-4305-83c4-b40a708e7c38,POINT_2_FOUND,4504.21,BOS_DETECTED,POINT_2_IDENTIFIED,4511.85,4504.21,4511.85,4504.21,4506.01304,4508.93152,4511.85,4516.57152,4508.93152,4506.01304,4511.85,,False,False
2026-08-28T03:59:24.881447+00:00,9bc4cd98-0b46-4305-83c4-b40a708e7c38,SETUP_CREATED,4511.85,POINT_2_IDENTIFIED,FIB_ACTIVE,4511.85,4504.21,4511.85,4504.21,4506.01304,4508.93152,4511.85,4516.57152,4508.93152,4506.01304,4511.85,,False,False
2026-08-28T03:59:24.881447+00:00,9bc4cd98-0b46-4305-83c4-b40a708e7c38,NEW_VALID_HIGH,4511.85,FIB_ACTIVE,TP_DYNAMIC,4511.85,4504.21,4511.85,4504.21,4506.01304,4508.93152,4511.85,4516.57152,4508.93152,4506.01304,4511.85,,False,False
2026-08-28T03:59:24.881447+00:00,9bc4cd98-0b46-4305-83c4-b40a708e7c38,TP_UPDATED,4511.85,TP_DYNAMIC,TP_DYNAMIC,4511.85,4504.21,4511.85,4504.21,4506.01304,4508.93152,4511.85,4516.57152,4508.93152,4506.01304,4511.85,,False,False
2026-08-28T03:59:24.881447+00:00,9bc4cd98-0b46-4305-83c4-b40a708e7c38,INVALIDATED,4497.72,TP_DYNAMIC,INVALIDATED,4511.85,4504.21,4511.85,4504.21,4506.01304,4508.93152,4511.85,4516.57152,4508.93152,4506.01304,4511.85,,False,False
2026-08-28T03:59:24.900574+00:00,15c466b4-a791-417d-9637-bbdc11fb2574,BOS_DETECTED,4524.51,NO_SETUP,BOS_DETECTED,4520.88,4461.37,4551.79,4461.37,4482.7091199999995,4517.24956,4551.79,4607.66956,4517.24956,4482.7091199999995,4551.79,4551.79,True,True
2026-08-28T03:59:24.900574+00:00,15c466b4-a791-417d-9637-bbdc11fb2574,POINT_2_FOUND,4461.37,BOS_DETECTED,POINT_2_IDENTIFIED,4520.88,4461.37,4551.79,4461.37,4482.7091199999995,4517.24956,4551.79,4607.66956,4517.24956,4482.7091199999995,4551.79,4551.79,True,True
2026-08-28T03:59:24.900574+00:00,15c466b4-a791-417d-9637-bbdc11fb2574,SETUP_CREATED,4520.88,POINT_2_IDENTIFIED,FIB_ACTIVE,4520.88,4461.37,4551.79,4461.37,4482.7091199999995,4517.24956,4551.79,4607.66956,4517.24956,4482.7091199999995,4551.79,4551.79,True,True
2026-08-28T03:59:24.900574+00:00,15c466b4-a791-417d-9637-bbdc11fb2574,NEW_VALID_HIGH,4520.88,FIB_ACTIVE,TP_DYNAMIC,4520.88,4461.37,4551.79,4461.37,4482.7091199999995,4517.24956,4551.79,4607.66956,4517.24956,4482.7091199999995,4551.79,4551.79,True,True
2026-08-28T03:59:24.900574+00:00,15c466b4-a791-417d-9637-bbdc11fb2574,TP_UPDATED,4520.88,TP_DYNAMIC,TP_DYNAMIC,4520.88,4461.37,4551.79,4461.37,4482.7091199999995,4517.24956,4551.79,4607.66956,4517.24956,4482.7091199999995,4551.79,4551.79,True,True
2026-08-28T03:59:24.910786+00:00,15c466b4-a791-417d-9637-bbdc11fb2574,NEW_VALID_HIGH,4551.79,TP_DYNAMIC,TP_DYNAMIC,4520.88,4461.37,4551.79,4461.37,4482.7091199999995,4517.24956,4551.79,4607.66956,4517.24956,4482.7091199999995,4551.79,4551.79,True,True
2026-08-28T03:59:24.910786+00:00,15c466b4-a791-417d-9637-bbdc11fb2574,TP_UPDATED,4551.79,TP_DYNAMIC,TP_DYNAMIC,4520.88,4461.37,4551.79,4461.37,4482.7091199999995,4517.24956,4551.79,4607.66956,4517.24956,4482.7091199999995,4551.79,4551.79,True,True
2026-08-28T03:59:24.910786+00:00,15c466b4-a791-417d-9637-bbdc11fb2574,ENTRY_TOUCHED,4521.92,TP_DYNAMIC,ENTRY_TOUCHED,4520.88,4461.37,4551.79,4461.37,4482.7091199999995,4517.24956,4551.79,4607.66956,4517.24956,4482.7091199999995,4551.79,4551.79,True,True
2026-08-28T03:59:24.910786+00:00,15c466b4-a791-417d-9637-bbdc11fb2574,TP_LOCKED,4551.79,ENTRY_TOUCHED,TP_FROZEN,4520.88,4461.37,4551.79,4461.37,4482.7091199999995,4517.24956,4551.79,4607.66956,4517.24956,4482.7091199999995,4551.79,4551.79,True,True
2026-08-28T03:59:24.920245+00:00,15c466b4-a791-417d-9637-bbdc11fb2574,TP_HIT,4567.76,TP_FROZEN,COMPLETED,4520.88,4461.37,4551.79,4461.37,4482.7091199999995,4517.24956,4551.79,4607.66956,4517.24956,4482.7091199999995,4551.79,4551.79,True,True
2026-08-28T03:59:24.958629+00:00,28efd98d-cb68-46dd-aeb0-fd338e29b17c,BOS_DETECTED,4537.29,NO_SETUP,BOS_DETECTED,4526.07,4482.84,4526.07,4482.84,4493.04228,4509.55614,4526.07,4552.786139999999,4509.55614,4493.04228,4526.07,4526.07,True,True
2026-08-28T03:59:24.958629+00:00,28efd98d-cb68-46dd-aeb0-fd338e29b17c,POINT_2_FOUND,4482.84,BOS_DETECTED,POINT_2_IDENTIFIED,4526.07,4482.84,4526.07,4482.84,4493.04228,4509.55614,4526.07,4552.786139999999,4509.55614,4493.04228,4526.07,4526.07,True,True
2026-08-28T03:59:24.958629+00:00,28efd98d-cb68-46dd-aeb0-fd338e29b17c,SETUP_CREATED,4526.07,POINT_2_IDENTIFIED,FIB_ACTIVE,4526.07,4482.84,4526.07,4482.84,4493.04228,4509.55614,4526.07,4552.786139999999,4509.55614,4493.04228,4526.07,4526.07,True,True
2026-08-28T03:59:24.958629+00:00,28efd98d-cb68-46dd-aeb0-fd338e29b17c,NEW_VALID_HIGH,4526.07,FIB_ACTIVE,TP_DYNAMIC,4526.07,4482.84,4526.07,4482.84,4493.04228,4509.55614,4526.07,4552.786139999999,4509.55614,4493.04228,4526.07,4526.07,True,True
2026-08-28T03:59:24.958629+00:00,28efd98d-cb68-46dd-aeb0-fd338e29b17c,TP_UPDATED,4526.07,TP_DYNAMIC,TP_DYNAMIC,4526.07,4482.84,4526.07,4482.84,4493.04228,4509.55614,4526.07,4552.786139999999,4509.55614,4493.04228,4526.07,4526.07,True,True
2026-08-28T03:59:24.958629+00:00,28efd98d-cb68-46dd-aeb0-fd338e29b17c,ENTRY_TOUCHED,4537.29,TP_DYNAMIC,ENTRY_TOUCHED,4526.07,4482.84,4526.07,4482.84,4493.04228,4509.55614,4526.07,4552.786139999999,4509.55614,4493.04228,4526.07,4526.07,True,True
2026-08-28T03:59:24.958629+00:00,28efd98d-cb68-46dd-aeb0-fd338e29b17c,TP_LOCKED,4526.07,ENTRY_TOUCHED,TP_FROZEN,4526.07,4482.84,4526.07,4482.84,4493.04228,4509.55614,4526.07,4552.786139999999,4509.55614,4493.04228,4526.07,4526.07,True,True
2026-08-28T03:59:24.960649+00:00,28efd98d-cb68-46dd-aeb0-fd338e29b17c,TP_HIT,4548.09,TP_FROZEN,COMPLETED,4526.07,4482.84,4526.07,4482.84,4493.04228,4509.55614,4526.07,4552.786139999999,4509.55614,4493.04228,4526.07,4526.07,True,True
2026-08-28T03:59:24.995507+00:00,70150920-3d57-4d7e-92c0-725abf163b31,BOS_DETECTED,4576.41,NO_SETUP,BOS_DETECTED,4575.84,4531.63,4575.84,4531.63,4542.0635600000005,4558.95178,4575.84,4603.16178,4558.95178,4542.0635600000005,4575.84,4575.84,True,True
2026-08-28T03:59:24.995507+00:00,70150920-3d57-4d7e-92c0-725abf163b31,POINT_2_FOUND,4531.63,BOS_DETECTED,POINT_2_IDENTIFIED,4575.84,4531.63,4575.84,4531.63,4542.0635600000005,4558.95178,4575.84,4603.16178,4558.95178,4542.0635600000005,4575.84,4575.84,True,True
2026-08-28T03:59:24.995507+00:00,70150920-3d57-4d7e-92c0-725abf163b31,SETUP_CREATED,4575.84,POINT_2_IDENTIFIED,FIB_ACTIVE,4575.84,4531.63,4575.84,4531.63,4542.0635600000005,4558.95178,4575.84,4603.16178,4558.95178,4542.0635600000005,4575.84,4575.84,True,True
2026-08-28T03:59:24.995507+00:00,70150920-3d57-4d7e-92c0-725abf163b31,NEW_VALID_HIGH,4575.84,FIB_ACTIVE,TP_DYNAMIC,4575.84,4531.63,4575.84,4531.63,4542.0635600000005,4558.95178,4575.84,4603.16178,4558.95178,4542.0635600000005,4575.84,4575.84,True,True
2026-08-28T03:59:24.995507+00:00,70150920-3d57-4d7e-92c0-725abf163b31,TP_UPDATED,4575.84,TP_DYNAMIC,TP_DYNAMIC,4575.84,4531.63,4575.84,4531.63,4542.0635600000005,4558.95178,4575.84,4603.16178,4558.95178,4542.0635600000005,4575.84,4575.84,True,True
2026-08-28T03:59:24.995507+00:00,70150920-3d57-4d7e-92c0-725abf163b31,ENTRY_TOUCHED,4576.41,TP_DYNAMIC,ENTRY_TOUCHED,4575.84,4531.63,4575.84,4531.63,4542.0635600000005,4558.95178,4575.84,4603.16178,4558.95178,4542.0635600000005,4575.84,4575.84,True,True
2026-08-28T03:59:24.995507+00:00,70150920-3d57-4d7e-92c0-725abf163b31,TP_LOCKED,4575.84,ENTRY_TOUCHED,TP_FROZEN,4575.84,4531.63,4575.84,4531.63,4542.0635600000005,4558.95178,4575.84,4603.16178,4558.95178,4542.0635600000005,4575.84,4575.84,True,True
2026-08-28T03:59:24.995507+00:00,70150920-3d57-4d7e-92c0-725abf163b31,TP_HIT,4592.53,TP_FROZEN,COMPLETED,4575.84,4531.63,4575.84,4531.63,4542.0635600000005,4558.95178,4575.84,4603.16178,4558.95178,4542.0635600000005,4575.84,4575.84,True,True
2026-08-28T03:59:25.000604+00:00,b4e0105b-e4a2-4528-b65e-c0b8cd9b9ac2,BOS_DETECTED,4607.35,NO_SETUP,BOS_DETECTED,4597.99,4531.63,4794.47,4531.63,4593.66024,4694.06512,4794.47,4956.90512,4694.06512,4593.66024,4794.47,4794.47,True,True
2026-08-28T03:59:25.000604+00:00,b4e0105b-e4a2-4528-b65e-c0b8cd9b9ac2,POINT_2_FOUND,4531.63,BOS_DETECTED,POINT_2_IDENTIFIED,4597.99,4531.63,4794.47,4531.63,4593.66024,4694.06512,4794.47,4956.90512,4694.06512,4593.66024,4794.47,4794.47,True,True
2026-08-28T03:59:25.000604+00:00,b4e0105b-e4a2-4528-b65e-c0b8cd9b9ac2,SETUP_CREATED,4597.99,POINT_2_IDENTIFIED,FIB_ACTIVE,4597.99,4531.63,4794.47,4531.63,4593.66024,4694.06512,4794.47,4956.90512,4694.06512,4593.66024,4794.47,4794.47,True,True
2026-08-28T03:59:25.000604+00:00,b4e0105b-e4a2-4528-b65e-c0b8cd9b9ac2,NEW_VALID_HIGH,4597.99,FIB_ACTIVE,TP_DYNAMIC,4597.99,4531.63,4794.47,4531.63,4593.66024,4694.06512,4794.47,4956.90512,4694.06512,4593.66024,4794.47,4794.47,True,True
2026-08-28T03:59:25.000604+00:00,b4e0105b-e4a2-4528-b65e-c0b8cd9b9ac2,TP_UPDATED,4597.99,TP_DYNAMIC,TP_DYNAMIC,4597.99,4531.63,4794.47,4531.63,4593.66024,4694.06512,4794.47,4956.90512,4694.06512,4593.66024,4794.47,4794.47,True,True
2026-08-28T03:59:25.003347+00:00,b4e0105b-e4a2-4528-b65e-c0b8cd9b9ac2,NEW_VALID_HIGH,4631.98,TP_DYNAMIC,TP_DYNAMIC,4597.99,4531.63,4794.47,4531.63,4593.66024,4694.06512,4794.47,4956.90512,4694.06512,4593.66024,4794.47,4794.47,True,True
2026-08-28T03:59:25.003347+00:00,b4e0105b-e4a2-4528-b65e-c0b8cd9b9ac2,TP_UPDATED,4631.98,TP_DYNAMIC,TP_DYNAMIC,4597.99,4531.63,4794.47,4531.63,4593.66024,4694.06512,4794.47,4956.90512,4694.06512,4593.66024,4794.47,4794.47,True,True
2026-08-28T03:59:25.011887+00:00,b4e0105b-e4a2-4528-b65e-c0b8cd9b9ac2,NEW_VALID_HIGH,4670.0,TP_DYNAMIC,TP_DYNAMIC,4597.99,4531.63,4794.47,4531.63,4593.66024,4694.06512,4794.47,4956.90512,4694.06512,4593.66024,4794.47,4794.47,True,True
2026-08-28T03:59:25.011887+00:00,b4e0105b-e4a2-4528-b65e-c0b8cd9b9ac2,TP_UPDATED,4670.0,TP_DYNAMIC,TP_DYNAMIC,4597.99,4531.63,4794.47,4531.63,4593.66024,4694.06512,4794.47,4956.90512,4694.06512,4593.66024,4794.47,4794.47,True,True
2026-08-28T03:59:25.020936+00:00,b4e0105b-e4a2-4528-b65e-c0b8cd9b9ac2,NEW_VALID_HIGH,4684.78,TP_DYNAMIC,TP_DYNAMIC,4597.99,4531.63,4794.47,4531.63,4593.66024,4694.06512,4794.47,4956.90512,4694.06512,4593.66024,4794.47,4794.47,True,True
2026-08-28T03:59:25.020936+00:00,b4e0105b-e4a2-4528-b65e-c0b8cd9b9ac2,TP_UPDATED,4684.78,TP_DYNAMIC,TP_DYNAMIC,4597.99,4531.63,4794.47,4531.63,4593.66024,4694.06512,4794.47,4956.90512,4694.06512,4593.66024,4794.47,4794.47,True,True
2026-08-28T03:59:25.029032+00:00,b4e0105b-e4a2-4528-b65e-c0b8cd9b9ac2,NEW_VALID_HIGH,4693.97,TP_DYNAMIC,TP_DYNAMIC,4597.99,4531.63,4794.47,4531.63,4593.66024,4694.06512,4794.47,4956.90512,4694.06512,4593.66024,4794.47,4794.47,True,True
2026-08-28T03:59:25.029032+00:00,b4e0105b-e4a2-4528-b65e-c0b8cd9b9ac2,TP_UPDATED,4693.97,TP_DYNAMIC,TP_DYNAMIC,4597.99,4531.63,4794.47,4531.63,4593.66024,4694.06512,4794.47,4956.90512,4694.06512,4593.66024,4794.47,4794.47,True,True
2026-08-28T03:59:25.030544+00:00,b4e0105b-e4a2-4528-b65e-c0b8cd9b9ac2,NEW_VALID_HIGH,4720.0,TP_DYNAMIC,TP_DYNAMIC,4597.99,4531.63,4794.47,4531.63,4593.66024,4694.06512,4794.47,4956.90512,4694.06512,4593.66024,4794.47,4794.47,True,True
2026-08-28T03:59:25.030544+00:00,b4e0105b-e4a2-4528-b65e-c0b8cd9b9ac2,TP_UPDATED,4720.0,TP_DYNAMIC,TP_DYNAMIC,4597.99,4531.63,4794.47,4531.63,4593.66024,4694.06512,4794.47,4956.90512,4694.06512,4593.66024,4794.47,4794.47,True,True
2026-08-28T03:59:25.057267+00:00,b4e0105b-e4a2-4528-b65e-c0b8cd9b9ac2,NEW_VALID_HIGH,4742.86,TP_DYNAMIC,TP_DYNAMIC,4597.99,4531.63,4794.47,4531.63,4593.66024,4694.06512,4794.47,4956.90512,4694.06512,4593.66024,4794.47,4794.47,True,True
2026-08-28T03:59:25.057267+00:00,b4e0105b-e4a2-4528-b65e-c0b8cd9b9ac2,TP_UPDATED,4742.86,TP_DYNAMIC,TP_DYNAMIC,4597.99,4531.63,4794.47,4531.63,4593.66024,4694.06512,4794.47,4956.90512,4694.06512,4593.66024,4794.47,4794.47,True,True
2026-08-28T03:59:25.062326+00:00,b4e0105b-e4a2-4528-b65e-c0b8cd9b9ac2,NEW_VALID_HIGH,4759.02,TP_DYNAMIC,TP_DYNAMIC,4597.99,4531.63,4794.47,4531.63,4593.66024,4694.06512,4794.47,4956.90512,4694.06512,4593.66024,4794.47,4794.47,True,True
2026-08-28T03:59:25.062326+00:00,b4e0105b-e4a2-4528-b65e-c0b8cd9b9ac2,TP_UPDATED,4759.02,TP_DYNAMIC,TP_DYNAMIC,4597.99,4531.63,4794.47,4531.63,4593.66024,4694.06512,4794.47,4956.90512,4694.06512,4593.66024,4794.47,4794.47,True,True
2026-08-28T03:59:25.080636+00:00,b4e0105b-e4a2-4528-b65e-c0b8cd9b9ac2,NEW_VALID_HIGH,4788.0,TP_DYNAMIC,TP_DYNAMIC,4597.99,4531.63,4794.47,4531.63,4593.66024,4694.06512,4794.47,4956.90512,4694.06512,4593.66024,4794.47,4794.47,True,True
2026-08-28T03:59:25.080636+00:00,b4e0105b-e4a2-4528-b65e-c0b8cd9b9ac2,TP_UPDATED,4788.0,TP_DYNAMIC,TP_DYNAMIC,4597.99,4531.63,4794.47,4531.63,4593.66024,4694.06512,4794.47,4956.90512,4694.06512,4593.66024,4794.47,4794.47,True,True
2026-08-28T03:59:25.080636+00:00,b4e0105b-e4a2-4528-b65e-c0b8cd9b9ac2,NEW_VALID_HIGH,4790.49,TP_DYNAMIC,TP_DYNAMIC,4597.99,4531.63,4794.47,4531.63,4593.66024,4694.06512,4794.47,4956.90512,4694.06512,4593.66024,4794.47,4794.47,True,True
2026-08-28T03:59:25.080636+00:00,b4e0105b-e4a2-4528-b65e-c0b8cd9b9ac2,TP_UPDATED,4790.49,TP_DYNAMIC,TP_DYNAMIC,4597.99,4531.63,4794.47,4531.63,4593.66024,4694.06512,4794.47,4956.90512,4694.06512,4593.66024,4794.47,4794.47,True,True
2026-08-28T03:59:25.100679+00:00,b4e0105b-e4a2-4528-b65e-c0b8cd9b9ac2,NEW_VALID_HIGH,4794.47,TP_DYNAMIC,TP_DYNAMIC,4597.99,4531.63,4794.47,4531.63,4593.66024,4694.06512,4794.47,4956.90512,4694.06512,4593.66024,4794.47,4794.47,True,True
2026-08-28T03:59:25.100679+00:00,b4e0105b-e4a2-4528-b65e-c0b8cd9b9ac2,TP_UPDATED,4794.47,TP_DYNAMIC,TP_DYNAMIC,4597.99,4531.63,4794.47,4531.63,4593.66024,4694.06512,4794.47,4956.90512,4694.06512,4593.66024,4794.47,4794.47,True,True
2026-08-28T03:59:25.104579+00:00,b4e0105b-e4a2-4528-b65e-c0b8cd9b9ac2,ENTRY_TOUCHED,4694.16,TP_DYNAMIC,ENTRY_TOUCHED,4597.99,4531.63,4794.47,4531.63,4593.66024,4694.06512,4794.47,4956.90512,4694.06512,4593.66024,4794.47,4794.47,True,True
2026-08-28T03:59:25.104579+00:00,b4e0105b-e4a2-4528-b65e-c0b8cd9b9ac2,TP_LOCKED,4794.47,ENTRY_TOUCHED,TP_FROZEN,4597.99,4531.63,4794.47,4531.63,4593.66024,4694.06512,4794.47,4956.90512,4694.06512,4593.66024,4794.47,4794.47,True,True
2026-08-28T03:59:25.111790+00:00,b4e0105b-e4a2-4528-b65e-c0b8cd9b9ac2,SL_HIT,4595.88,TP_FROZEN,COMPLETED,4597.99,4531.63,4794.47,4531.63,4593.66024,4694.06512,4794.47,4956.90512,4694.06512,4593.66024,4794.47,4794.47,True,True
2026-08-28T03:59:25.140458+00:00,cd20d9f4-c0c3-4659-88a5-888620a4b453,BOS_DETECTED,4643.29,NO_SETUP,BOS_DETECTED,4626.31,4577.29,4626.31,4577.29,4588.85872,4607.58436,4626.31,4656.60436,4607.58436,4588.85872,4626.31,4626.31,True,True
2026-08-28T03:59:25.140458+00:00,cd20d9f4-c0c3-4659-88a5-888620a4b453,POINT_2_FOUND,4577.29,BOS_DETECTED,POINT_2_IDENTIFIED,4626.31,4577.29,4626.31,4577.29,4588.85872,4607.58436,4626.31,4656.60436,4607.58436,4588.85872,4626.31,4626.31,True,True
2026-08-28T03:59:25.140458+00:00,cd20d9f4-c0c3-4659-88a5-888620a4b453,SETUP_CREATED,4626.31,POINT_2_IDENTIFIED,FIB_ACTIVE,4626.31,4577.29,4626.31,4577.29,4588.85872,4607.58436,4626.31,4656.60436,4607.58436,4588.85872,4626.31,4626.31,True,True
2026-08-28T03:59:25.140458+00:00,cd20d9f4-c0c3-4659-88a5-888620a4b453,NEW_VALID_HIGH,4626.31,FIB_ACTIVE,TP_DYNAMIC,4626.31,4577.29,4626.31,4577.29,4588.85872,4607.58436,4626.31,4656.60436,4607.58436,4588.85872,4626.31,4626.31,True,True
2026-08-28T03:59:25.140458+00:00,cd20d9f4-c0c3-4659-88a5-888620a4b453,TP_UPDATED,4626.31,TP_DYNAMIC,TP_DYNAMIC,4626.31,4577.29,4626.31,4577.29,4588.85872,4607.58436,4626.31,4656.60436,4607.58436,4588.85872,4626.31,4626.31,True,True
2026-08-28T03:59:25.140458+00:00,cd20d9f4-c0c3-4659-88a5-888620a4b453,ENTRY_TOUCHED,4643.29,TP_DYNAMIC,ENTRY_TOUCHED,4626.31,4577.29,4626.31,4577.29,4588.85872,4607.58436,4626.31,4656.60436,4607.58436,4588.85872,4626.31,4626.31,True,True
2026-08-28T03:59:25.140458+00:00,cd20d9f4-c0c3-4659-88a5-888620a4b453,TP_LOCKED,4626.31,ENTRY_TOUCHED,TP_FROZEN,4626.31,4577.29,4626.31,4577.29,4588.85872,4607.58436,4626.31,4656.60436,4607.58436,4588.85872,4626.31,4626.31,True,True
2026-08-28T03:59:25.140458+00:00,cd20d9f4-c0c3-4659-88a5-888620a4b453,TP_HIT,4644.12,TP_FROZEN,COMPLETED,4626.31,4577.29,4626.31,4577.29,4588.85872,4607.58436,4626.31,4656.60436,4607.58436,4588.85872,4626.31,4626.31,True,True
2026-08-28T03:59:25.153853+00:00,bb704f88-f18f-4f29-90e4-14c23908984f,BOS_DETECTED,4670.52,NO_SETUP,BOS_DETECTED,4667.39,4639.73,4677.39,4639.73,4648.61776,4663.00388,4677.39,4700.663880000001,4663.00388,4648.61776,4677.39,4677.39,True,True
2026-08-28T03:59:25.153853+00:00,bb704f88-f18f-4f29-90e4-14c23908984f,POINT_2_FOUND,4639.73,BOS_DETECTED,POINT_2_IDENTIFIED,4667.39,4639.73,4677.39,4639.73,4648.61776,4663.00388,4677.39,4700.663880000001,4663.00388,4648.61776,4677.39,4677.39,True,True
2026-08-28T03:59:25.153853+00:00,bb704f88-f18f-4f29-90e4-14c23908984f,SETUP_CREATED,4667.39,POINT_2_IDENTIFIED,FIB_ACTIVE,4667.39,4639.73,4677.39,4639.73,4648.61776,4663.00388,4677.39,4700.663880000001,4663.00388,4648.61776,4677.39,4677.39,True,True
2026-08-28T03:59:25.153853+00:00,bb704f88-f18f-4f29-90e4-14c23908984f,NEW_VALID_HIGH,4667.39,FIB_ACTIVE,TP_DYNAMIC,4667.39,4639.73,4677.39,4639.73,4648.61776,4663.00388,4677.39,4700.663880000001,4663.00388,4648.61776,4677.39,4677.39,True,True
2026-08-28T03:59:25.153853+00:00,bb704f88-f18f-4f29-90e4-14c23908984f,TP_UPDATED,4667.39,TP_DYNAMIC,TP_DYNAMIC,4667.39,4639.73,4677.39,4639.73,4648.61776,4663.00388,4677.39,4700.663880000001,4663.00388,4648.61776,4677.39,4677.39,True,True
2026-08-28T03:59:25.155963+00:00,bb704f88-f18f-4f29-90e4-14c23908984f,NEW_VALID_HIGH,4677.39,TP_DYNAMIC,TP_DYNAMIC,4667.39,4639.73,4677.39,4639.73,4648.61776,4663.00388,4677.39,4700.663880000001,4663.00388,4648.61776,4677.39,4677.39,True,True
2026-08-28T03:59:25.155963+00:00,bb704f88-f18f-4f29-90e4-14c23908984f,TP_UPDATED,4677.39,TP_DYNAMIC,TP_DYNAMIC,4667.39,4639.73,4677.39,4639.73,4648.61776,4663.00388,4677.39,4700.663880000001,4663.00388,4648.61776,4677.39,4677.39,True,True
2026-08-28T03:59:25.155963+00:00,bb704f88-f18f-4f29-90e4-14c23908984f,ENTRY_TOUCHED,4666.37,TP_DYNAMIC,ENTRY_TOUCHED,4667.39,4639.73,4677.39,4639.73,4648.61776,4663.00388,4677.39,4700.663880000001,4663.00388,4648.61776,4677.39,4677.39,True,True
2026-08-28T03:59:25.155963+00:00,bb704f88-f18f-4f29-90e4-14c23908984f,TP_LOCKED,4677.39,ENTRY_TOUCHED,TP_FROZEN,4667.39,4639.73,4677.39,4639.73,4648.61776,4663.00388,4677.39,4700.663880000001,4663.00388,4648.61776,4677.39,4677.39,True,True
2026-08-28T03:59:25.161694+00:00,bb704f88-f18f-4f29-90e4-14c23908984f,TP_HIT,4676.83,TP_FROZEN,COMPLETED,4667.39,4639.73,4677.39,4639.73,4648.61776,4663.00388,4677.39,4700.663880000001,4663.00388,4648.61776,4677.39,4677.39,True,True
2026-08-28T03:59:25.186164+00:00,1dbcb799-ae73-4bf6-93f2-3113eba6219b,BOS_DETECTED,4676.49,NO_SETUP,BOS_DETECTED,4674.87,4672.86,4678.57,4672.86,4674.20756,4676.388779999999,4678.57,4682.098779999999,4676.388779999999,4674.20756,4678.57,,False,False
2026-08-28T03:59:25.186164+00:00,1dbcb799-ae73-4bf6-93f2-3113eba6219b,POINT_2_FOUND,4672.86,BOS_DETECTED,POINT_2_IDENTIFIED,4674.87,4672.86,4678.57,4672.86,4674.20756,4676.388779999999,4678.57,4682.098779999999,4676.388779999999,4674.20756,4678.57,,False,False
2026-08-28T03:59:25.186164+00:00,1dbcb799-ae73-4bf6-93f2-3113eba6219b,SETUP_CREATED,4674.87,POINT_2_IDENTIFIED,FIB_ACTIVE,4674.87,4672.86,4678.57,4672.86,4674.20756,4676.388779999999,4678.57,4682.098779999999,4676.388779999999,4674.20756,4678.57,,False,False
2026-08-28T03:59:25.186164+00:00,1dbcb799-ae73-4bf6-93f2-3113eba6219b,NEW_VALID_HIGH,4674.87,FIB_ACTIVE,TP_DYNAMIC,4674.87,4672.86,4678.57,4672.86,4674.20756,4676.388779999999,4678.57,4682.098779999999,4676.388779999999,4674.20756,4678.57,,False,False
2026-08-28T03:59:25.186164+00:00,1dbcb799-ae73-4bf6-93f2-3113eba6219b,TP_UPDATED,4674.87,TP_DYNAMIC,TP_DYNAMIC,4674.87,4672.86,4678.57,4672.86,4674.20756,4676.388779999999,4678.57,4682.098779999999,4676.388779999999,4674.20756,4678.57,,False,False
2026-08-28T03:59:25.186164+00:00,1dbcb799-ae73-4bf6-93f2-3113eba6219b,NEW_VALID_HIGH,4678.57,TP_DYNAMIC,TP_DYNAMIC,4674.87,4672.86,4678.57,4672.86,4674.20756,4676.388779999999,4678.57,4682.098779999999,4676.388779999999,4674.20756,4678.57,,False,False
2026-08-28T03:59:25.186164+00:00,1dbcb799-ae73-4bf6-93f2-3113eba6219b,TP_UPDATED,4678.57,TP_DYNAMIC,TP_DYNAMIC,4674.87,4672.86,4678.57,4672.86,4674.20756,4676.388779999999,4678.57,4682.098779999999,4676.388779999999,4674.20756,4678.57,,False,False
2026-08-28T03:59:25.190670+00:00,1dbcb799-ae73-4bf6-93f2-3113eba6219b,INVALIDATED,4671.95,TP_DYNAMIC,INVALIDATED,4674.87,4672.86,4678.57,4672.86,4674.20756,4676.388779999999,4678.57,4682.098779999999,4676.388779999999,4674.20756,4678.57,,False,False
2026-08-28T03:59:25.200325+00:00,15a2e6f2-abd4-437b-b936-28914e7b8e32,BOS_DETECTED,4674.58,NO_SETUP,BOS_DETECTED,4674.1,4671.86,4674.97,4671.86,4672.59396,4673.78198,4674.97,4676.89198,4673.78198,4672.59396,4674.97,4674.97,True,True
2026-08-28T03:59:25.200325+00:00,15a2e6f2-abd4-437b-b936-28914e7b8e32,POINT_2_FOUND,4671.86,BOS_DETECTED,POINT_2_IDENTIFIED,4674.1,4671.86,4674.97,4671.86,4672.59396,4673.78198,4674.97,4676.89198,4673.78198,4672.59396,4674.97,4674.97,True,True
2026-08-28T03:59:25.200325+00:00,15a2e6f2-abd4-437b-b936-28914e7b8e32,SETUP_CREATED,4674.1,POINT_2_IDENTIFIED,FIB_ACTIVE,4674.1,4671.86,4674.97,4671.86,4672.59396,4673.78198,4674.97,4676.89198,4673.78198,4672.59396,4674.97,4674.97,True,True
2026-08-28T03:59:25.200325+00:00,15a2e6f2-abd4-437b-b936-28914e7b8e32,NEW_VALID_HIGH,4674.1,FIB_ACTIVE,TP_DYNAMIC,4674.1,4671.86,4674.97,4671.86,4672.59396,4673.78198,4674.97,4676.89198,4673.78198,4672.59396,4674.97,4674.97,True,True
2026-08-28T03:59:25.200325+00:00,15a2e6f2-abd4-437b-b936-28914e7b8e32,TP_UPDATED,4674.1,TP_DYNAMIC,TP_DYNAMIC,4674.1,4671.86,4674.97,4671.86,4672.59396,4673.78198,4674.97,4676.89198,4673.78198,4672.59396,4674.97,4674.97,True,True
2026-08-28T03:59:25.202444+00:00,15a2e6f2-abd4-437b-b936-28914e7b8e32,NEW_VALID_HIGH,4674.97,TP_DYNAMIC,TP_DYNAMIC,4674.1,4671.86,4674.97,4671.86,4672.59396,4673.78198,4674.97,4676.89198,4673.78198,4672.59396,4674.97,4674.97,True,True
2026-08-28T03:59:25.202444+00:00,15a2e6f2-abd4-437b-b936-28914e7b8e32,TP_UPDATED,4674.97,TP_DYNAMIC,TP_DYNAMIC,4674.1,4671.86,4674.97,4671.86,4672.59396,4673.78198,4674.97,4676.89198,4673.78198,4672.59396,4674.97,4674.97,True,True
2026-08-28T03:59:25.202444+00:00,15a2e6f2-abd4-437b-b936-28914e7b8e32,ENTRY_TOUCHED,4674.8,TP_DYNAMIC,ENTRY_TOUCHED,4674.1,4671.86,4674.97,4671.86,4672.59396,4673.78198,4674.97,4676.89198,4673.78198,4672.59396,4674.97,4674.97,True,True
2026-08-28T03:59:25.202444+00:00,15a2e6f2-abd4-437b-b936-28914e7b8e32,TP_LOCKED,4674.97,ENTRY_TOUCHED,TP_FROZEN,4674.1,4671.86,4674.97,4671.86,4672.59396,4673.78198,4674.97,4676.89198,4673.78198,4672.59396,4674.97,4674.97,True,True
2026-08-28T03:59:25.202444+00:00,15a2e6f2-abd4-437b-b936-28914e7b8e32,INVALIDATED,4671.33,TP_FROZEN,INVALIDATED,4674.1,4671.86,4674.97,4671.86,4672.59396,4673.78198,4674.97,4676.89198,4673.78198,4672.59396,4674.97,4674.97,True,True
2026-08-28T03:59:25.243981+00:00,551f65eb-4f83-40ce-b2d0-7a6951bccaac,BOS_DETECTED,4674.0,NO_SETUP,BOS_DETECTED,4673.59,4672.18,4674.0,4672.18,4672.60952,4673.30476,4674.0,4675.12476,4673.30476,4672.60952,4674.0,4674.0,True,True
2026-08-28T03:59:25.247048+00:00,551f65eb-4f83-40ce-b2d0-7a6951bccaac,POINT_2_FOUND,4672.18,BOS_DETECTED,POINT_2_IDENTIFIED,4673.59,4672.18,4674.0,4672.18,4672.60952,4673.30476,4674.0,4675.12476,4673.30476,4672.60952,4674.0,4674.0,True,True
2026-08-28T03:59:25.247048+00:00,551f65eb-4f83-40ce-b2d0-7a6951bccaac,SETUP_CREATED,4673.59,POINT_2_IDENTIFIED,FIB_ACTIVE,4673.59,4672.18,4674.0,4672.18,4672.60952,4673.30476,4674.0,4675.12476,4673.30476,4672.60952,4674.0,4674.0,True,True
2026-08-28T03:59:25.247048+00:00,551f65eb-4f83-40ce-b2d0-7a6951bccaac,NEW_VALID_HIGH,4673.59,FIB_ACTIVE,TP_DYNAMIC,4673.59,4672.18,4674.0,4672.18,4672.60952,4673.30476,4674.0,4675.12476,4673.30476,4672.60952,4674.0,4674.0,True,True
2026-08-28T03:59:25.247048+00:00,551f65eb-4f83-40ce-b2d0-7a6951bccaac,TP_UPDATED,4673.59,TP_DYNAMIC,TP_DYNAMIC,4673.59,4672.18,4674.0,4672.18,4672.60952,4673.30476,4674.0,4675.12476,4673.30476,4672.60952,4674.0,4674.0,True,True
2026-08-28T03:59:25.247048+00:00,551f65eb-4f83-40ce-b2d0-7a6951bccaac,NEW_VALID_HIGH,4674.0,TP_DYNAMIC,TP_DYNAMIC,4673.59,4672.18,4674.0,4672.18,4672.60952,4673.30476,4674.0,4675.12476,4673.30476,4672.60952,4674.0,4674.0,True,True
2026-08-28T03:59:25.247048+00:00,551f65eb-4f83-40ce-b2d0-7a6951bccaac,TP_UPDATED,4674.0,TP_DYNAMIC,TP_DYNAMIC,4673.59,4672.18,4674.0,4672.18,4672.60952,4673.30476,4674.0,4675.12476,4673.30476,4672.60952,4674.0,4674.0,True,True
2026-08-28T03:59:25.251905+00:00,551f65eb-4f83-40ce-b2d0-7a6951bccaac,ENTRY_TOUCHED,4673.41,TP_DYNAMIC,ENTRY_TOUCHED,4673.59,4672.18,4674.0,4672.18,4672.60952,4673.30476,4674.0,4675.12476,4673.30476,4672.60952,4674.0,4674.0,True,True
2026-08-28T03:59:25.251905+00:00,551f65eb-4f83-40ce-b2d0-7a6951bccaac,TP_LOCKED,4674.0,ENTRY_TOUCHED,TP_FROZEN,4673.59,4672.18,4674.0,4672.18,4672.60952,4673.30476,4674.0,4675.12476,4673.30476,4672.60952,4674.0,4674.0,True,True
2026-08-28T03:59:25.260628+00:00,551f65eb-4f83-40ce-b2d0-7a6951bccaac,SL_HIT,4672.5,TP_FROZEN,COMPLETED,4673.59,4672.18,4674.0,4672.18,4672.60952,4673.30476,4674.0,4675.12476,4673.30476,4672.60952,4674.0,4674.0,True,True
2026-08-28T03:59:25.265696+00:00,9e3f53cb-4ad9-41ac-a8a1-50e13cab5e84,BOS_DETECTED,4673.86,NO_SETUP,BOS_DETECTED,4673.55,4672.35,4673.55,4672.35,4672.6332,4673.091600000001,4673.55,4674.2916000000005,4673.091600000001,4672.6332,4673.55,4673.55,True,True
2026-08-28T03:59:25.265696+00:00,9e3f53cb-4ad9-41ac-a8a1-50e13cab5e84,POINT_2_FOUND,4672.35,BOS_DETECTED,POINT_2_IDENTIFIED,4673.55,4672.35,4673.55,4672.35,4672.6332,4673.091600000001,4673.55,4674.2916000000005,4673.091600000001,4672.6332,4673.55,4673.55,True,True
2026-08-28T03:59:25.265696+00:00,9e3f53cb-4ad9-41ac-a8a1-50e13cab5e84,SETUP_CREATED,4673.55,POINT_2_IDENTIFIED,FIB_ACTIVE,4673.55,4672.35,4673.55,4672.35,4672.6332,4673.091600000001,4673.55,4674.2916000000005,4673.091600000001,4672.6332,4673.55,4673.55,True,True
2026-08-28T03:59:25.265696+00:00,9e3f53cb-4ad9-41ac-a8a1-50e13cab5e84,NEW_VALID_HIGH,4673.55,FIB_ACTIVE,TP_DYNAMIC,4673.55,4672.35,4673.55,4672.35,4672.6332,4673.091600000001,4673.55,4674.2916000000005,4673.091600000001,4672.6332,4673.55,4673.55,True,True
2026-08-28T03:59:25.265696+00:00,9e3f53cb-4ad9-41ac-a8a1-50e13cab5e84,TP_UPDATED,4673.55,TP_DYNAMIC,TP_DYNAMIC,4673.55,4672.35,4673.55,4672.35,4672.6332,4673.091600000001,4673.55,4674.2916000000005,4673.091600000001,4672.6332,4673.55,4673.55,True,True
2026-08-28T03:59:25.268720+00:00,9e3f53cb-4ad9-41ac-a8a1-50e13cab5e84,ENTRY_TOUCHED,4673.57,TP_DYNAMIC,ENTRY_TOUCHED,4673.55,4672.35,4673.55,4672.35,4672.6332,4673.091600000001,4673.55,4674.2916000000005,4673.091600000001,4672.6332,4673.55,4673.55,True,True
2026-08-28T03:59:25.268720+00:00,9e3f53cb-4ad9-41ac-a8a1-50e13cab5e84,TP_LOCKED,4673.55,ENTRY_TOUCHED,TP_FROZEN,4673.55,4672.35,4673.55,4672.35,4672.6332,4673.091600000001,4673.55,4674.2916000000005,4673.091600000001,4672.6332,4673.55,4673.55,True,True
2026-08-28T03:59:25.268720+00:00,9e3f53cb-4ad9-41ac-a8a1-50e13cab5e84,TP_HIT,4672.81,TP_FROZEN,COMPLETED,4673.55,4672.35,4673.55,4672.35,4672.6332,4673.091600000001,4673.55,4674.2916000000005,4673.091600000001,4672.6332,4673.55,4673.55,True,True
2026-08-28T03:59:25.370766+00:00,9cae35bc-fee3-42a9-8aa5-4c0f8c59f86d,BOS_DETECTED,4660.04,NO_SETUP,BOS_DETECTED,4643.99,4601.5,4669.74,4601.5,4617.60464,4643.67232,4669.74,4711.912319999999,4643.67232,4617.60464,4669.74,4669.74,True,True
2026-08-28T03:59:25.370766+00:00,9cae35bc-fee3-42a9-8aa5-4c0f8c59f86d,POINT_2_FOUND,4601.5,BOS_DETECTED,POINT_2_IDENTIFIED,4643.99,4601.5,4669.74,4601.5,4617.60464,4643.67232,4669.74,4711.912319999999,4643.67232,4617.60464,4669.74,4669.74,True,True
2026-08-28T03:59:25.370766+00:00,9cae35bc-fee3-42a9-8aa5-4c0f8c59f86d,SETUP_CREATED,4643.99,POINT_2_IDENTIFIED,FIB_ACTIVE,4643.99,4601.5,4669.74,4601.5,4617.60464,4643.67232,4669.74,4711.912319999999,4643.67232,4617.60464,4669.74,4669.74,True,True
2026-08-28T03:59:25.370766+00:00,9cae35bc-fee3-42a9-8aa5-4c0f8c59f86d,NEW_VALID_HIGH,4643.99,FIB_ACTIVE,TP_DYNAMIC,4643.99,4601.5,4669.74,4601.5,4617.60464,4643.67232,4669.74,4711.912319999999,4643.67232,4617.60464,4669.74,4669.74,True,True
2026-08-28T03:59:25.370766+00:00,9cae35bc-fee3-42a9-8aa5-4c0f8c59f86d,TP_UPDATED,4643.99,TP_DYNAMIC,TP_DYNAMIC,4643.99,4601.5,4669.74,4601.5,4617.60464,4643.67232,4669.74,4711.912319999999,4643.67232,4617.60464,4669.74,4669.74,True,True
2026-08-28T03:59:25.375613+00:00,9cae35bc-fee3-42a9-8aa5-4c0f8c59f86d,NEW_VALID_HIGH,4669.74,TP_DYNAMIC,TP_DYNAMIC,4643.99,4601.5,4669.74,4601.5,4617.60464,4643.67232,4669.74,4711.912319999999,4643.67232,4617.60464,4669.74,4669.74,True,True
2026-08-28T03:59:25.375613+00:00,9cae35bc-fee3-42a9-8aa5-4c0f8c59f86d,TP_UPDATED,4669.74,TP_DYNAMIC,TP_DYNAMIC,4643.99,4601.5,4669.74,4601.5,4617.60464,4643.67232,4669.74,4711.912319999999,4643.67232,4617.60464,4669.74,4669.74,True,True
2026-08-28T03:59:25.375613+00:00,9cae35bc-fee3-42a9-8aa5-4c0f8c59f86d,ENTRY_TOUCHED,4632.94,TP_DYNAMIC,ENTRY_TOUCHED,4643.99,4601.5,4669.74,4601.5,4617.60464,4643.67232,4669.74,4711.912319999999,4643.67232,4617.60464,4669.74,4669.74,True,True
2026-08-28T03:59:25.375613+00:00,9cae35bc-fee3-42a9-8aa5-4c0f8c59f86d,TP_LOCKED,4669.74,ENTRY_TOUCHED,TP_FROZEN,4643.99,4601.5,4669.74,4601.5,4617.60464,4643.67232,4669.74,4711.912319999999,4643.67232,4617.60464,4669.74,4669.74,True,True
2026-08-28T03:59:25.380385+00:00,9cae35bc-fee3-42a9-8aa5-4c0f8c59f86d,TP_HIT,4671.38,TP_FROZEN,COMPLETED,4643.99,4601.5,4669.74,4601.5,4617.60464,4643.67232,4669.74,4711.912319999999,4643.67232,4617.60464,4669.74,4669.74,True,True
2026-08-28T03:59:25.385462+00:00,f0e741ba-d63c-4388-a964-10e3da234b1a,BOS_DETECTED,4682.16,NO_SETUP,BOS_DETECTED,4667.59,4643.23,4703.87,4643.23,4657.54104,4680.7055199999995,4703.87,4741.34552,4680.7055199999995,4657.54104,4703.87,4703.87,True,True
2026-08-28T03:59:25.385462+00:00,f0e741ba-d63c-4388-a964-10e3da234b1a,POINT_2_FOUND,4643.23,BOS_DETECTED,POINT_2_IDENTIFIED,4667.59,4643.23,4703.87,4643.23,4657.54104,4680.7055199999995,4703.87,4741.34552,4680.7055199999995,4657.54104,4703.87,4703.87,True,True
2026-08-28T03:59:25.385462+00:00,f0e741ba-d63c-4388-a964-10e3da234b1a,SETUP_CREATED,4667.59,POINT_2_IDENTIFIED,FIB_ACTIVE,4667.59,4643.23,4703.87,4643.23,4657.54104,4680.7055199999995,4703.87,4741.34552,4680.7055199999995,4657.54104,4703.87,4703.87,True,True
2026-08-28T03:59:25.385462+00:00,f0e741ba-d63c-4388-a964-10e3da234b1a,NEW_VALID_HIGH,4667.59,FIB_ACTIVE,TP_DYNAMIC,4667.59,4643.23,4703.87,4643.23,4657.54104,4680.7055199999995,4703.87,4741.34552,4680.7055199999995,4657.54104,4703.87,4703.87,True,True
2026-08-28T03:59:25.385462+00:00,f0e741ba-d63c-4388-a964-10e3da234b1a,TP_UPDATED,4667.59,TP_DYNAMIC,TP_DYNAMIC,4667.59,4643.23,4703.87,4643.23,4657.54104,4680.7055199999995,4703.87,4741.34552,4680.7055199999995,4657.54104,4703.87,4703.87,True,True
2026-08-28T03:59:25.394146+00:00,f0e741ba-d63c-4388-a964-10e3da234b1a,NEW_VALID_HIGH,4703.87,TP_DYNAMIC,TP_DYNAMIC,4667.59,4643.23,4703.87,4643.23,4657.54104,4680.7055199999995,4703.87,4741.34552,4680.7055199999995,4657.54104,4703.87,4703.87,True,True
2026-08-28T03:59:25.394146+00:00,f0e741ba-d63c-4388-a964-10e3da234b1a,TP_UPDATED,4703.87,TP_DYNAMIC,TP_DYNAMIC,4667.59,4643.23,4703.87,4643.23,4657.54104,4680.7055199999995,4703.87,4741.34552,4680.7055199999995,4657.54104,4703.87,4703.87,True,True
2026-08-28T03:59:25.400714+00:00,f0e741ba-d63c-4388-a964-10e3da234b1a,ENTRY_TOUCHED,4677.01,TP_DYNAMIC,ENTRY_TOUCHED,4667.59,4643.23,4703.87,4643.23,4657.54104,4680.7055199999995,4703.87,4741.34552,4680.7055199999995,4657.54104,4703.87,4703.87,True,True
2026-08-28T03:59:25.400714+00:00,f0e741ba-d63c-4388-a964-10e3da234b1a,TP_LOCKED,4703.87,ENTRY_TOUCHED,TP_FROZEN,4667.59,4643.23,4703.87,4643.23,4657.54104,4680.7055199999995,4703.87,4741.34552,4680.7055199999995,4657.54104,4703.87,4703.87,True,True
2026-08-28T03:59:25.410734+00:00,f0e741ba-d63c-4388-a964-10e3da234b1a,SL_HIT,4666.81,TP_FROZEN,COMPLETED,4667.59,4643.23,4703.87,4643.23,4657.54104,4680.7055199999995,4703.87,4741.34552,4680.7055199999995,4657.54104,4703.87,4703.87,True,True
2026-08-28T03:59:25.430595+00:00,ab030cf5-3950-4a6f-9086-e8ab73373ff0,BOS_DETECTED,4664.16,NO_SETUP,BOS_DETECTED,4660.22,4648.0,4660.22,4648.0,4650.88392,4655.55196,4660.22,4667.77196,4655.55196,4650.88392,4660.22,4660.22,True,True
2026-08-28T03:59:25.430595+00:00,ab030cf5-3950-4a6f-9086-e8ab73373ff0,POINT_2_FOUND,4648.0,BOS_DETECTED,POINT_2_IDENTIFIED,4660.22,4648.0,4660.22,4648.0,4650.88392,4655.55196,4660.22,4667.77196,4655.55196,4650.88392,4660.22,4660.22,True,True
2026-08-28T03:59:25.430595+00:00,ab030cf5-3950-4a6f-9086-e8ab73373ff0,SETUP_CREATED,4660.22,POINT_2_IDENTIFIED,FIB_ACTIVE,4660.22,4648.0,4660.22,4648.0,4650.88392,4655.55196,4660.22,4667.77196,4655.55196,4650.88392,4660.22,4660.22,True,True
2026-08-28T03:59:25.430595+00:00,ab030cf5-3950-4a6f-9086-e8ab73373ff0,NEW_VALID_HIGH,4660.22,FIB_ACTIVE,TP_DYNAMIC,4660.22,4648.0,4660.22,4648.0,4650.88392,4655.55196,4660.22,4667.77196,4655.55196,4650.88392,4660.22,4660.22,True,True
2026-08-28T03:59:25.430595+00:00,ab030cf5-3950-4a6f-9086-e8ab73373ff0,TP_UPDATED,4660.22,TP_DYNAMIC,TP_DYNAMIC,4660.22,4648.0,4660.22,4648.0,4650.88392,4655.55196,4660.22,4667.77196,4655.55196,4650.88392,4660.22,4660.22,True,True
2026-08-28T03:59:25.430595+00:00,ab030cf5-3950-4a6f-9086-e8ab73373ff0,ENTRY_TOUCHED,4664.16,TP_DYNAMIC,ENTRY_TOUCHED,4660.22,4648.0,4660.22,4648.0,4650.88392,4655.55196,4660.22,4667.77196,4655.55196,4650.88392,4660.22,4660.22,True,True
2026-08-28T03:59:25.430595+00:00,ab030cf5-3950-4a6f-9086-e8ab73373ff0,TP_LOCKED,4660.22,ENTRY_TOUCHED,TP_FROZEN,4660.22,4648.0,4660.22,4648.0,4650.88392,4655.55196,4660.22,4667.77196,4655.55196,4650.88392,4660.22,4660.22,True,True
2026-08-28T03:59:25.432665+00:00,ab030cf5-3950-4a6f-9086-e8ab73373ff0,TP_HIT,4661.51,TP_FROZEN,COMPLETED,4660.22,4648.0,4660.22,4648.0,4650.88392,4655.55196,4660.22,4667.77196,4655.55196,4650.88392,4660.22,4660.22,True,True
2026-08-28T03:59:25.446941+00:00,90694a83-f7a3-411b-82f4-cdd62ccf2bb3,BOS_DETECTED,4661.99,NO_SETUP,BOS_DETECTED,4653.62,4618.14,4664.4,4618.14,4626.51328,4640.06664,4653.62,4675.54664,4640.06664,4626.51328,4653.62,4653.62,True,True
2026-08-28T03:59:25.446941+00:00,90694a83-f7a3-411b-82f4-cdd62ccf2bb3,POINT_2_FOUND,4618.14,BOS_DETECTED,POINT_2_IDENTIFIED,4653.62,4618.14,4664.4,4618.14,4626.51328,4640.06664,4653.62,4675.54664,4640.06664,4626.51328,4653.62,4653.62,True,True
2026-08-28T03:59:25.446941+00:00,90694a83-f7a3-411b-82f4-cdd62ccf2bb3,SETUP_CREATED,4653.62,POINT_2_IDENTIFIED,FIB_ACTIVE,4653.62,4618.14,4664.4,4618.14,4626.51328,4640.06664,4653.62,4675.54664,4640.06664,4626.51328,4653.62,4653.62,True,True
2026-08-28T03:59:25.446941+00:00,90694a83-f7a3-411b-82f4-cdd62ccf2bb3,NEW_VALID_HIGH,4653.62,FIB_ACTIVE,TP_DYNAMIC,4653.62,4618.14,4664.4,4618.14,4626.51328,4640.06664,4653.62,4675.54664,4640.06664,4626.51328,4653.62,4653.62,True,True
2026-08-28T03:59:25.446941+00:00,90694a83-f7a3-411b-82f4-cdd62ccf2bb3,TP_UPDATED,4653.62,TP_DYNAMIC,TP_DYNAMIC,4653.62,4618.14,4664.4,4618.14,4626.51328,4640.06664,4653.62,4675.54664,4640.06664,4626.51328,4653.62,4653.62,True,True
2026-08-28T03:59:25.450866+00:00,90694a83-f7a3-411b-82f4-cdd62ccf2bb3,ENTRY_TOUCHED,4634.8,TP_DYNAMIC,ENTRY_TOUCHED,4653.62,4618.14,4664.4,4618.14,4626.51328,4640.06664,4653.62,4675.54664,4640.06664,4626.51328,4653.62,4653.62,True,True
2026-08-28T03:59:25.450866+00:00,90694a83-f7a3-411b-82f4-cdd62ccf2bb3,TP_LOCKED,4653.62,ENTRY_TOUCHED,TP_FROZEN,4653.62,4618.14,4664.4,4618.14,4626.51328,4640.06664,4653.62,4675.54664,4640.06664,4626.51328,4653.62,4653.62,True,True
2026-08-28T03:59:25.450866+00:00,90694a83-f7a3-411b-82f4-cdd62ccf2bb3,POST_ENTRY_HIGH_IGNORED,4664.4,TP_FROZEN,TP_FROZEN,4653.62,4618.14,4664.4,4618.14,4626.51328,4640.06664,4653.62,4675.54664,4640.06664,4626.51328,4653.62,4653.62,True,True
2026-08-28T03:59:25.450866+00:00,90694a83-f7a3-411b-82f4-cdd62ccf2bb3,TP_HIT,4653.39,TP_FROZEN,COMPLETED,4653.62,4618.14,4664.4,4618.14,4626.51328,4640.06664,4653.62,4675.54664,4640.06664,4626.51328,4653.62,4653.62,True,True
2026-08-28T03:59:25.460488+00:00,837d2cca-512a-4ea5-9c60-76649fb27b33,BOS_DETECTED,4662.79,NO_SETUP,BOS_DETECTED,4657.05,4626.73,4694.03,4626.73,4642.6128,4668.3214,4694.03,4735.6214,4668.3214,4642.6128,4694.03,4694.03,True,True
2026-08-28T03:59:25.460488+00:00,837d2cca-512a-4ea5-9c60-76649fb27b33,POINT_2_FOUND,4626.73,BOS_DETECTED,POINT_2_IDENTIFIED,4657.05,4626.73,4694.03,4626.73,4642.6128,4668.3214,4694.03,4735.6214,4668.3214,4642.6128,4694.03,4694.03,True,True
2026-08-28T03:59:25.460488+00:00,837d2cca-512a-4ea5-9c60-76649fb27b33,SETUP_CREATED,4657.05,POINT_2_IDENTIFIED,FIB_ACTIVE,4657.05,4626.73,4694.03,4626.73,4642.6128,4668.3214,4694.03,4735.6214,4668.3214,4642.6128,4694.03,4694.03,True,True
2026-08-28T03:59:25.460488+00:00,837d2cca-512a-4ea5-9c60-76649fb27b33,NEW_VALID_HIGH,4657.05,FIB_ACTIVE,TP_DYNAMIC,4657.05,4626.73,4694.03,4626.73,4642.6128,4668.3214,4694.03,4735.6214,4668.3214,4642.6128,4694.03,4694.03,True,True
2026-08-28T03:59:25.460488+00:00,837d2cca-512a-4ea5-9c60-76649fb27b33,TP_UPDATED,4657.05,TP_DYNAMIC,TP_DYNAMIC,4657.05,4626.73,4694.03,4626.73,4642.6128,4668.3214,4694.03,4735.6214,4668.3214,4642.6128,4694.03,4694.03,True,True
2026-08-28T03:59:25.460488+00:00,837d2cca-512a-4ea5-9c60-76649fb27b33,NEW_VALID_HIGH,4694.03,TP_DYNAMIC,TP_DYNAMIC,4657.05,4626.73,4694.03,4626.73,4642.6128,4668.3214,4694.03,4735.6214,4668.3214,4642.6128,4694.03,4694.03,True,True
2026-08-28T03:59:25.460488+00:00,837d2cca-512a-4ea5-9c60-76649fb27b33,TP_UPDATED,4694.03,TP_DYNAMIC,TP_DYNAMIC,4657.05,4626.73,4694.03,4626.73,4642.6128,4668.3214,4694.03,4735.6214,4668.3214,4642.6128,4694.03,4694.03,True,True
2026-08-28T03:59:25.460488+00:00,837d2cca-512a-4ea5-9c60-76649fb27b33,ENTRY_TOUCHED,4672.82,TP_DYNAMIC,ENTRY_TOUCHED,4657.05,4626.73,4694.03,4626.73,4642.6128,4668.3214,4694.03,4735.6214,4668.3214,4642.6128,4694.03,4694.03,True,True
2026-08-28T03:59:25.460488+00:00,837d2cca-512a-4ea5-9c60-76649fb27b33,TP_LOCKED,4694.03,ENTRY_TOUCHED,TP_FROZEN,4657.05,4626.73,4694.03,4626.73,4642.6128,4668.3214,4694.03,4735.6214,4668.3214,4642.6128,4694.03,4694.03,True,True
2026-08-28T03:59:25.467070+00:00,837d2cca-512a-4ea5-9c60-76649fb27b33,SL_HIT,4639.96,TP_FROZEN,COMPLETED,4657.05,4626.73,4694.03,4626.73,4642.6128,4668.3214,4694.03,4735.6214,4668.3214,4642.6128,4694.03,4694.03,True,True
2026-08-28T03:59:25.482659+00:00,d8dfee34-4d6f-4884-8ccb-2d73f08d4774,BOS_DETECTED,4660.7,NO_SETUP,BOS_DETECTED,4660.34,4612.13,4854.98,4612.13,4669.4426,4762.2113,4854.98,5005.061299999999,4762.2113,4669.4426,4854.98,4854.98,True,True
2026-08-28T03:59:25.482659+00:00,d8dfee34-4d6f-4884-8ccb-2d73f08d4774,POINT_2_FOUND,4612.13,BOS_DETECTED,POINT_2_IDENTIFIED,4660.34,4612.13,4854.98,4612.13,4669.4426,4762.2113,4854.98,5005.061299999999,4762.2113,4669.4426,4854.98,4854.98,True,True
2026-08-28T03:59:25.482659+00:00,d8dfee34-4d6f-4884-8ccb-2d73f08d4774,SETUP_CREATED,4660.34,POINT_2_IDENTIFIED,FIB_ACTIVE,4660.34,4612.13,4854.98,4612.13,4669.4426,4762.2113,4854.98,5005.061299999999,4762.2113,4669.4426,4854.98,4854.98,True,True
2026-08-28T03:59:25.482659+00:00,d8dfee34-4d6f-4884-8ccb-2d73f08d4774,NEW_VALID_HIGH,4660.34,FIB_ACTIVE,TP_DYNAMIC,4660.34,4612.13,4854.98,4612.13,4669.4426,4762.2113,4854.98,5005.061299999999,4762.2113,4669.4426,4854.98,4854.98,True,True
2026-08-28T03:59:25.482659+00:00,d8dfee34-4d6f-4884-8ccb-2d73f08d4774,TP_UPDATED,4660.34,TP_DYNAMIC,TP_DYNAMIC,4660.34,4612.13,4854.98,4612.13,4669.4426,4762.2113,4854.98,5005.061299999999,4762.2113,4669.4426,4854.98,4854.98,True,True
2026-08-28T03:59:25.483671+00:00,d8dfee34-4d6f-4884-8ccb-2d73f08d4774,NEW_VALID_HIGH,4669.52,TP_DYNAMIC,TP_DYNAMIC,4660.34,4612.13,4854.98,4612.13,4669.4426,4762.2113,4854.98,5005.061299999999,4762.2113,4669.4426,4854.98,4854.98,True,True
2026-08-28T03:59:25.483671+00:00,d8dfee34-4d6f-4884-8ccb-2d73f08d4774,TP_UPDATED,4669.52,TP_DYNAMIC,TP_DYNAMIC,4660.34,4612.13,4854.98,4612.13,4669.4426,4762.2113,4854.98,5005.061299999999,4762.2113,4669.4426,4854.98,4854.98,True,True
2026-08-28T03:59:25.491914+00:00,d8dfee34-4d6f-4884-8ccb-2d73f08d4774,NEW_VALID_HIGH,4685.12,TP_DYNAMIC,TP_DYNAMIC,4660.34,4612.13,4854.98,4612.13,4669.4426,4762.2113,4854.98,5005.061299999999,4762.2113,4669.4426,4854.98,4854.98,True,True
2026-08-28T03:59:25.491914+00:00,d8dfee34-4d6f-4884-8ccb-2d73f08d4774,TP_UPDATED,4685.12,TP_DYNAMIC,TP_DYNAMIC,4660.34,4612.13,4854.98,4612.13,4669.4426,4762.2113,4854.98,5005.061299999999,4762.2113,4669.4426,4854.98,4854.98,True,True
2026-08-28T03:59:25.499031+00:00,d8dfee34-4d6f-4884-8ccb-2d73f08d4774,NEW_VALID_HIGH,4718.01,TP_DYNAMIC,TP_DYNAMIC,4660.34,4612.13,4854.98,4612.13,4669.4426,4762.2113,4854.98,5005.061299999999,4762.2113,4669.4426,4854.98,4854.98,True,True
2026-08-28T03:59:25.499031+00:00,d8dfee34-4d6f-4884-8ccb-2d73f08d4774,TP_UPDATED,4718.01,TP_DYNAMIC,TP_DYNAMIC,4660.34,4612.13,4854.98,4612.13,4669.4426,4762.2113,4854.98,5005.061299999999,4762.2113,4669.4426,4854.98,4854.98,True,True
2026-08-28T03:59:25.512792+00:00,d8dfee34-4d6f-4884-8ccb-2d73f08d4774,NEW_VALID_HIGH,4854.98,TP_DYNAMIC,TP_DYNAMIC,4660.34,4612.13,4854.98,4612.13,4669.4426,4762.2113,4854.98,5005.061299999999,4762.2113,4669.4426,4854.98,4854.98,True,True
2026-08-28T03:59:25.512792+00:00,d8dfee34-4d6f-4884-8ccb-2d73f08d4774,TP_UPDATED,4854.98,TP_DYNAMIC,TP_DYNAMIC,4660.34,4612.13,4854.98,4612.13,4669.4426,4762.2113,4854.98,5005.061299999999,4762.2113,4669.4426,4854.98,4854.98,True,True
2026-08-28T03:59:25.550858+00:00,d8dfee34-4d6f-4884-8ccb-2d73f08d4774,ENTRY_TOUCHED,4768.54,TP_DYNAMIC,ENTRY_TOUCHED,4660.34,4612.13,4854.98,4612.13,4669.4426,4762.2113,4854.98,5005.061299999999,4762.2113,4669.4426,4854.98,4854.98,True,True
2026-08-28T03:59:25.550858+00:00,d8dfee34-4d6f-4884-8ccb-2d73f08d4774,TP_LOCKED,4854.98,ENTRY_TOUCHED,TP_FROZEN,4660.34,4612.13,4854.98,4612.13,4669.4426,4762.2113,4854.98,5005.061299999999,4762.2113,4669.4426,4854.98,4854.98,True,True
2026-08-28T03:59:25.840455+00:00,d8dfee34-4d6f-4884-8ccb-2d73f08d4774,SL_HIT,4678.31,TP_FROZEN,COMPLETED,4660.34,4612.13,4854.98,4612.13,4669.4426,4762.2113,4854.98,5005.061299999999,4762.2113,4669.4426,4854.98,4854.98,True,True
2026-08-28T03:59:25.850426+00:00,0268c697-67e8-48c1-9b55-91c01ae03e26,BOS_DETECTED,4720.16,NO_SETUP,BOS_DETECTED,4717.4,4647.18,4744.47,4647.18,4670.14044,4707.30522,4744.47,4804.59522,4707.30522,4670.14044,4744.47,4744.47,True,True
2026-08-28T03:59:25.850426+00:00,0268c697-67e8-48c1-9b55-91c01ae03e26,POINT_2_FOUND,4647.18,BOS_DETECTED,POINT_2_IDENTIFIED,4717.4,4647.18,4744.47,4647.18,4670.14044,4707.30522,4744.47,4804.59522,4707.30522,4670.14044,4744.47,4744.47,True,True
2026-08-28T03:59:25.850426+00:00,0268c697-67e8-48c1-9b55-91c01ae03e26,SETUP_CREATED,4717.4,POINT_2_IDENTIFIED,FIB_ACTIVE,4717.4,4647.18,4744.47,4647.18,4670.14044,4707.30522,4744.47,4804.59522,4707.30522,4670.14044,4744.47,4744.47,True,True
2026-08-28T03:59:25.850426+00:00,0268c697-67e8-48c1-9b55-91c01ae03e26,NEW_VALID_HIGH,4717.4,FIB_ACTIVE,TP_DYNAMIC,4717.4,4647.18,4744.47,4647.18,4670.14044,4707.30522,4744.47,4804.59522,4707.30522,4670.14044,4744.47,4744.47,True,True
2026-08-28T03:59:25.850426+00:00,0268c697-67e8-48c1-9b55-91c01ae03e26,TP_UPDATED,4717.4,TP_DYNAMIC,TP_DYNAMIC,4717.4,4647.18,4744.47,4647.18,4670.14044,4707.30522,4744.47,4804.59522,4707.30522,4670.14044,4744.47,4744.47,True,True
2026-08-28T03:59:25.850426+00:00,0268c697-67e8-48c1-9b55-91c01ae03e26,NEW_VALID_HIGH,4726.51,TP_DYNAMIC,TP_DYNAMIC,4717.4,4647.18,4744.47,4647.18,4670.14044,4707.30522,4744.47,4804.59522,4707.30522,4670.14044,4744.47,4744.47,True,True
2026-08-28T03:59:25.850426+00:00,0268c697-67e8-48c1-9b55-91c01ae03e26,TP_UPDATED,4726.51,TP_DYNAMIC,TP_DYNAMIC,4717.4,4647.18,4744.47,4647.18,4670.14044,4707.30522,4744.47,4804.59522,4707.30522,4670.14044,4744.47,4744.47,True,True
2026-08-28T03:59:25.870653+00:00,0268c697-67e8-48c1-9b55-91c01ae03e26,NEW_VALID_HIGH,4738.0,TP_DYNAMIC,TP_DYNAMIC,4717.4,4647.18,4744.47,4647.18,4670.14044,4707.30522,4744.47,4804.59522,4707.30522,4670.14044,4744.47,4744.47,True,True
2026-08-28T03:59:25.870653+00:00,0268c697-67e8-48c1-9b55-91c01ae03e26,TP_UPDATED,4738.0,TP_DYNAMIC,TP_DYNAMIC,4717.4,4647.18,4744.47,4647.18,4670.14044,4707.30522,4744.47,4804.59522,4707.30522,4670.14044,4744.47,4744.47,True,True
2026-08-28T03:59:25.885826+00:00,0268c697-67e8-48c1-9b55-91c01ae03e26,NEW_VALID_HIGH,4744.47,TP_DYNAMIC,TP_DYNAMIC,4717.4,4647.18,4744.47,4647.18,4670.14044,4707.30522,4744.47,4804.59522,4707.30522,4670.14044,4744.47,4744.47,True,True
2026-08-28T03:59:25.885826+00:00,0268c697-67e8-48c1-9b55-91c01ae03e26,TP_UPDATED,4744.47,TP_DYNAMIC,TP_DYNAMIC,4717.4,4647.18,4744.47,4647.18,4670.14044,4707.30522,4744.47,4804.59522,4707.30522,4670.14044,4744.47,4744.47,True,True
2026-08-28T03:59:25.890611+00:00,0268c697-67e8-48c1-9b55-91c01ae03e26,ENTRY_TOUCHED,4707.95,TP_DYNAMIC,ENTRY_TOUCHED,4717.4,4647.18,4744.47,4647.18,4670.14044,4707.30522,4744.47,4804.59522,4707.30522,4670.14044,4744.47,4744.47,True,True
2026-08-28T03:59:25.890611+00:00,0268c697-67e8-48c1-9b55-91c01ae03e26,TP_LOCKED,4744.47,ENTRY_TOUCHED,TP_FROZEN,4717.4,4647.18,4744.47,4647.18,4670.14044,4707.30522,4744.47,4804.59522,4707.30522,4670.14044,4744.47,4744.47,True,True
2026-08-28T03:59:25.896200+00:00,0268c697-67e8-48c1-9b55-91c01ae03e26,TP_HIT,4732.55,TP_FROZEN,COMPLETED,4717.4,4647.18,4744.47,4647.18,4670.14044,4707.30522,4744.47,4804.59522,4707.30522,4670.14044,4744.47,4744.47,True,True
2026-08-28T03:59:25.911124+00:00,f5ab27ca-bccf-4611-b52c-3bc043da8952,BOS_DETECTED,4748.65,NO_SETUP,BOS_DETECTED,4746.01,4724.17,4767.21,4724.17,4734.32744,4750.76872,4767.21,4793.80872,4750.76872,4734.32744,4767.21,4767.21,True,True
2026-08-28T03:59:25.911124+00:00,f5ab27ca-bccf-4611-b52c-3bc043da8952,POINT_2_FOUND,4724.17,BOS_DETECTED,POINT_2_IDENTIFIED,4746.01,4724.17,4767.21,4724.17,4734.32744,4750.76872,4767.21,4793.80872,4750.76872,4734.32744,4767.21,4767.21,True,True
2026-08-28T03:59:25.911124+00:00,f5ab27ca-bccf-4611-b52c-3bc043da8952,SETUP_CREATED,4746.01,POINT_2_IDENTIFIED,FIB_ACTIVE,4746.01,4724.17,4767.21,4724.17,4734.32744,4750.76872,4767.21,4793.80872,4750.76872,4734.32744,4767.21,4767.21,True,True
2026-08-28T03:59:25.911124+00:00,f5ab27ca-bccf-4611-b52c-3bc043da8952,NEW_VALID_HIGH,4746.01,FIB_ACTIVE,TP_DYNAMIC,4746.01,4724.17,4767.21,4724.17,4734.32744,4750.76872,4767.21,4793.80872,4750.76872,4734.32744,4767.21,4767.21,True,True
2026-08-28T03:59:25.911124+00:00,f5ab27ca-bccf-4611-b52c-3bc043da8952,TP_UPDATED,4746.01,TP_DYNAMIC,TP_DYNAMIC,4746.01,4724.17,4767.21,4724.17,4734.32744,4750.76872,4767.21,4793.80872,4750.76872,4734.32744,4767.21,4767.21,True,True
2026-08-28T03:59:25.915694+00:00,f5ab27ca-bccf-4611-b52c-3bc043da8952,NEW_VALID_HIGH,4767.21,TP_DYNAMIC,TP_DYNAMIC,4746.01,4724.17,4767.21,4724.17,4734.32744,4750.76872,4767.21,4793.80872,4750.76872,4734.32744,4767.21,4767.21,True,True
2026-08-28T03:59:25.915694+00:00,f5ab27ca-bccf-4611-b52c-3bc043da8952,TP_UPDATED,4767.21,TP_DYNAMIC,TP_DYNAMIC,4746.01,4724.17,4767.21,4724.17,4734.32744,4750.76872,4767.21,4793.80872,4750.76872,4734.32744,4767.21,4767.21,True,True
2026-08-28T03:59:25.915694+00:00,f5ab27ca-bccf-4611-b52c-3bc043da8952,ENTRY_TOUCHED,4757.82,TP_DYNAMIC,ENTRY_TOUCHED,4746.01,4724.17,4767.21,4724.17,4734.32744,4750.76872,4767.21,4793.80872,4750.76872,4734.32744,4767.21,4767.21,True,True
2026-08-28T03:59:25.915694+00:00,f5ab27ca-bccf-4611-b52c-3bc043da8952,TP_LOCKED,4767.21,ENTRY_TOUCHED,TP_FROZEN,4746.01,4724.17,4767.21,4724.17,4734.32744,4750.76872,4767.21,4793.80872,4750.76872,4734.32744,4767.21,4767.21,True,True
2026-08-28T03:59:25.915694+00:00,f5ab27ca-bccf-4611-b52c-3bc043da8952,TP_HIT,4768.19,TP_FROZEN,COMPLETED,4746.01,4724.17,4767.21,4724.17,4734.32744,4750.76872,4767.21,4793.80872,4750.76872,4734.32744,4767.21,4767.21,True,True
2026-08-28T03:59:25.936142+00:00,05c87e60-b92e-41f5-b271-b80e032d0214,BOS_DETECTED,4779.34,NO_SETUP,BOS_DETECTED,4773.99,4756.93,4773.99,4756.93,4760.95616,4767.47308,4773.99,4784.533079999999,4767.47308,4760.95616,4773.99,4773.99,True,True
2026-08-28T03:59:25.936142+00:00,05c87e60-b92e-41f5-b271-b80e032d0214,POINT_2_FOUND,4756.93,BOS_DETECTED,POINT_2_IDENTIFIED,4773.99,4756.93,4773.99,4756.93,4760.95616,4767.47308,4773.99,4784.533079999999,4767.47308,4760.95616,4773.99,4773.99,True,True
2026-08-28T03:59:25.936142+00:00,05c87e60-b92e-41f5-b271-b80e032d0214,SETUP_CREATED,4773.99,POINT_2_IDENTIFIED,FIB_ACTIVE,4773.99,4756.93,4773.99,4756.93,4760.95616,4767.47308,4773.99,4784.533079999999,4767.47308,4760.95616,4773.99,4773.99,True,True
2026-08-28T03:59:25.936142+00:00,05c87e60-b92e-41f5-b271-b80e032d0214,NEW_VALID_HIGH,4773.99,FIB_ACTIVE,TP_DYNAMIC,4773.99,4756.93,4773.99,4756.93,4760.95616,4767.47308,4773.99,4784.533079999999,4767.47308,4760.95616,4773.99,4773.99,True,True
2026-08-28T03:59:25.936142+00:00,05c87e60-b92e-41f5-b271-b80e032d0214,TP_UPDATED,4773.99,TP_DYNAMIC,TP_DYNAMIC,4773.99,4756.93,4773.99,4756.93,4760.95616,4767.47308,4773.99,4784.533079999999,4767.47308,4760.95616,4773.99,4773.99,True,True
2026-08-28T03:59:25.936142+00:00,05c87e60-b92e-41f5-b271-b80e032d0214,ENTRY_TOUCHED,4779.34,TP_DYNAMIC,ENTRY_TOUCHED,4773.99,4756.93,4773.99,4756.93,4760.95616,4767.47308,4773.99,4784.533079999999,4767.47308,4760.95616,4773.99,4773.99,True,True
2026-08-28T03:59:25.936142+00:00,05c87e60-b92e-41f5-b271-b80e032d0214,TP_LOCKED,4773.99,ENTRY_TOUCHED,TP_FROZEN,4773.99,4756.93,4773.99,4756.93,4760.95616,4767.47308,4773.99,4784.533079999999,4767.47308,4760.95616,4773.99,4773.99,True,True
2026-08-28T03:59:25.936142+00:00,05c87e60-b92e-41f5-b271-b80e032d0214,TP_HIT,4788.84,TP_FROZEN,COMPLETED,4773.99,4756.93,4773.99,4756.93,4760.95616,4767.47308,4773.99,4784.533079999999,4767.47308,4760.95616,4773.99,4773.99,True,True
2026-08-28T03:59:25.940715+00:00,d26079c7-32a3-4104-becf-f6cd3ec44a07,BOS_DETECTED,4777.54,NO_SETUP,BOS_DETECTED,4773.99,4756.93,4795.0,4756.93,4765.91452,4780.45726,4795.0,4818.52726,4780.45726,4765.91452,4795.0,4795.0,True,True
2026-08-28T03:59:25.940715+00:00,d26079c7-32a3-4104-becf-f6cd3ec44a07,POINT_2_FOUND,4756.93,BOS_DETECTED,POINT_2_IDENTIFIED,4773.99,4756.93,4795.0,4756.93,4765.91452,4780.45726,4795.0,4818.52726,4780.45726,4765.91452,4795.0,4795.0,True,True
2026-08-28T03:59:25.940715+00:00,d26079c7-32a3-4104-becf-f6cd3ec44a07,SETUP_CREATED,4773.99,POINT_2_IDENTIFIED,FIB_ACTIVE,4773.99,4756.93,4795.0,4756.93,4765.91452,4780.45726,4795.0,4818.52726,4780.45726,4765.91452,4795.0,4795.0,True,True
2026-08-28T03:59:25.940715+00:00,d26079c7-32a3-4104-becf-f6cd3ec44a07,NEW_VALID_HIGH,4773.99,FIB_ACTIVE,TP_DYNAMIC,4773.99,4756.93,4795.0,4756.93,4765.91452,4780.45726,4795.0,4818.52726,4780.45726,4765.91452,4795.0,4795.0,True,True
2026-08-28T03:59:25.940715+00:00,d26079c7-32a3-4104-becf-f6cd3ec44a07,TP_UPDATED,4773.99,TP_DYNAMIC,TP_DYNAMIC,4773.99,4756.93,4795.0,4756.93,4765.91452,4780.45726,4795.0,4818.52726,4780.45726,4765.91452,4795.0,4795.0,True,True
2026-08-28T03:59:25.944043+00:00,d26079c7-32a3-4104-becf-f6cd3ec44a07,NEW_VALID_HIGH,4795.0,TP_DYNAMIC,TP_DYNAMIC,4773.99,4756.93,4795.0,4756.93,4765.91452,4780.45726,4795.0,4818.52726,4780.45726,4765.91452,4795.0,4795.0,True,True
2026-08-28T03:59:25.944043+00:00,d26079c7-32a3-4104-becf-f6cd3ec44a07,TP_UPDATED,4795.0,TP_DYNAMIC,TP_DYNAMIC,4773.99,4756.93,4795.0,4756.93,4765.91452,4780.45726,4795.0,4818.52726,4780.45726,4765.91452,4795.0,4795.0,True,True
2026-08-28T03:59:25.944043+00:00,d26079c7-32a3-4104-becf-f6cd3ec44a07,ENTRY_TOUCHED,4780.64,TP_DYNAMIC,ENTRY_TOUCHED,4773.99,4756.93,4795.0,4756.93,4765.91452,4780.45726,4795.0,4818.52726,4780.45726,4765.91452,4795.0,4795.0,True,True
2026-08-28T03:59:25.944043+00:00,d26079c7-32a3-4104-becf-f6cd3ec44a07,TP_LOCKED,4795.0,ENTRY_TOUCHED,TP_FROZEN,4773.99,4756.93,4795.0,4756.93,4765.91452,4780.45726,4795.0,4818.52726,4780.45726,4765.91452,4795.0,4795.0,True,True
2026-08-28T03:59:25.950398+00:00,d26079c7-32a3-4104-becf-f6cd3ec44a07,SL_HIT,4767.13,TP_FROZEN,COMPLETED,4773.99,4756.93,4795.0,4756.93,4765.91452,4780.45726,4795.0,4818.52726,4780.45726,4765.91452,4795.0,4795.0,True,True
2026-08-28T03:59:25.960498+00:00,17aed1f7-a888-4f68-b03b-bf9c5c57b444,BOS_DETECTED,4792.39,NO_SETUP,BOS_DETECTED,4786.4,4755.0,4818.11,4755.0,4769.89396,4794.00198,4818.11,4857.11198,4794.00198,4769.89396,4818.11,4818.11,True,True
2026-08-28T03:59:25.960498+00:00,17aed1f7-a888-4f68-b03b-bf9c5c57b444,POINT_2_FOUND,4755.0,BOS_DETECTED,POINT_2_IDENTIFIED,4786.4,4755.0,4818.11,4755.0,4769.89396,4794.00198,4818.11,4857.11198,4794.00198,4769.89396,4818.11,4818.11,True,True
2026-08-28T03:59:25.960498+00:00,17aed1f7-a888-4f68-b03b-bf9c5c57b444,SETUP_CREATED,4786.4,POINT_2_IDENTIFIED,FIB_ACTIVE,4786.4,4755.0,4818.11,4755.0,4769.89396,4794.00198,4818.11,4857.11198,4794.00198,4769.89396,4818.11,4818.11,True,True
2026-08-28T03:59:25.960498+00:00,17aed1f7-a888-4f68-b03b-bf9c5c57b444,NEW_VALID_HIGH,4786.4,FIB_ACTIVE,TP_DYNAMIC,4786.4,4755.0,4818.11,4755.0,4769.89396,4794.00198,4818.11,4857.11198,4794.00198,4769.89396,4818.11,4818.11,True,True
2026-08-28T03:59:25.960498+00:00,17aed1f7-a888-4f68-b03b-bf9c5c57b444,TP_UPDATED,4786.4,TP_DYNAMIC,TP_DYNAMIC,4786.4,4755.0,4818.11,4755.0,4769.89396,4794.00198,4818.11,4857.11198,4794.00198,4769.89396,4818.11,4818.11,True,True
2026-08-28T03:59:25.968577+00:00,17aed1f7-a888-4f68-b03b-bf9c5c57b444,NEW_VALID_HIGH,4818.11,TP_DYNAMIC,TP_DYNAMIC,4786.4,4755.0,4818.11,4755.0,4769.89396,4794.00198,4818.11,4857.11198,4794.00198,4769.89396,4818.11,4818.11,True,True
2026-08-28T03:59:25.968577+00:00,17aed1f7-a888-4f68-b03b-bf9c5c57b444,TP_UPDATED,4818.11,TP_DYNAMIC,TP_DYNAMIC,4786.4,4755.0,4818.11,4755.0,4769.89396,4794.00198,4818.11,4857.11198,4794.00198,4769.89396,4818.11,4818.11,True,True
2026-08-28T03:59:25.968577+00:00,17aed1f7-a888-4f68-b03b-bf9c5c57b444,ENTRY_TOUCHED,4802.35,TP_DYNAMIC,ENTRY_TOUCHED,4786.4,4755.0,4818.11,4755.0,4769.89396,4794.00198,4818.11,4857.11198,4794.00198,4769.89396,4818.11,4818.11,True,True
2026-08-28T03:59:25.968577+00:00,17aed1f7-a888-4f68-b03b-bf9c5c57b444,TP_LOCKED,4818.11,ENTRY_TOUCHED,TP_FROZEN,4786.4,4755.0,4818.11,4755.0,4769.89396,4794.00198,4818.11,4857.11198,4794.00198,4769.89396,4818.11,4818.11,True,True
2026-08-28T03:59:25.976734+00:00,17aed1f7-a888-4f68-b03b-bf9c5c57b444,TP_HIT,4826.04,TP_FROZEN,COMPLETED,4786.4,4755.0,4818.11,4755.0,4769.89396,4794.00198,4818.11,4857.11198,4794.00198,4769.89396,4818.11,4818.11,True,True
2026-08-28T03:59:25.984933+00:00,0ebfeb2d-efb8-409c-bb3d-e44bff377fdd,BOS_DETECTED,4840.26,NO_SETUP,BOS_DETECTED,4840.2,4790.72,4849.97,4790.72,4804.703,4827.3365,4849.97,4886.5865,4827.3365,4804.703,4849.97,4849.97,True,True
2026-08-28T03:59:25.984933+00:00,0ebfeb2d-efb8-409c-bb3d-e44bff377fdd,POINT_2_FOUND,4790.72,BOS_DETECTED,POINT_2_IDENTIFIED,4840.2,4790.72,4849.97,4790.72,4804.703,4827.3365,4849.97,4886.5865,4827.3365,4804.703,4849.97,4849.97,True,True
2026-08-28T03:59:25.984933+00:00,0ebfeb2d-efb8-409c-bb3d-e44bff377fdd,SETUP_CREATED,4840.2,POINT_2_IDENTIFIED,FIB_ACTIVE,4840.2,4790.72,4849.97,4790.72,4804.703,4827.3365,4849.97,4886.5865,4827.3365,4804.703,4849.97,4849.97,True,True
2026-08-28T03:59:25.984933+00:00,0ebfeb2d-efb8-409c-bb3d-e44bff377fdd,NEW_VALID_HIGH,4840.2,FIB_ACTIVE,TP_DYNAMIC,4840.2,4790.72,4849.97,4790.72,4804.703,4827.3365,4849.97,4886.5865,4827.3365,4804.703,4849.97,4849.97,True,True
2026-08-28T03:59:25.984933+00:00,0ebfeb2d-efb8-409c-bb3d-e44bff377fdd,TP_UPDATED,4840.2,TP_DYNAMIC,TP_DYNAMIC,4840.2,4790.72,4849.97,4790.72,4804.703,4827.3365,4849.97,4886.5865,4827.3365,4804.703,4849.97,4849.97,True,True
2026-08-28T03:59:25.993892+00:00,0ebfeb2d-efb8-409c-bb3d-e44bff377fdd,NEW_VALID_HIGH,4844.28,TP_DYNAMIC,TP_DYNAMIC,4840.2,4790.72,4849.97,4790.72,4804.703,4827.3365,4849.97,4886.5865,4827.3365,4804.703,4849.97,4849.97,True,True
2026-08-28T03:59:25.993892+00:00,0ebfeb2d-efb8-409c-bb3d-e44bff377fdd,TP_UPDATED,4844.28,TP_DYNAMIC,TP_DYNAMIC,4840.2,4790.72,4849.97,4790.72,4804.703,4827.3365,4849.97,4886.5865,4827.3365,4804.703,4849.97,4849.97,True,True
2026-08-28T03:59:26.000638+00:00,0ebfeb2d-efb8-409c-bb3d-e44bff377fdd,NEW_VALID_HIGH,4849.97,TP_DYNAMIC,TP_DYNAMIC,4840.2,4790.72,4849.97,4790.72,4804.703,4827.3365,4849.97,4886.5865,4827.3365,4804.703,4849.97,4849.97,True,True
2026-08-28T03:59:26.000638+00:00,0ebfeb2d-efb8-409c-bb3d-e44bff377fdd,TP_UPDATED,4849.97,TP_DYNAMIC,TP_DYNAMIC,4840.2,4790.72,4849.97,4790.72,4804.703,4827.3365,4849.97,4886.5865,4827.3365,4804.703,4849.97,4849.97,True,True
2026-08-28T03:59:26.008874+00:00,0ebfeb2d-efb8-409c-bb3d-e44bff377fdd,ENTRY_TOUCHED,4831.19,TP_DYNAMIC,ENTRY_TOUCHED,4840.2,4790.72,4849.97,4790.72,4804.703,4827.3365,4849.97,4886.5865,4827.3365,4804.703,4849.97,4849.97,True,True
2026-08-28T03:59:26.008874+00:00,0ebfeb2d-efb8-409c-bb3d-e44bff377fdd,TP_LOCKED,4849.97,ENTRY_TOUCHED,TP_FROZEN,4840.2,4790.72,4849.97,4790.72,4804.703,4827.3365,4849.97,4886.5865,4827.3365,4804.703,4849.97,4849.97,True,True
2026-08-28T03:59:26.010395+00:00,0ebfeb2d-efb8-409c-bb3d-e44bff377fdd,TP_HIT,4847.99,TP_FROZEN,COMPLETED,4840.2,4790.72,4849.97,4790.72,4804.703,4827.3365,4849.97,4886.5865,4827.3365,4804.703,4849.97,4849.97,True,True
2026-08-28T03:59:26.054223+00:00,67dc7b5f-97f2-4d41-a2ae-2c06386ae4e6,BOS_DETECTED,4823.15,NO_SETUP,BOS_DETECTED,4821.16,4788.0,4831.99,4788.0,4798.38164,4815.18582,4831.99,4859.1758199999995,4815.18582,4798.38164,4831.99,4831.99,True,True
2026-08-28T03:59:26.056234+00:00,67dc7b5f-97f2-4d41-a2ae-2c06386ae4e6,POINT_2_FOUND,4788.0,BOS_DETECTED,POINT_2_IDENTIFIED,4821.16,4788.0,4831.99,4788.0,4798.38164,4815.18582,4831.99,4859.1758199999995,4815.18582,4798.38164,4831.99,4831.99,True,True
2026-08-28T03:59:26.056234+00:00,67dc7b5f-97f2-4d41-a2ae-2c06386ae4e6,SETUP_CREATED,4821.16,POINT_2_IDENTIFIED,FIB_ACTIVE,4821.16,4788.0,4831.99,4788.0,4798.38164,4815.18582,4831.99,4859.1758199999995,4815.18582,4798.38164,4831.99,4831.99,True,True
2026-08-28T03:59:26.056234+00:00,67dc7b5f-97f2-4d41-a2ae-2c06386ae4e6,NEW_VALID_HIGH,4821.16,FIB_ACTIVE,TP_DYNAMIC,4821.16,4788.0,4831.99,4788.0,4798.38164,4815.18582,4831.99,4859.1758199999995,4815.18582,4798.38164,4831.99,4831.99,True,True
2026-08-28T03:59:26.056234+00:00,67dc7b5f-97f2-4d41-a2ae-2c06386ae4e6,TP_UPDATED,4821.16,TP_DYNAMIC,TP_DYNAMIC,4821.16,4788.0,4831.99,4788.0,4798.38164,4815.18582,4831.99,4859.1758199999995,4815.18582,4798.38164,4831.99,4831.99,True,True
2026-08-28T03:59:26.061046+00:00,67dc7b5f-97f2-4d41-a2ae-2c06386ae4e6,NEW_VALID_HIGH,4831.99,TP_DYNAMIC,TP_DYNAMIC,4821.16,4788.0,4831.99,4788.0,4798.38164,4815.18582,4831.99,4859.1758199999995,4815.18582,4798.38164,4831.99,4831.99,True,True
2026-08-28T03:59:26.061046+00:00,67dc7b5f-97f2-4d41-a2ae-2c06386ae4e6,TP_UPDATED,4831.99,TP_DYNAMIC,TP_DYNAMIC,4821.16,4788.0,4831.99,4788.0,4798.38164,4815.18582,4831.99,4859.1758199999995,4815.18582,4798.38164,4831.99,4831.99,True,True
2026-08-28T03:59:26.061046+00:00,67dc7b5f-97f2-4d41-a2ae-2c06386ae4e6,ENTRY_TOUCHED,4810.61,TP_DYNAMIC,ENTRY_TOUCHED,4821.16,4788.0,4831.99,4788.0,4798.38164,4815.18582,4831.99,4859.1758199999995,4815.18582,4798.38164,4831.99,4831.99,True,True
2026-08-28T03:59:26.061046+00:00,67dc7b5f-97f2-4d41-a2ae-2c06386ae4e6,TP_LOCKED,4831.99,ENTRY_TOUCHED,TP_FROZEN,4821.16,4788.0,4831.99,4788.0,4798.38164,4815.18582,4831.99,4859.1758199999995,4815.18582,4798.38164,4831.99,4831.99,True,True
2026-08-28T03:59:26.061046+00:00,67dc7b5f-97f2-4d41-a2ae-2c06386ae4e6,SL_HIT,4804.83,TP_FROZEN,COMPLETED,4821.16,4788.0,4831.99,4788.0,4798.38164,4815.18582,4831.99,4859.1758199999995,4815.18582,4798.38164,4831.99,4831.99,True,True
2026-08-28T03:59:26.082467+00:00,cfa6795b-7018-42cd-9b5c-5c2545209c70,BOS_DETECTED,4809.13,NO_SETUP,BOS_DETECTED,4805.16,4789.0,4836.37,4789.0,4800.17932,4818.27466,4836.37,4865.64466,4818.27466,4800.17932,4836.37,4836.37,True,True
2026-08-28T03:59:26.082467+00:00,cfa6795b-7018-42cd-9b5c-5c2545209c70,POINT_2_FOUND,4789.0,BOS_DETECTED,POINT_2_IDENTIFIED,4805.16,4789.0,4836.37,4789.0,4800.17932,4818.27466,4836.37,4865.64466,4818.27466,4800.17932,4836.37,4836.37,True,True
2026-08-28T03:59:26.082467+00:00,cfa6795b-7018-42cd-9b5c-5c2545209c70,SETUP_CREATED,4805.16,POINT_2_IDENTIFIED,FIB_ACTIVE,4805.16,4789.0,4836.37,4789.0,4800.17932,4818.27466,4836.37,4865.64466,4818.27466,4800.17932,4836.37,4836.37,True,True
2026-08-28T03:59:26.082467+00:00,cfa6795b-7018-42cd-9b5c-5c2545209c70,NEW_VALID_HIGH,4805.16,FIB_ACTIVE,TP_DYNAMIC,4805.16,4789.0,4836.37,4789.0,4800.17932,4818.27466,4836.37,4865.64466,4818.27466,4800.17932,4836.37,4836.37,True,True
2026-08-28T03:59:26.082467+00:00,cfa6795b-7018-42cd-9b5c-5c2545209c70,TP_UPDATED,4805.16,TP_DYNAMIC,TP_DYNAMIC,4805.16,4789.0,4836.37,4789.0,4800.17932,4818.27466,4836.37,4865.64466,4818.27466,4800.17932,4836.37,4836.37,True,True
2026-08-28T03:59:26.096187+00:00,cfa6795b-7018-42cd-9b5c-5c2545209c70,NEW_VALID_HIGH,4836.37,TP_DYNAMIC,TP_DYNAMIC,4805.16,4789.0,4836.37,4789.0,4800.17932,4818.27466,4836.37,4865.64466,4818.27466,4800.17932,4836.37,4836.37,True,True
2026-08-28T03:59:26.096187+00:00,cfa6795b-7018-42cd-9b5c-5c2545209c70,TP_UPDATED,4836.37,TP_DYNAMIC,TP_DYNAMIC,4805.16,4789.0,4836.37,4789.0,4800.17932,4818.27466,4836.37,4865.64466,4818.27466,4800.17932,4836.37,4836.37,True,True
2026-08-28T03:59:26.098204+00:00,cfa6795b-7018-42cd-9b5c-5c2545209c70,ENTRY_TOUCHED,4815.38,TP_DYNAMIC,ENTRY_TOUCHED,4805.16,4789.0,4836.37,4789.0,4800.17932,4818.27466,4836.37,4865.64466,4818.27466,4800.17932,4836.37,4836.37,True,True
2026-08-28T03:59:26.098204+00:00,cfa6795b-7018-42cd-9b5c-5c2545209c70,TP_LOCKED,4836.37,ENTRY_TOUCHED,TP_FROZEN,4805.16,4789.0,4836.37,4789.0,4800.17932,4818.27466,4836.37,4865.64466,4818.27466,4800.17932,4836.37,4836.37,True,True
2026-08-28T03:59:26.110604+00:00,cfa6795b-7018-42cd-9b5c-5c2545209c70,TP_HIT,4833.37,TP_FROZEN,COMPLETED,4805.16,4789.0,4836.37,4789.0,4800.17932,4818.27466,4836.37,4865.64466,4818.27466,4800.17932,4836.37,4836.37,True,True
2026-08-28T03:59:26.130381+00:00,7942c824-9992-4b90-b2b6-df10bb67482d,BOS_DETECTED,4818.58,NO_SETUP,BOS_DETECTED,4818.27,4806.36,4818.27,4806.36,4809.17076,4813.72038,4818.27,4825.6303800000005,4813.72038,4809.17076,4818.27,4818.27,True,True
2026-08-28T03:59:26.130381+00:00,7942c824-9992-4b90-b2b6-df10bb67482d,POINT_2_FOUND,4806.36,BOS_DETECTED,POINT_2_IDENTIFIED,4818.27,4806.36,4818.27,4806.36,4809.17076,4813.72038,4818.27,4825.6303800000005,4813.72038,4809.17076,4818.27,4818.27,True,True
2026-08-28T03:59:26.130381+00:00,7942c824-9992-4b90-b2b6-df10bb67482d,SETUP_CREATED,4818.27,POINT_2_IDENTIFIED,FIB_ACTIVE,4818.27,4806.36,4818.27,4806.36,4809.17076,4813.72038,4818.27,4825.6303800000005,4813.72038,4809.17076,4818.27,4818.27,True,True
2026-08-28T03:59:26.130381+00:00,7942c824-9992-4b90-b2b6-df10bb67482d,NEW_VALID_HIGH,4818.27,FIB_ACTIVE,TP_DYNAMIC,4818.27,4806.36,4818.27,4806.36,4809.17076,4813.72038,4818.27,4825.6303800000005,4813.72038,4809.17076,4818.27,4818.27,True,True
2026-08-28T03:59:26.130381+00:00,7942c824-9992-4b90-b2b6-df10bb67482d,TP_UPDATED,4818.27,TP_DYNAMIC,TP_DYNAMIC,4818.27,4806.36,4818.27,4806.36,4809.17076,4813.72038,4818.27,4825.6303800000005,4813.72038,4809.17076,4818.27,4818.27,True,True
2026-08-28T03:59:26.131436+00:00,7942c824-9992-4b90-b2b6-df10bb67482d,ENTRY_TOUCHED,4817.8,TP_DYNAMIC,ENTRY_TOUCHED,4818.27,4806.36,4818.27,4806.36,4809.17076,4813.72038,4818.27,4825.6303800000005,4813.72038,4809.17076,4818.27,4818.27,True,True
2026-08-28T03:59:26.131436+00:00,7942c824-9992-4b90-b2b6-df10bb67482d,TP_LOCKED,4818.27,ENTRY_TOUCHED,TP_FROZEN,4818.27,4806.36,4818.27,4806.36,4809.17076,4813.72038,4818.27,4825.6303800000005,4813.72038,4809.17076,4818.27,4818.27,True,True
2026-08-28T03:59:26.131436+00:00,7942c824-9992-4b90-b2b6-df10bb67482d,TP_HIT,4815.88,TP_FROZEN,COMPLETED,4818.27,4806.36,4818.27,4806.36,4809.17076,4813.72038,4818.27,4825.6303800000005,4813.72038,4809.17076,4818.27,4818.27,True,True
2026-08-28T03:59:26.171861+00:00,deadd99e-a1aa-489a-9310-6e93e9fe3030,BOS_DETECTED,4797.54,NO_SETUP,BOS_DETECTED,4793.9,4782.6,4793.9,4782.6,4785.2668,4789.5833999999995,4793.9,4800.883399999999,4789.5833999999995,4785.2668,4793.9,4793.9,True,True
2026-08-28T03:59:26.171861+00:00,deadd99e-a1aa-489a-9310-6e93e9fe3030,POINT_2_FOUND,4782.6,BOS_DETECTED,POINT_2_IDENTIFIED,4793.9,4782.6,4793.9,4782.6,4785.2668,4789.5833999999995,4793.9,4800.883399999999,4789.5833999999995,4785.2668,4793.9,4793.9,True,True
2026-08-28T03:59:26.171861+00:00,deadd99e-a1aa-489a-9310-6e93e9fe3030,SETUP_CREATED,4793.9,POINT_2_IDENTIFIED,FIB_ACTIVE,4793.9,4782.6,4793.9,4782.6,4785.2668,4789.5833999999995,4793.9,4800.883399999999,4789.5833999999995,4785.2668,4793.9,4793.9,True,True
2026-08-28T03:59:26.171861+00:00,deadd99e-a1aa-489a-9310-6e93e9fe3030,NEW_VALID_HIGH,4793.9,FIB_ACTIVE,TP_DYNAMIC,4793.9,4782.6,4793.9,4782.6,4785.2668,4789.5833999999995,4793.9,4800.883399999999,4789.5833999999995,4785.2668,4793.9,4793.9,True,True
2026-08-28T03:59:26.171861+00:00,deadd99e-a1aa-489a-9310-6e93e9fe3030,TP_UPDATED,4793.9,TP_DYNAMIC,TP_DYNAMIC,4793.9,4782.6,4793.9,4782.6,4785.2668,4789.5833999999995,4793.9,4800.883399999999,4789.5833999999995,4785.2668,4793.9,4793.9,True,True
2026-08-28T03:59:26.173885+00:00,deadd99e-a1aa-489a-9310-6e93e9fe3030,ENTRY_TOUCHED,4797.54,TP_DYNAMIC,ENTRY_TOUCHED,4793.9,4782.6,4793.9,4782.6,4785.2668,4789.5833999999995,4793.9,4800.883399999999,4789.5833999999995,4785.2668,4793.9,4793.9,True,True
2026-08-28T03:59:26.173885+00:00,deadd99e-a1aa-489a-9310-6e93e9fe3030,TP_LOCKED,4793.9,ENTRY_TOUCHED,TP_FROZEN,4793.9,4782.6,4793.9,4782.6,4785.2668,4789.5833999999995,4793.9,4800.883399999999,4789.5833999999995,4785.2668,4793.9,4793.9,True,True
2026-08-28T03:59:26.174420+00:00,deadd99e-a1aa-489a-9310-6e93e9fe3030,TP_HIT,4796.28,TP_FROZEN,COMPLETED,4793.9,4782.6,4793.9,4782.6,4785.2668,4789.5833999999995,4793.9,4800.883399999999,4789.5833999999995,4785.2668,4793.9,4793.9,True,True
2026-08-28T03:59:26.210561+00:00,e155258b-a58c-4dac-9aaa-7566e452cb0c,BOS_DETECTED,4800.46,NO_SETUP,BOS_DETECTED,4797.83,4784.88,4805.72,4784.88,4789.79824,4797.759120000001,4805.72,4818.599120000001,4797.759120000001,4789.79824,4805.72,4805.72,True,True
2026-08-28T03:59:26.210561+00:00,e155258b-a58c-4dac-9aaa-7566e452cb0c,POINT_2_FOUND,4784.88,BOS_DETECTED,POINT_2_IDENTIFIED,4797.83,4784.88,4805.72,4784.88,4789.79824,4797.759120000001,4805.72,4818.599120000001,4797.759120000001,4789.79824,4805.72,4805.72,True,True
2026-08-28T03:59:26.210561+00:00,e155258b-a58c-4dac-9aaa-7566e452cb0c,SETUP_CREATED,4797.83,POINT_2_IDENTIFIED,FIB_ACTIVE,4797.83,4784.88,4805.72,4784.88,4789.79824,4797.759120000001,4805.72,4818.599120000001,4797.759120000001,4789.79824,4805.72,4805.72,True,True
2026-08-28T03:59:26.210561+00:00,e155258b-a58c-4dac-9aaa-7566e452cb0c,NEW_VALID_HIGH,4797.83,FIB_ACTIVE,TP_DYNAMIC,4797.83,4784.88,4805.72,4784.88,4789.79824,4797.759120000001,4805.72,4818.599120000001,4797.759120000001,4789.79824,4805.72,4805.72,True,True
2026-08-28T03:59:26.210561+00:00,e155258b-a58c-4dac-9aaa-7566e452cb0c,TP_UPDATED,4797.83,TP_DYNAMIC,TP_DYNAMIC,4797.83,4784.88,4805.72,4784.88,4789.79824,4797.759120000001,4805.72,4818.599120000001,4797.759120000001,4789.79824,4805.72,4805.72,True,True
2026-08-28T03:59:26.210561+00:00,e155258b-a58c-4dac-9aaa-7566e452cb0c,NEW_VALID_HIGH,4805.72,TP_DYNAMIC,TP_DYNAMIC,4797.83,4784.88,4805.72,4784.88,4789.79824,4797.759120000001,4805.72,4818.599120000001,4797.759120000001,4789.79824,4805.72,4805.72,True,True
2026-08-28T03:59:26.210561+00:00,e155258b-a58c-4dac-9aaa-7566e452cb0c,TP_UPDATED,4805.72,TP_DYNAMIC,TP_DYNAMIC,4797.83,4784.88,4805.72,4784.88,4789.79824,4797.759120000001,4805.72,4818.599120000001,4797.759120000001,4789.79824,4805.72,4805.72,True,True
2026-08-28T03:59:26.210561+00:00,e155258b-a58c-4dac-9aaa-7566e452cb0c,ENTRY_TOUCHED,4794.91,TP_DYNAMIC,ENTRY_TOUCHED,4797.83,4784.88,4805.72,4784.88,4789.79824,4797.759120000001,4805.72,4818.599120000001,4797.759120000001,4789.79824,4805.72,4805.72,True,True
2026-08-28T03:59:26.210561+00:00,e155258b-a58c-4dac-9aaa-7566e452cb0c,TP_LOCKED,4805.72,ENTRY_TOUCHED,TP_FROZEN,4797.83,4784.88,4805.72,4784.88,4789.79824,4797.759120000001,4805.72,4818.599120000001,4797.759120000001,4789.79824,4805.72,4805.72,True,True
2026-08-28T03:59:26.210561+00:00,e155258b-a58c-4dac-9aaa-7566e452cb0c,SL_HIT,4788.78,TP_FROZEN,COMPLETED,4797.83,4784.88,4805.72,4784.88,4789.79824,4797.759120000001,4805.72,4818.599120000001,4797.759120000001,4789.79824,4805.72,4805.72,True,True
2026-08-28T03:59:26.229467+00:00,f29a2e35-c4ba-465d-868a-651276148f3d,BOS_DETECTED,4796.87,NO_SETUP,BOS_DETECTED,4794.17,4780.23,4794.17,4780.23,4783.51984,4788.84492,4794.17,4802.78492,4788.84492,4783.51984,4794.17,4794.17,True,True
2026-08-28T03:59:26.229467+00:00,f29a2e35-c4ba-465d-868a-651276148f3d,POINT_2_FOUND,4780.23,BOS_DETECTED,POINT_2_IDENTIFIED,4794.17,4780.23,4794.17,4780.23,4783.51984,4788.84492,4794.17,4802.78492,4788.84492,4783.51984,4794.17,4794.17,True,True
2026-08-28T03:59:26.229467+00:00,f29a2e35-c4ba-465d-868a-651276148f3d,SETUP_CREATED,4794.17,POINT_2_IDENTIFIED,FIB_ACTIVE,4794.17,4780.23,4794.17,4780.23,4783.51984,4788.84492,4794.17,4802.78492,4788.84492,4783.51984,4794.17,4794.17,True,True
2026-08-28T03:59:26.229467+00:00,f29a2e35-c4ba-465d-868a-651276148f3d,NEW_VALID_HIGH,4794.17,FIB_ACTIVE,TP_DYNAMIC,4794.17,4780.23,4794.17,4780.23,4783.51984,4788.84492,4794.17,4802.78492,4788.84492,4783.51984,4794.17,4794.17,True,True
2026-08-28T03:59:26.229467+00:00,f29a2e35-c4ba-465d-868a-651276148f3d,TP_UPDATED,4794.17,TP_DYNAMIC,TP_DYNAMIC,4794.17,4780.23,4794.17,4780.23,4783.51984,4788.84492,4794.17,4802.78492,4788.84492,4783.51984,4794.17,4794.17,True,True
2026-08-28T03:59:26.230462+00:00,f29a2e35-c4ba-465d-868a-651276148f3d,ENTRY_TOUCHED,4796.87,TP_DYNAMIC,ENTRY_TOUCHED,4794.17,4780.23,4794.17,4780.23,4783.51984,4788.84492,4794.17,4802.78492,4788.84492,4783.51984,4794.17,4794.17,True,True
2026-08-28T03:59:26.230462+00:00,f29a2e35-c4ba-465d-868a-651276148f3d,TP_LOCKED,4794.17,ENTRY_TOUCHED,TP_FROZEN,4794.17,4780.23,4794.17,4780.23,4783.51984,4788.84492,4794.17,4802.78492,4788.84492,4783.51984,4794.17,4794.17,True,True
2026-08-28T03:59:26.230462+00:00,f29a2e35-c4ba-465d-868a-651276148f3d,TP_HIT,4796.6,TP_FROZEN,COMPLETED,4794.17,4780.23,4794.17,4780.23,4783.51984,4788.84492,4794.17,4802.78492,4788.84492,4783.51984,4794.17,4794.17,True,True
2026-08-28T03:59:26.230462+00:00,728ef71e-4f68-40fd-beec-1debf392616d,BOS_DETECTED,4797.59,NO_SETUP,BOS_DETECTED,4794.17,4780.23,4800.78,4780.23,4785.0797999999995,4792.9299,4800.78,4813.4799,4792.9299,4785.0797999999995,4800.78,4800.78,True,True
2026-08-28T03:59:26.230462+00:00,728ef71e-4f68-40fd-beec-1debf392616d,POINT_2_FOUND,4780.23,BOS_DETECTED,POINT_2_IDENTIFIED,4794.17,4780.23,4800.78,4780.23,4785.0797999999995,4792.9299,4800.78,4813.4799,4792.9299,4785.0797999999995,4800.78,4800.78,True,True
2026-08-28T03:59:26.230462+00:00,728ef71e-4f68-40fd-beec-1debf392616d,SETUP_CREATED,4794.17,POINT_2_IDENTIFIED,FIB_ACTIVE,4794.17,4780.23,4800.78,4780.23,4785.0797999999995,4792.9299,4800.78,4813.4799,4792.9299,4785.0797999999995,4800.78,4800.78,True,True
2026-08-28T03:59:26.230462+00:00,728ef71e-4f68-40fd-beec-1debf392616d,NEW_VALID_HIGH,4794.17,FIB_ACTIVE,TP_DYNAMIC,4794.17,4780.23,4800.78,4780.23,4785.0797999999995,4792.9299,4800.78,4813.4799,4792.9299,4785.0797999999995,4800.78,4800.78,True,True
2026-08-28T03:59:26.230462+00:00,728ef71e-4f68-40fd-beec-1debf392616d,TP_UPDATED,4794.17,TP_DYNAMIC,TP_DYNAMIC,4794.17,4780.23,4800.78,4780.23,4785.0797999999995,4792.9299,4800.78,4813.4799,4792.9299,4785.0797999999995,4800.78,4800.78,True,True
2026-08-28T03:59:26.230462+00:00,728ef71e-4f68-40fd-beec-1debf392616d,NEW_VALID_HIGH,4800.78,TP_DYNAMIC,TP_DYNAMIC,4794.17,4780.23,4800.78,4780.23,4785.0797999999995,4792.9299,4800.78,4813.4799,4792.9299,4785.0797999999995,4800.78,4800.78,True,True
2026-08-28T03:59:26.230462+00:00,728ef71e-4f68-40fd-beec-1debf392616d,TP_UPDATED,4800.78,TP_DYNAMIC,TP_DYNAMIC,4794.17,4780.23,4800.78,4780.23,4785.0797999999995,4792.9299,4800.78,4813.4799,4792.9299,4785.0797999999995,4800.78,4800.78,True,True
2026-08-28T03:59:26.230462+00:00,728ef71e-4f68-40fd-beec-1debf392616d,ENTRY_TOUCHED,4792.09,TP_DYNAMIC,ENTRY_TOUCHED,4794.17,4780.23,4800.78,4780.23,4785.0797999999995,4792.9299,4800.78,4813.4799,4792.9299,4785.0797999999995,4800.78,4800.78,True,True
2026-08-28T03:59:26.230462+00:00,728ef71e-4f68-40fd-beec-1debf392616d,TP_LOCKED,4800.78,ENTRY_TOUCHED,TP_FROZEN,4794.17,4780.23,4800.78,4780.23,4785.0797999999995,4792.9299,4800.78,4813.4799,4792.9299,4785.0797999999995,4800.78,4800.78,True,True
2026-08-28T03:59:26.237105+00:00,728ef71e-4f68-40fd-beec-1debf392616d,SL_HIT,4786.49,TP_FROZEN,COMPLETED,4794.17,4780.23,4800.78,4780.23,4785.0797999999995,4792.9299,4800.78,4813.4799,4792.9299,4785.0797999999995,4800.78,4800.78,True,True
2026-08-28T03:59:26.240874+00:00,3524d66a-d93c-4ced-aad8-efbb17aaff0a,BOS_DETECTED,4804.0,NO_SETUP,BOS_DETECTED,4800.78,4781.0,4889.97,4781.0,4806.71692,4848.34346,4889.97,4957.31346,4848.34346,4806.71692,4889.97,4889.97,True,True
2026-08-28T03:59:26.247593+00:00,3524d66a-d93c-4ced-aad8-efbb17aaff0a,POINT_2_FOUND,4781.0,BOS_DETECTED,POINT_2_IDENTIFIED,4800.78,4781.0,4889.97,4781.0,4806.71692,4848.34346,4889.97,4957.31346,4848.34346,4806.71692,4889.97,4889.97,True,True
2026-08-28T03:59:26.247593+00:00,3524d66a-d93c-4ced-aad8-efbb17aaff0a,SETUP_CREATED,4800.78,POINT_2_IDENTIFIED,FIB_ACTIVE,4800.78,4781.0,4889.97,4781.0,4806.71692,4848.34346,4889.97,4957.31346,4848.34346,4806.71692,4889.97,4889.97,True,True
2026-08-28T03:59:26.247593+00:00,3524d66a-d93c-4ced-aad8-efbb17aaff0a,NEW_VALID_HIGH,4800.78,FIB_ACTIVE,TP_DYNAMIC,4800.78,4781.0,4889.97,4781.0,4806.71692,4848.34346,4889.97,4957.31346,4848.34346,4806.71692,4889.97,4889.97,True,True
2026-08-28T03:59:26.247593+00:00,3524d66a-d93c-4ced-aad8-efbb17aaff0a,TP_UPDATED,4800.78,TP_DYNAMIC,TP_DYNAMIC,4800.78,4781.0,4889.97,4781.0,4806.71692,4848.34346,4889.97,4957.31346,4848.34346,4806.71692,4889.97,4889.97,True,True
2026-08-28T03:59:26.252914+00:00,3524d66a-d93c-4ced-aad8-efbb17aaff0a,NEW_VALID_HIGH,4889.97,TP_DYNAMIC,TP_DYNAMIC,4800.78,4781.0,4889.97,4781.0,4806.71692,4848.34346,4889.97,4957.31346,4848.34346,4806.71692,4889.97,4889.97,True,True
2026-08-28T03:59:26.252914+00:00,3524d66a-d93c-4ced-aad8-efbb17aaff0a,TP_UPDATED,4889.97,TP_DYNAMIC,TP_DYNAMIC,4800.78,4781.0,4889.97,4781.0,4806.71692,4848.34346,4889.97,4957.31346,4848.34346,4806.71692,4889.97,4889.97,True,True
2026-08-28T03:59:26.280532+00:00,3524d66a-d93c-4ced-aad8-efbb17aaff0a,ENTRY_TOUCHED,4846.46,TP_DYNAMIC,ENTRY_TOUCHED,4800.78,4781.0,4889.97,4781.0,4806.71692,4848.34346,4889.97,4957.31346,4848.34346,4806.71692,4889.97,4889.97,True,True
2026-08-28T03:59:26.280532+00:00,3524d66a-d93c-4ced-aad8-efbb17aaff0a,TP_LOCKED,4889.97,ENTRY_TOUCHED,TP_FROZEN,4800.78,4781.0,4889.97,4781.0,4806.71692,4848.34346,4889.97,4957.31346,4848.34346,4806.71692,4889.97,4889.97,True,True
2026-08-28T03:59:26.460551+00:00,3524d66a-d93c-4ced-aad8-efbb17aaff0a,SL_HIT,4807.92,TP_FROZEN,COMPLETED,4800.78,4781.0,4889.97,4781.0,4806.71692,4848.34346,4889.97,4957.31346,4848.34346,4806.71692,4889.97,4889.97,True,True
2026-08-28T03:59:26.491147+00:00,f95b903b-d859-4088-acb0-f21bb7214dda,BOS_DETECTED,4802.53,NO_SETUP,BOS_DETECTED,4798.56,4744.78,4814.5,4744.78,4761.23392,4787.86696,4814.5,4857.5869600000005,4787.86696,4761.23392,4814.5,4814.5,True,True
2026-08-28T03:59:26.491147+00:00,f95b903b-d859-4088-acb0-f21bb7214dda,POINT_2_FOUND,4744.78,BOS_DETECTED,POINT_2_IDENTIFIED,4798.56,4744.78,4814.5,4744.78,4761.23392,4787.86696,4814.5,4857.5869600000005,4787.86696,4761.23392,4814.5,4814.5,True,True
2026-08-28T03:59:26.491147+00:00,f95b903b-d859-4088-acb0-f21bb7214dda,SETUP_CREATED,4798.56,POINT_2_IDENTIFIED,FIB_ACTIVE,4798.56,4744.78,4814.5,4744.78,4761.23392,4787.86696,4814.5,4857.5869600000005,4787.86696,4761.23392,4814.5,4814.5,True,True
2026-08-28T03:59:26.491147+00:00,f95b903b-d859-4088-acb0-f21bb7214dda,NEW_VALID_HIGH,4798.56,FIB_ACTIVE,TP_DYNAMIC,4798.56,4744.78,4814.5,4744.78,4761.23392,4787.86696,4814.5,4857.5869600000005,4787.86696,4761.23392,4814.5,4814.5,True,True
2026-08-28T03:59:26.491147+00:00,f95b903b-d859-4088-acb0-f21bb7214dda,TP_UPDATED,4798.56,TP_DYNAMIC,TP_DYNAMIC,4798.56,4744.78,4814.5,4744.78,4761.23392,4787.86696,4814.5,4857.5869600000005,4787.86696,4761.23392,4814.5,4814.5,True,True
2026-08-28T03:59:26.500640+00:00,f95b903b-d859-4088-acb0-f21bb7214dda,NEW_VALID_HIGH,4814.5,TP_DYNAMIC,TP_DYNAMIC,4798.56,4744.78,4814.5,4744.78,4761.23392,4787.86696,4814.5,4857.5869600000005,4787.86696,4761.23392,4814.5,4814.5,True,True
2026-08-28T03:59:26.502402+00:00,f95b903b-d859-4088-acb0-f21bb7214dda,TP_UPDATED,4814.5,TP_DYNAMIC,TP_DYNAMIC,4798.56,4744.78,4814.5,4744.78,4761.23392,4787.86696,4814.5,4857.5869600000005,4787.86696,4761.23392,4814.5,4814.5,True,True
2026-08-28T03:59:26.510427+00:00,f95b903b-d859-4088-acb0-f21bb7214dda,ENTRY_TOUCHED,4787.98,TP_DYNAMIC,ENTRY_TOUCHED,4798.56,4744.78,4814.5,4744.78,4761.23392,4787.86696,4814.5,4857.5869600000005,4787.86696,4761.23392,4814.5,4814.5,True,True
2026-08-28T03:59:26.510427+00:00,f95b903b-d859-4088-acb0-f21bb7214dda,TP_LOCKED,4814.5,ENTRY_TOUCHED,TP_FROZEN,4798.56,4744.78,4814.5,4744.78,4761.23392,4787.86696,4814.5,4857.5869600000005,4787.86696,4761.23392,4814.5,4814.5,True,True
2026-08-28T03:59:26.550473+00:00,f95b903b-d859-4088-acb0-f21bb7214dda,TP_HIT,4806.6,TP_FROZEN,COMPLETED,4798.56,4744.78,4814.5,4744.78,4761.23392,4787.86696,4814.5,4857.5869600000005,4787.86696,4761.23392,4814.5,4814.5,True,True
2026-08-28T03:59:26.550473+00:00,0b216bb3-fea1-476f-9496-238af1d32ee7,BOS_DETECTED,4824.28,NO_SETUP,BOS_DETECTED,4822.28,4788.0,4822.28,4788.0,4796.09008,4809.185039999999,4822.28,4843.465039999999,4809.185039999999,4796.09008,4822.28,4822.28,True,True
2026-08-28T03:59:26.550473+00:00,0b216bb3-fea1-476f-9496-238af1d32ee7,POINT_2_FOUND,4788.0,BOS_DETECTED,POINT_2_IDENTIFIED,4822.28,4788.0,4822.28,4788.0,4796.09008,4809.185039999999,4822.28,4843.465039999999,4809.185039999999,4796.09008,4822.28,4822.28,True,True
2026-08-28T03:59:26.550473+00:00,0b216bb3-fea1-476f-9496-238af1d32ee7,SETUP_CREATED,4822.28,POINT_2_IDENTIFIED,FIB_ACTIVE,4822.28,4788.0,4822.28,4788.0,4796.09008,4809.185039999999,4822.28,4843.465039999999,4809.185039999999,4796.09008,4822.28,4822.28,True,True
2026-08-28T03:59:26.550473+00:00,0b216bb3-fea1-476f-9496-238af1d32ee7,NEW_VALID_HIGH,4822.28,FIB_ACTIVE,TP_DYNAMIC,4822.28,4788.0,4822.28,4788.0,4796.09008,4809.185039999999,4822.28,4843.465039999999,4809.185039999999,4796.09008,4822.28,4822.28,True,True
2026-08-28T03:59:26.550473+00:00,0b216bb3-fea1-476f-9496-238af1d32ee7,TP_UPDATED,4822.28,TP_DYNAMIC,TP_DYNAMIC,4822.28,4788.0,4822.28,4788.0,4796.09008,4809.185039999999,4822.28,4843.465039999999,4809.185039999999,4796.09008,4822.28,4822.28,True,True
2026-08-28T03:59:26.559765+00:00,0b216bb3-fea1-476f-9496-238af1d32ee7,ENTRY_TOUCHED,4816.8,TP_DYNAMIC,ENTRY_TOUCHED,4822.28,4788.0,4822.28,4788.0,4796.09008,4809.185039999999,4822.28,4843.465039999999,4809.185039999999,4796.09008,4822.28,4822.28,True,True
2026-08-28T03:59:26.559765+00:00,0b216bb3-fea1-476f-9496-238af1d32ee7,TP_LOCKED,4822.28,ENTRY_TOUCHED,TP_FROZEN,4822.28,4788.0,4822.28,4788.0,4796.09008,4809.185039999999,4822.28,4843.465039999999,4809.185039999999,4796.09008,4822.28,4822.28,True,True
2026-08-28T03:59:26.560797+00:00,0b216bb3-fea1-476f-9496-238af1d32ee7,TP_HIT,4823.5,TP_FROZEN,COMPLETED,4822.28,4788.0,4822.28,4788.0,4796.09008,4809.185039999999,4822.28,4843.465039999999,4809.185039999999,4796.09008,4822.28,4822.28,True,True
2026-08-28T03:59:26.591711+00:00,875339d5-6b67-4673-934f-e336c62eae42,BOS_DETECTED,4825.18,NO_SETUP,BOS_DETECTED,4821.72,4811.28,4832.36,4811.28,4816.2548799999995,4824.30744,4832.36,4845.3874399999995,4824.30744,4816.2548799999995,4832.36,4832.36,True,True
2026-08-28T03:59:26.591711+00:00,875339d5-6b67-4673-934f-e336c62eae42,POINT_2_FOUND,4811.28,BOS_DETECTED,POINT_2_IDENTIFIED,4821.72,4811.28,4832.36,4811.28,4816.2548799999995,4824.30744,4832.36,4845.3874399999995,4824.30744,4816.2548799999995,4832.36,4832.36,True,True
2026-08-28T03:59:26.591711+00:00,875339d5-6b67-4673-934f-e336c62eae42,SETUP_CREATED,4821.72,POINT_2_IDENTIFIED,FIB_ACTIVE,4821.72,4811.28,4832.36,4811.28,4816.2548799999995,4824.30744,4832.36,4845.3874399999995,4824.30744,4816.2548799999995,4832.36,4832.36,True,True
2026-08-28T03:59:26.591711+00:00,875339d5-6b67-4673-934f-e336c62eae42,NEW_VALID_HIGH,4821.72,FIB_ACTIVE,TP_DYNAMIC,4821.72,4811.28,4832.36,4811.28,4816.2548799999995,4824.30744,4832.36,4845.3874399999995,4824.30744,4816.2548799999995,4832.36,4832.36,True,True
2026-08-28T03:59:26.591711+00:00,875339d5-6b67-4673-934f-e336c62eae42,TP_UPDATED,4821.72,TP_DYNAMIC,TP_DYNAMIC,4821.72,4811.28,4832.36,4811.28,4816.2548799999995,4824.30744,4832.36,4845.3874399999995,4824.30744,4816.2548799999995,4832.36,4832.36,True,True
2026-08-28T03:59:26.591711+00:00,875339d5-6b67-4673-934f-e336c62eae42,NEW_VALID_HIGH,4832.36,TP_DYNAMIC,TP_DYNAMIC,4821.72,4811.28,4832.36,4811.28,4816.2548799999995,4824.30744,4832.36,4845.3874399999995,4824.30744,4816.2548799999995,4832.36,4832.36,True,True
2026-08-28T03:59:26.591711+00:00,875339d5-6b67-4673-934f-e336c62eae42,TP_UPDATED,4832.36,TP_DYNAMIC,TP_DYNAMIC,4821.72,4811.28,4832.36,4811.28,4816.2548799999995,4824.30744,4832.36,4845.3874399999995,4824.30744,4816.2548799999995,4832.36,4832.36,True,True
2026-08-28T03:59:26.591711+00:00,875339d5-6b67-4673-934f-e336c62eae42,ENTRY_TOUCHED,4824.88,TP_DYNAMIC,ENTRY_TOUCHED,4821.72,4811.28,4832.36,4811.28,4816.2548799999995,4824.30744,4832.36,4845.3874399999995,4824.30744,4816.2548799999995,4832.36,4832.36,True,True
2026-08-28T03:59:26.591711+00:00,875339d5-6b67-4673-934f-e336c62eae42,TP_LOCKED,4832.36,ENTRY_TOUCHED,TP_FROZEN,4821.72,4811.28,4832.36,4811.28,4816.2548799999995,4824.30744,4832.36,4845.3874399999995,4824.30744,4816.2548799999995,4832.36,4832.36,True,True
2026-08-28T03:59:26.608050+00:00,875339d5-6b67-4673-934f-e336c62eae42,SL_HIT,4821.5,TP_FROZEN,COMPLETED,4821.72,4811.28,4832.36,4811.28,4816.2548799999995,4824.30744,4832.36,4845.3874399999995,4824.30744,4816.2548799999995,4832.36,4832.36,True,True
2026-08-28T03:59:26.650565+00:00,6666f28a-89a7-4abd-87fa-6dfcbaffe17f,BOS_DETECTED,4791.12,NO_SETUP,BOS_DETECTED,4790.73,4782.84,4790.73,4782.84,4784.70204,4787.71602,4790.73,4795.606019999999,4787.71602,4784.70204,4790.73,4790.73,True,True
2026-08-28T03:59:26.650565+00:00,6666f28a-89a7-4abd-87fa-6dfcbaffe17f,POINT_2_FOUND,4782.84,BOS_DETECTED,POINT_2_IDENTIFIED,4790.73,4782.84,4790.73,4782.84,4784.70204,4787.71602,4790.73,4795.606019999999,4787.71602,4784.70204,4790.73,4790.73,True,True
2026-08-28T03:59:26.650565+00:00,6666f28a-89a7-4abd-87fa-6dfcbaffe17f,SETUP_CREATED,4790.73,POINT_2_IDENTIFIED,FIB_ACTIVE,4790.73,4782.84,4790.73,4782.84,4784.70204,4787.71602,4790.73,4795.606019999999,4787.71602,4784.70204,4790.73,4790.73,True,True
2026-08-28T03:59:26.650565+00:00,6666f28a-89a7-4abd-87fa-6dfcbaffe17f,NEW_VALID_HIGH,4790.73,FIB_ACTIVE,TP_DYNAMIC,4790.73,4782.84,4790.73,4782.84,4784.70204,4787.71602,4790.73,4795.606019999999,4787.71602,4784.70204,4790.73,4790.73,True,True
2026-08-28T03:59:26.650565+00:00,6666f28a-89a7-4abd-87fa-6dfcbaffe17f,TP_UPDATED,4790.73,TP_DYNAMIC,TP_DYNAMIC,4790.73,4782.84,4790.73,4782.84,4784.70204,4787.71602,4790.73,4795.606019999999,4787.71602,4784.70204,4790.73,4790.73,True,True
2026-08-28T03:59:26.650565+00:00,6666f28a-89a7-4abd-87fa-6dfcbaffe17f,ENTRY_TOUCHED,4784.13,TP_DYNAMIC,ENTRY_TOUCHED,4790.73,4782.84,4790.73,4782.84,4784.70204,4787.71602,4790.73,4795.606019999999,4787.71602,4784.70204,4790.73,4790.73,True,True
2026-08-28T03:59:26.650565+00:00,6666f28a-89a7-4abd-87fa-6dfcbaffe17f,TP_LOCKED,4790.73,ENTRY_TOUCHED,TP_FROZEN,4790.73,4782.84,4790.73,4782.84,4784.70204,4787.71602,4790.73,4795.606019999999,4787.71602,4784.70204,4790.73,4790.73,True,True
2026-08-28T03:59:26.653255+00:00,6666f28a-89a7-4abd-87fa-6dfcbaffe17f,SL_HIT,4785.39,TP_FROZEN,COMPLETED,4790.73,4782.84,4790.73,4782.84,4784.70204,4787.71602,4790.73,4795.606019999999,4787.71602,4784.70204,4790.73,4790.73,True,True
2026-08-28T03:59:26.653255+00:00,3e2565b6-e5f5-4f47-9552-7f83d1ee16c1,BOS_DETECTED,4794.35,NO_SETUP,BOS_DETECTED,4790.73,4780.0,4790.73,4780.0,4782.532279999999,4786.6311399999995,4790.73,4797.361139999999,4786.6311399999995,4782.532279999999,4790.73,4790.73,True,True
2026-08-28T03:59:26.653255+00:00,3e2565b6-e5f5-4f47-9552-7f83d1ee16c1,POINT_2_FOUND,4780.0,BOS_DETECTED,POINT_2_IDENTIFIED,4790.73,4780.0,4790.73,4780.0,4782.532279999999,4786.6311399999995,4790.73,4797.361139999999,4786.6311399999995,4782.532279999999,4790.73,4790.73,True,True
2026-08-28T03:59:26.653255+00:00,3e2565b6-e5f5-4f47-9552-7f83d1ee16c1,SETUP_CREATED,4790.73,POINT_2_IDENTIFIED,FIB_ACTIVE,4790.73,4780.0,4790.73,4780.0,4782.532279999999,4786.6311399999995,4790.73,4797.361139999999,4786.6311399999995,4782.532279999999,4790.73,4790.73,True,True
2026-08-28T03:59:26.653255+00:00,3e2565b6-e5f5-4f47-9552-7f83d1ee16c1,NEW_VALID_HIGH,4790.73,FIB_ACTIVE,TP_DYNAMIC,4790.73,4780.0,4790.73,4780.0,4782.532279999999,4786.6311399999995,4790.73,4797.361139999999,4786.6311399999995,4782.532279999999,4790.73,4790.73,True,True
2026-08-28T03:59:26.653255+00:00,3e2565b6-e5f5-4f47-9552-7f83d1ee16c1,TP_UPDATED,4790.73,TP_DYNAMIC,TP_DYNAMIC,4790.73,4780.0,4790.73,4780.0,4782.532279999999,4786.6311399999995,4790.73,4797.361139999999,4786.6311399999995,4782.532279999999,4790.73,4790.73,True,True
2026-08-28T03:59:26.653255+00:00,3e2565b6-e5f5-4f47-9552-7f83d1ee16c1,ENTRY_TOUCHED,4794.35,TP_DYNAMIC,ENTRY_TOUCHED,4790.73,4780.0,4790.73,4780.0,4782.532279999999,4786.6311399999995,4790.73,4797.361139999999,4786.6311399999995,4782.532279999999,4790.73,4790.73,True,True
2026-08-28T03:59:26.653255+00:00,3e2565b6-e5f5-4f47-9552-7f83d1ee16c1,TP_LOCKED,4790.73,ENTRY_TOUCHED,TP_FROZEN,4790.73,4780.0,4790.73,4780.0,4782.532279999999,4786.6311399999995,4790.73,4797.361139999999,4786.6311399999995,4782.532279999999,4790.73,4790.73,True,True
2026-08-28T03:59:26.653255+00:00,3e2565b6-e5f5-4f47-9552-7f83d1ee16c1,TP_HIT,4795.52,TP_FROZEN,COMPLETED,4790.73,4780.0,4790.73,4780.0,4782.532279999999,4786.6311399999995,4790.73,4797.361139999999,4786.6311399999995,4782.532279999999,4790.73,4790.73,True,True
2026-08-28T03:59:26.691255+00:00,5b43d39e-a29d-45d9-aeda-b72e9bf2d32a,BOS_DETECTED,4722.35,NO_SETUP,BOS_DETECTED,4717.44,4672.33,4773.59,4672.33,4696.22736,4734.9086800000005,4773.59,4836.168680000001,4734.9086800000005,4696.22736,4773.59,4773.59,True,True
2026-08-28T03:59:26.691255+00:00,5b43d39e-a29d-45d9-aeda-b72e9bf2d32a,POINT_2_FOUND,4672.33,BOS_DETECTED,POINT_2_IDENTIFIED,4717.44,4672.33,4773.59,4672.33,4696.22736,4734.9086800000005,4773.59,4836.168680000001,4734.9086800000005,4696.22736,4773.59,4773.59,True,True
2026-08-28T03:59:26.691255+00:00,5b43d39e-a29d-45d9-aeda-b72e9bf2d32a,SETUP_CREATED,4717.44,POINT_2_IDENTIFIED,FIB_ACTIVE,4717.44,4672.33,4773.59,4672.33,4696.22736,4734.9086800000005,4773.59,4836.168680000001,4734.9086800000005,4696.22736,4773.59,4773.59,True,True
2026-08-28T03:59:26.691255+00:00,5b43d39e-a29d-45d9-aeda-b72e9bf2d32a,NEW_VALID_HIGH,4717.44,FIB_ACTIVE,TP_DYNAMIC,4717.44,4672.33,4773.59,4672.33,4696.22736,4734.9086800000005,4773.59,4836.168680000001,4734.9086800000005,4696.22736,4773.59,4773.59,True,True
2026-08-28T03:59:26.691255+00:00,5b43d39e-a29d-45d9-aeda-b72e9bf2d32a,TP_UPDATED,4717.44,TP_DYNAMIC,TP_DYNAMIC,4717.44,4672.33,4773.59,4672.33,4696.22736,4734.9086800000005,4773.59,4836.168680000001,4734.9086800000005,4696.22736,4773.59,4773.59,True,True
2026-08-28T03:59:26.701801+00:00,5b43d39e-a29d-45d9-aeda-b72e9bf2d32a,NEW_VALID_HIGH,4731.5,TP_DYNAMIC,TP_DYNAMIC,4717.44,4672.33,4773.59,4672.33,4696.22736,4734.9086800000005,4773.59,4836.168680000001,4734.9086800000005,4696.22736,4773.59,4773.59,True,True
2026-08-28T03:59:26.701801+00:00,5b43d39e-a29d-45d9-aeda-b72e9bf2d32a,TP_UPDATED,4731.5,TP_DYNAMIC,TP_DYNAMIC,4717.44,4672.33,4773.59,4672.33,4696.22736,4734.9086800000005,4773.59,4836.168680000001,4734.9086800000005,4696.22736,4773.59,4773.59,True,True
2026-08-28T03:59:26.710650+00:00,5b43d39e-a29d-45d9-aeda-b72e9bf2d32a,NEW_VALID_HIGH,4748.15,TP_DYNAMIC,TP_DYNAMIC,4717.44,4672.33,4773.59,4672.33,4696.22736,4734.9086800000005,4773.59,4836.168680000001,4734.9086800000005,4696.22736,4773.59,4773.59,True,True
2026-08-28T03:59:26.710650+00:00,5b43d39e-a29d-45d9-aeda-b72e9bf2d32a,TP_UPDATED,4748.15,TP_DYNAMIC,TP_DYNAMIC,4717.44,4672.33,4773.59,4672.33,4696.22736,4734.9086800000005,4773.59,4836.168680000001,4734.9086800000005,4696.22736,4773.59,4773.59,True,True
2026-08-28T03:59:26.724217+00:00,5b43d39e-a29d-45d9-aeda-b72e9bf2d32a,NEW_VALID_HIGH,4766.4,TP_DYNAMIC,TP_DYNAMIC,4717.44,4672.33,4773.59,4672.33,4696.22736,4734.9086800000005,4773.59,4836.168680000001,4734.9086800000005,4696.22736,4773.59,4773.59,True,True
2026-08-28T03:59:26.724217+00:00,5b43d39e-a29d-45d9-aeda-b72e9bf2d32a,TP_UPDATED,4766.4,TP_DYNAMIC,TP_DYNAMIC,4717.44,4672.33,4773.59,4672.33,4696.22736,4734.9086800000005,4773.59,4836.168680000001,4734.9086800000005,4696.22736,4773.59,4773.59,True,True
2026-08-28T03:59:26.736241+00:00,5b43d39e-a29d-45d9-aeda-b72e9bf2d32a,NEW_VALID_HIGH,4773.59,TP_DYNAMIC,TP_DYNAMIC,4717.44,4672.33,4773.59,4672.33,4696.22736,4734.9086800000005,4773.59,4836.168680000001,4734.9086800000005,4696.22736,4773.59,4773.59,True,True
2026-08-28T03:59:26.736241+00:00,5b43d39e-a29d-45d9-aeda-b72e9bf2d32a,TP_UPDATED,4773.59,TP_DYNAMIC,TP_DYNAMIC,4717.44,4672.33,4773.59,4672.33,4696.22736,4734.9086800000005,4773.59,4836.168680000001,4734.9086800000005,4696.22736,4773.59,4773.59,True,True
2026-08-28T03:59:26.770551+00:00,5b43d39e-a29d-45d9-aeda-b72e9bf2d32a,ENTRY_TOUCHED,4735.02,TP_DYNAMIC,ENTRY_TOUCHED,4717.44,4672.33,4773.59,4672.33,4696.22736,4734.9086800000005,4773.59,4836.168680000001,4734.9086800000005,4696.22736,4773.59,4773.59,True,True
2026-08-28T03:59:26.770551+00:00,5b43d39e-a29d-45d9-aeda-b72e9bf2d32a,TP_LOCKED,4773.59,ENTRY_TOUCHED,TP_FROZEN,4717.44,4672.33,4773.59,4672.33,4696.22736,4734.9086800000005,4773.59,4836.168680000001,4734.9086800000005,4696.22736,4773.59,4773.59,True,True
2026-08-28T03:59:26.840751+00:00,5b43d39e-a29d-45d9-aeda-b72e9bf2d32a,SL_HIT,4704.56,TP_FROZEN,COMPLETED,4717.44,4672.33,4773.59,4672.33,4696.22736,4734.9086800000005,4773.59,4836.168680000001,4734.9086800000005,4696.22736,4773.59,4773.59,True,True
2026-08-28T03:59:26.869274+00:00,95fe1795-d8e2-455b-bb3d-618c852ef934,BOS_DETECTED,4731.05,NO_SETUP,BOS_DETECTED,4726.41,4686.5,4744.52,4686.5,4700.19272,4722.356360000001,4744.52,4780.376360000001,4722.356360000001,4700.19272,4744.52,4744.52,True,True
2026-08-28T03:59:26.869274+00:00,95fe1795-d8e2-455b-bb3d-618c852ef934,POINT_2_FOUND,4686.5,BOS_DETECTED,POINT_2_IDENTIFIED,4726.41,4686.5,4744.52,4686.5,4700.19272,4722.356360000001,4744.52,4780.376360000001,4722.356360000001,4700.19272,4744.52,4744.52,True,True
2026-08-28T03:59:26.869274+00:00,95fe1795-d8e2-455b-bb3d-618c852ef934,SETUP_CREATED,4726.41,POINT_2_IDENTIFIED,FIB_ACTIVE,4726.41,4686.5,4744.52,4686.5,4700.19272,4722.356360000001,4744.52,4780.376360000001,4722.356360000001,4700.19272,4744.52,4744.52,True,True
2026-08-28T03:59:26.869274+00:00,95fe1795-d8e2-455b-bb3d-618c852ef934,NEW_VALID_HIGH,4726.41,FIB_ACTIVE,TP_DYNAMIC,4726.41,4686.5,4744.52,4686.5,4700.19272,4722.356360000001,4744.52,4780.376360000001,4722.356360000001,4700.19272,4744.52,4744.52,True,True
2026-08-28T03:59:26.869274+00:00,95fe1795-d8e2-455b-bb3d-618c852ef934,TP_UPDATED,4726.41,TP_DYNAMIC,TP_DYNAMIC,4726.41,4686.5,4744.52,4686.5,4700.19272,4722.356360000001,4744.52,4780.376360000001,4722.356360000001,4700.19272,4744.52,4744.52,True,True
2026-08-28T03:59:26.875566+00:00,95fe1795-d8e2-455b-bb3d-618c852ef934,NEW_VALID_HIGH,4744.52,TP_DYNAMIC,TP_DYNAMIC,4726.41,4686.5,4744.52,4686.5,4700.19272,4722.356360000001,4744.52,4780.376360000001,4722.356360000001,4700.19272,4744.52,4744.52,True,True
2026-08-28T03:59:26.875566+00:00,95fe1795-d8e2-455b-bb3d-618c852ef934,TP_UPDATED,4744.52,TP_DYNAMIC,TP_DYNAMIC,4726.41,4686.5,4744.52,4686.5,4700.19272,4722.356360000001,4744.52,4780.376360000001,4722.356360000001,4700.19272,4744.52,4744.52,True,True
2026-08-28T03:59:26.877585+00:00,95fe1795-d8e2-455b-bb3d-618c852ef934,ENTRY_TOUCHED,4725.72,TP_DYNAMIC,ENTRY_TOUCHED,4726.41,4686.5,4744.52,4686.5,4700.19272,4722.356360000001,4744.52,4780.376360000001,4722.356360000001,4700.19272,4744.52,4744.52,True,True
2026-08-28T03:59:26.877585+00:00,95fe1795-d8e2-455b-bb3d-618c852ef934,TP_LOCKED,4744.52,ENTRY_TOUCHED,TP_FROZEN,4726.41,4686.5,4744.52,4686.5,4700.19272,4722.356360000001,4744.52,4780.376360000001,4722.356360000001,4700.19272,4744.52,4744.52,True,True
2026-08-28T03:59:26.883186+00:00,95fe1795-d8e2-455b-bb3d-618c852ef934,INVALIDATED,4681.32,TP_FROZEN,INVALIDATED,4726.41,4686.5,4744.52,4686.5,4700.19272,4722.356360000001,4744.52,4780.376360000001,4722.356360000001,4700.19272,4744.52,4744.52,True,True
2026-08-28T03:59:26.916697+00:00,2e9101bf-19b5-4c11-8ade-fbe49b1fd2e7,BOS_DETECTED,4711.02,NO_SETUP,BOS_DETECTED,4709.63,4690.01,4709.63,4690.01,4694.64032,4702.13516,4709.63,4721.75516,4702.13516,4694.64032,4709.63,4709.63,True,True
2026-08-28T03:59:26.916697+00:00,2e9101bf-19b5-4c11-8ade-fbe49b1fd2e7,POINT_2_FOUND,4690.01,BOS_DETECTED,POINT_2_IDENTIFIED,4709.63,4690.01,4709.63,4690.01,4694.64032,4702.13516,4709.63,4721.75516,4702.13516,4694.64032,4709.63,4709.63,True,True
2026-08-28T03:59:26.916697+00:00,2e9101bf-19b5-4c11-8ade-fbe49b1fd2e7,SETUP_CREATED,4709.63,POINT_2_IDENTIFIED,FIB_ACTIVE,4709.63,4690.01,4709.63,4690.01,4694.64032,4702.13516,4709.63,4721.75516,4702.13516,4694.64032,4709.63,4709.63,True,True
2026-08-28T03:59:26.916697+00:00,2e9101bf-19b5-4c11-8ade-fbe49b1fd2e7,NEW_VALID_HIGH,4709.63,FIB_ACTIVE,TP_DYNAMIC,4709.63,4690.01,4709.63,4690.01,4694.64032,4702.13516,4709.63,4721.75516,4702.13516,4694.64032,4709.63,4709.63,True,True
2026-08-28T03:59:26.916697+00:00,2e9101bf-19b5-4c11-8ade-fbe49b1fd2e7,TP_UPDATED,4709.63,TP_DYNAMIC,TP_DYNAMIC,4709.63,4690.01,4709.63,4690.01,4694.64032,4702.13516,4709.63,4721.75516,4702.13516,4694.64032,4709.63,4709.63,True,True
2026-08-28T03:59:26.916697+00:00,2e9101bf-19b5-4c11-8ade-fbe49b1fd2e7,ENTRY_TOUCHED,4711.02,TP_DYNAMIC,ENTRY_TOUCHED,4709.63,4690.01,4709.63,4690.01,4694.64032,4702.13516,4709.63,4721.75516,4702.13516,4694.64032,4709.63,4709.63,True,True
2026-08-28T03:59:26.916697+00:00,2e9101bf-19b5-4c11-8ade-fbe49b1fd2e7,TP_LOCKED,4709.63,ENTRY_TOUCHED,TP_FROZEN,4709.63,4690.01,4709.63,4690.01,4694.64032,4702.13516,4709.63,4721.75516,4702.13516,4694.64032,4709.63,4709.63,True,True
2026-08-28T03:59:26.916697+00:00,2e9101bf-19b5-4c11-8ade-fbe49b1fd2e7,TP_HIT,4700.88,TP_FROZEN,COMPLETED,4709.63,4690.01,4709.63,4690.01,4694.64032,4702.13516,4709.63,4721.75516,4702.13516,4694.64032,4709.63,4709.63,True,True
2026-08-28T03:59:26.940758+00:00,7193f39c-82b3-479f-ac0c-271d21acb022,BOS_DETECTED,4696.27,NO_SETUP,BOS_DETECTED,4689.6,4661.01,4698.81,4661.01,4669.9308,4684.370400000001,4698.81,4722.170400000001,4684.370400000001,4669.9308,4698.81,4698.81,True,True
2026-08-28T03:59:26.940758+00:00,7193f39c-82b3-479f-ac0c-271d21acb022,POINT_2_FOUND,4661.01,BOS_DETECTED,POINT_2_IDENTIFIED,4689.6,4661.01,4698.81,4661.01,4669.9308,4684.370400000001,4698.81,4722.170400000001,4684.370400000001,4669.9308,4698.81,4698.81,True,True
2026-08-28T03:59:26.940758+00:00,7193f39c-82b3-479f-ac0c-271d21acb022,SETUP_CREATED,4689.6,POINT_2_IDENTIFIED,FIB_ACTIVE,4689.6,4661.01,4698.81,4661.01,4669.9308,4684.370400000001,4698.81,4722.170400000001,4684.370400000001,4669.9308,4698.81,4698.81,True,True
2026-08-28T03:59:26.940758+00:00,7193f39c-82b3-479f-ac0c-271d21acb022,NEW_VALID_HIGH,4689.6,FIB_ACTIVE,TP_DYNAMIC,4689.6,4661.01,4698.81,4661.01,4669.9308,4684.370400000001,4698.81,4722.170400000001,4684.370400000001,4669.9308,4698.81,4698.81,True,True
2026-08-28T03:59:26.940758+00:00,7193f39c-82b3-479f-ac0c-271d21acb022,TP_UPDATED,4689.6,TP_DYNAMIC,TP_DYNAMIC,4689.6,4661.01,4698.81,4661.01,4669.9308,4684.370400000001,4698.81,4722.170400000001,4684.370400000001,4669.9308,4698.81,4698.81,True,True
2026-08-28T03:59:26.944410+00:00,7193f39c-82b3-479f-ac0c-271d21acb022,NEW_VALID_HIGH,4698.81,TP_DYNAMIC,TP_DYNAMIC,4689.6,4661.01,4698.81,4661.01,4669.9308,4684.370400000001,4698.81,4722.170400000001,4684.370400000001,4669.9308,4698.81,4698.81,True,True
2026-08-28T03:59:26.944410+00:00,7193f39c-82b3-479f-ac0c-271d21acb022,TP_UPDATED,4698.81,TP_DYNAMIC,TP_DYNAMIC,4689.6,4661.01,4698.81,4661.01,4669.9308,4684.370400000001,4698.81,4722.170400000001,4684.370400000001,4669.9308,4698.81,4698.81,True,True
2026-08-28T03:59:26.948470+00:00,7193f39c-82b3-479f-ac0c-271d21acb022,ENTRY_TOUCHED,4687.89,TP_DYNAMIC,ENTRY_TOUCHED,4689.6,4661.01,4698.81,4661.01,4669.9308,4684.370400000001,4698.81,4722.170400000001,4684.370400000001,4669.9308,4698.81,4698.81,True,True
2026-08-28T03:59:26.948470+00:00,7193f39c-82b3-479f-ac0c-271d21acb022,TP_LOCKED,4698.81,ENTRY_TOUCHED,TP_FROZEN,4689.6,4661.01,4698.81,4661.01,4669.9308,4684.370400000001,4698.81,4722.170400000001,4684.370400000001,4669.9308,4698.81,4698.81,True,True
2026-08-28T03:59:26.952500+00:00,7193f39c-82b3-479f-ac0c-271d21acb022,TP_HIT,4699.39,TP_FROZEN,COMPLETED,4689.6,4661.01,4698.81,4661.01,4669.9308,4684.370400000001,4698.81,4722.170400000001,4684.370400000001,4669.9308,4698.81,4698.81,True,True
2026-08-28T03:59:26.960553+00:00,5e20aff2-4bca-4ee8-bd25-c5206ef88501,BOS_DETECTED,4733.28,NO_SETUP,BOS_DETECTED,4719.03,4678.0,4740.23,4678.0,4692.68628,4716.45814,4740.23,4778.688139999999,4716.45814,4692.68628,4740.23,4740.23,True,True
2026-08-28T03:59:26.960553+00:00,5e20aff2-4bca-4ee8-bd25-c5206ef88501,POINT_2_FOUND,4678.0,BOS_DETECTED,POINT_2_IDENTIFIED,4719.03,4678.0,4740.23,4678.0,4692.68628,4716.45814,4740.23,4778.688139999999,4716.45814,4692.68628,4740.23,4740.23,True,True
2026-08-28T03:59:26.960553+00:00,5e20aff2-4bca-4ee8-bd25-c5206ef88501,SETUP_CREATED,4719.03,POINT_2_IDENTIFIED,FIB_ACTIVE,4719.03,4678.0,4740.23,4678.0,4692.68628,4716.45814,4740.23,4778.688139999999,4716.45814,4692.68628,4740.23,4740.23,True,True
2026-08-28T03:59:26.960553+00:00,5e20aff2-4bca-4ee8-bd25-c5206ef88501,NEW_VALID_HIGH,4719.03,FIB_ACTIVE,TP_DYNAMIC,4719.03,4678.0,4740.23,4678.0,4692.68628,4716.45814,4740.23,4778.688139999999,4716.45814,4692.68628,4740.23,4740.23,True,True
2026-08-28T03:59:26.960553+00:00,5e20aff2-4bca-4ee8-bd25-c5206ef88501,TP_UPDATED,4719.03,TP_DYNAMIC,TP_DYNAMIC,4719.03,4678.0,4740.23,4678.0,4692.68628,4716.45814,4740.23,4778.688139999999,4716.45814,4692.68628,4740.23,4740.23,True,True
2026-08-28T03:59:26.960553+00:00,5e20aff2-4bca-4ee8-bd25-c5206ef88501,NEW_VALID_HIGH,4740.23,TP_DYNAMIC,TP_DYNAMIC,4719.03,4678.0,4740.23,4678.0,4692.68628,4716.45814,4740.23,4778.688139999999,4716.45814,4692.68628,4740.23,4740.23,True,True
2026-08-28T03:59:26.960553+00:00,5e20aff2-4bca-4ee8-bd25-c5206ef88501,TP_UPDATED,4740.23,TP_DYNAMIC,TP_DYNAMIC,4719.03,4678.0,4740.23,4678.0,4692.68628,4716.45814,4740.23,4778.688139999999,4716.45814,4692.68628,4740.23,4740.23,True,True
2026-08-28T03:59:26.980422+00:00,5e20aff2-4bca-4ee8-bd25-c5206ef88501,ENTRY_TOUCHED,4710.99,TP_DYNAMIC,ENTRY_TOUCHED,4719.03,4678.0,4740.23,4678.0,4692.68628,4716.45814,4740.23,4778.688139999999,4716.45814,4692.68628,4740.23,4740.23,True,True
2026-08-28T03:59:26.980422+00:00,5e20aff2-4bca-4ee8-bd25-c5206ef88501,TP_LOCKED,4740.23,ENTRY_TOUCHED,TP_FROZEN,4719.03,4678.0,4740.23,4678.0,4692.68628,4716.45814,4740.23,4778.688139999999,4716.45814,4692.68628,4740.23,4740.23,True,True
2026-08-28T03:59:27.127151+00:00,5e20aff2-4bca-4ee8-bd25-c5206ef88501,SL_HIT,4688.83,TP_FROZEN,COMPLETED,4719.03,4678.0,4740.23,4678.0,4692.68628,4716.45814,4740.23,4778.688139999999,4716.45814,4692.68628,4740.23,4740.23,True,True
2026-08-28T03:59:27.140467+00:00,d3691082-42c9-4b78-8372-d58f7455d574,BOS_DETECTED,4715.18,NO_SETUP,BOS_DETECTED,4711.35,4676.16,4731.55,4676.16,4689.23204,4710.39102,4731.55,4765.78102,4710.39102,4689.23204,4731.55,4731.55,True,True
2026-08-28T03:59:27.140467+00:00,d3691082-42c9-4b78-8372-d58f7455d574,POINT_2_FOUND,4676.16,BOS_DETECTED,POINT_2_IDENTIFIED,4711.35,4676.16,4731.55,4676.16,4689.23204,4710.39102,4731.55,4765.78102,4710.39102,4689.23204,4731.55,4731.55,True,True
2026-08-28T03:59:27.140467+00:00,d3691082-42c9-4b78-8372-d58f7455d574,SETUP_CREATED,4711.35,POINT_2_IDENTIFIED,FIB_ACTIVE,4711.35,4676.16,4731.55,4676.16,4689.23204,4710.39102,4731.55,4765.78102,4710.39102,4689.23204,4731.55,4731.55,True,True
2026-08-28T03:59:27.140467+00:00,d3691082-42c9-4b78-8372-d58f7455d574,NEW_VALID_HIGH,4711.35,FIB_ACTIVE,TP_DYNAMIC,4711.35,4676.16,4731.55,4676.16,4689.23204,4710.39102,4731.55,4765.78102,4710.39102,4689.23204,4731.55,4731.55,True,True
2026-08-28T03:59:27.140467+00:00,d3691082-42c9-4b78-8372-d58f7455d574,TP_UPDATED,4711.35,TP_DYNAMIC,TP_DYNAMIC,4711.35,4676.16,4731.55,4676.16,4689.23204,4710.39102,4731.55,4765.78102,4710.39102,4689.23204,4731.55,4731.55,True,True
2026-08-28T03:59:27.143733+00:00,d3691082-42c9-4b78-8372-d58f7455d574,NEW_VALID_HIGH,4730.93,TP_DYNAMIC,TP_DYNAMIC,4711.35,4676.16,4731.55,4676.16,4689.23204,4710.39102,4731.55,4765.78102,4710.39102,4689.23204,4731.55,4731.55,True,True
2026-08-28T03:59:27.143733+00:00,d3691082-42c9-4b78-8372-d58f7455d574,TP_UPDATED,4730.93,TP_DYNAMIC,TP_DYNAMIC,4711.35,4676.16,4731.55,4676.16,4689.23204,4710.39102,4731.55,4765.78102,4710.39102,4689.23204,4731.55,4731.55,True,True
2026-08-28T03:59:27.148854+00:00,d3691082-42c9-4b78-8372-d58f7455d574,NEW_VALID_HIGH,4731.55,TP_DYNAMIC,TP_DYNAMIC,4711.35,4676.16,4731.55,4676.16,4689.23204,4710.39102,4731.55,4765.78102,4710.39102,4689.23204,4731.55,4731.55,True,True
2026-08-28T03:59:27.148854+00:00,d3691082-42c9-4b78-8372-d58f7455d574,TP_UPDATED,4731.55,TP_DYNAMIC,TP_DYNAMIC,4711.35,4676.16,4731.55,4676.16,4689.23204,4710.39102,4731.55,4765.78102,4710.39102,4689.23204,4731.55,4731.55,True,True
2026-08-28T03:59:27.157313+00:00,d3691082-42c9-4b78-8372-d58f7455d574,ENTRY_TOUCHED,4713.59,TP_DYNAMIC,ENTRY_TOUCHED,4711.35,4676.16,4731.55,4676.16,4689.23204,4710.39102,4731.55,4765.78102,4710.39102,4689.23204,4731.55,4731.55,True,True
2026-08-28T03:59:27.157313+00:00,d3691082-42c9-4b78-8372-d58f7455d574,TP_LOCKED,4731.55,ENTRY_TOUCHED,TP_FROZEN,4711.35,4676.16,4731.55,4676.16,4689.23204,4710.39102,4731.55,4765.78102,4710.39102,4689.23204,4731.55,4731.55,True,True
2026-08-28T03:59:27.173650+00:00,d3691082-42c9-4b78-8372-d58f7455d574,SL_HIT,4696.69,TP_FROZEN,COMPLETED,4711.35,4676.16,4731.55,4676.16,4689.23204,4710.39102,4731.55,4765.78102,4710.39102,4689.23204,4731.55,4731.55,True,True
2026-08-28T03:59:27.193067+00:00,3fde93d1-99bc-42ef-872d-d587016fa45d,BOS_DETECTED,4691.83,NO_SETUP,BOS_DETECTED,4688.94,4671.89,4703.12,4671.89,4679.26028,4691.19014,4703.12,4722.420139999999,4691.19014,4679.26028,4703.12,4703.12,True,True
2026-08-28T03:59:27.193067+00:00,3fde93d1-99bc-42ef-872d-d587016fa45d,POINT_2_FOUND,4671.89,BOS_DETECTED,POINT_2_IDENTIFIED,4688.94,4671.89,4703.12,4671.89,4679.26028,4691.19014,4703.12,4722.420139999999,4691.19014,4679.26028,4703.12,4703.12,True,True
2026-08-28T03:59:27.193067+00:00,3fde93d1-99bc-42ef-872d-d587016fa45d,SETUP_CREATED,4688.94,POINT_2_IDENTIFIED,FIB_ACTIVE,4688.94,4671.89,4703.12,4671.89,4679.26028,4691.19014,4703.12,4722.420139999999,4691.19014,4679.26028,4703.12,4703.12,True,True
2026-08-28T03:59:27.193067+00:00,3fde93d1-99bc-42ef-872d-d587016fa45d,NEW_VALID_HIGH,4688.94,FIB_ACTIVE,TP_DYNAMIC,4688.94,4671.89,4703.12,4671.89,4679.26028,4691.19014,4703.12,4722.420139999999,4691.19014,4679.26028,4703.12,4703.12,True,True
2026-08-28T03:59:27.193067+00:00,3fde93d1-99bc-42ef-872d-d587016fa45d,TP_UPDATED,4688.94,TP_DYNAMIC,TP_DYNAMIC,4688.94,4671.89,4703.12,4671.89,4679.26028,4691.19014,4703.12,4722.420139999999,4691.19014,4679.26028,4703.12,4703.12,True,True
2026-08-28T03:59:27.193067+00:00,3fde93d1-99bc-42ef-872d-d587016fa45d,NEW_VALID_HIGH,4692.93,TP_DYNAMIC,TP_DYNAMIC,4688.94,4671.89,4703.12,4671.89,4679.26028,4691.19014,4703.12,4722.420139999999,4691.19014,4679.26028,4703.12,4703.12,True,True
2026-08-28T03:59:27.193067+00:00,3fde93d1-99bc-42ef-872d-d587016fa45d,TP_UPDATED,4692.93,TP_DYNAMIC,TP_DYNAMIC,4688.94,4671.89,4703.12,4671.89,4679.26028,4691.19014,4703.12,4722.420139999999,4691.19014,4679.26028,4703.12,4703.12,True,True
2026-08-28T03:59:27.200601+00:00,3fde93d1-99bc-42ef-872d-d587016fa45d,NEW_VALID_HIGH,4703.12,TP_DYNAMIC,TP_DYNAMIC,4688.94,4671.89,4703.12,4671.89,4679.26028,4691.19014,4703.12,4722.420139999999,4691.19014,4679.26028,4703.12,4703.12,True,True
2026-08-28T03:59:27.200601+00:00,3fde93d1-99bc-42ef-872d-d587016fa45d,TP_UPDATED,4703.12,TP_DYNAMIC,TP_DYNAMIC,4688.94,4671.89,4703.12,4671.89,4679.26028,4691.19014,4703.12,4722.420139999999,4691.19014,4679.26028,4703.12,4703.12,True,True
2026-08-28T03:59:27.200601+00:00,3fde93d1-99bc-42ef-872d-d587016fa45d,ENTRY_TOUCHED,4689.96,TP_DYNAMIC,ENTRY_TOUCHED,4688.94,4671.89,4703.12,4671.89,4679.26028,4691.19014,4703.12,4722.420139999999,4691.19014,4679.26028,4703.12,4703.12,True,True
2026-08-28T03:59:27.200601+00:00,3fde93d1-99bc-42ef-872d-d587016fa45d,TP_LOCKED,4703.12,ENTRY_TOUCHED,TP_FROZEN,4688.94,4671.89,4703.12,4671.89,4679.26028,4691.19014,4703.12,4722.420139999999,4691.19014,4679.26028,4703.12,4703.12,True,True
2026-08-28T03:59:27.200601+00:00,3fde93d1-99bc-42ef-872d-d587016fa45d,SL_HIT,4673.48,TP_FROZEN,COMPLETED,4688.94,4671.89,4703.12,4671.89,4679.26028,4691.19014,4703.12,4722.420139999999,4691.19014,4679.26028,4703.12,4703.12,True,True
2026-08-28T03:59:27.260793+00:00,7d4e555e-e92d-465f-b3f7-bc81ed92238c,BOS_DETECTED,4603.21,NO_SETUP,BOS_DETECTED,4602.74,4561.8,4613.5,4561.8,4574.0012,4593.7506,4613.5,4645.4506,4593.7506,4574.0012,4613.5,4613.5,True,True
2026-08-28T03:59:27.260793+00:00,7d4e555e-e92d-465f-b3f7-bc81ed92238c,POINT_2_FOUND,4561.8,BOS_DETECTED,POINT_2_IDENTIFIED,4602.74,4561.8,4613.5,4561.8,4574.0012,4593.7506,4613.5,4645.4506,4593.7506,4574.0012,4613.5,4613.5,True,True
2026-08-28T03:59:27.260793+00:00,7d4e555e-e92d-465f-b3f7-bc81ed92238c,SETUP_CREATED,4602.74,POINT_2_IDENTIFIED,FIB_ACTIVE,4602.74,4561.8,4613.5,4561.8,4574.0012,4593.7506,4613.5,4645.4506,4593.7506,4574.0012,4613.5,4613.5,True,True
2026-08-28T03:59:27.260793+00:00,7d4e555e-e92d-465f-b3f7-bc81ed92238c,NEW_VALID_HIGH,4602.74,FIB_ACTIVE,TP_DYNAMIC,4602.74,4561.8,4613.5,4561.8,4574.0012,4593.7506,4613.5,4645.4506,4593.7506,4574.0012,4613.5,4613.5,True,True
2026-08-28T03:59:27.260793+00:00,7d4e555e-e92d-465f-b3f7-bc81ed92238c,TP_UPDATED,4602.74,TP_DYNAMIC,TP_DYNAMIC,4602.74,4561.8,4613.5,4561.8,4574.0012,4593.7506,4613.5,4645.4506,4593.7506,4574.0012,4613.5,4613.5,True,True
2026-08-28T03:59:27.260793+00:00,7d4e555e-e92d-465f-b3f7-bc81ed92238c,NEW_VALID_HIGH,4603.22,TP_DYNAMIC,TP_DYNAMIC,4602.74,4561.8,4613.5,4561.8,4574.0012,4593.7506,4613.5,4645.4506,4593.7506,4574.0012,4613.5,4613.5,True,True
2026-08-28T03:59:27.260793+00:00,7d4e555e-e92d-465f-b3f7-bc81ed92238c,TP_UPDATED,4603.22,TP_DYNAMIC,TP_DYNAMIC,4602.74,4561.8,4613.5,4561.8,4574.0012,4593.7506,4613.5,4645.4506,4593.7506,4574.0012,4613.5,4613.5,True,True
2026-08-28T03:59:27.265880+00:00,7d4e555e-e92d-465f-b3f7-bc81ed92238c,NEW_VALID_HIGH,4613.5,TP_DYNAMIC,TP_DYNAMIC,4602.74,4561.8,4613.5,4561.8,4574.0012,4593.7506,4613.5,4645.4506,4593.7506,4574.0012,4613.5,4613.5,True,True
2026-08-28T03:59:27.265880+00:00,7d4e555e-e92d-465f-b3f7-bc81ed92238c,TP_UPDATED,4613.5,TP_DYNAMIC,TP_DYNAMIC,4602.74,4561.8,4613.5,4561.8,4574.0012,4593.7506,4613.5,4645.4506,4593.7506,4574.0012,4613.5,4613.5,True,True
2026-08-28T03:59:27.265880+00:00,7d4e555e-e92d-465f-b3f7-bc81ed92238c,ENTRY_TOUCHED,4585.21,TP_DYNAMIC,ENTRY_TOUCHED,4602.74,4561.8,4613.5,4561.8,4574.0012,4593.7506,4613.5,4645.4506,4593.7506,4574.0012,4613.5,4613.5,True,True
2026-08-28T03:59:27.265880+00:00,7d4e555e-e92d-465f-b3f7-bc81ed92238c,TP_LOCKED,4613.5,ENTRY_TOUCHED,TP_FROZEN,4602.74,4561.8,4613.5,4561.8,4574.0012,4593.7506,4613.5,4645.4506,4593.7506,4574.0012,4613.5,4613.5,True,True
2026-08-28T03:59:27.282290+00:00,7d4e555e-e92d-465f-b3f7-bc81ed92238c,SL_HIT,4571.9,TP_FROZEN,COMPLETED,4602.74,4561.8,4613.5,4561.8,4574.0012,4593.7506,4613.5,4645.4506,4593.7506,4574.0012,4613.5,4613.5,True,True
2026-08-28T03:59:27.330601+00:00,dc8ab48f-9370-4a06-ab68-c3a7df0680bd,BOS_DETECTED,4554.38,NO_SETUP,BOS_DETECTED,4554.36,4523.2,4584.52,4523.2,4537.67152,4561.09576,4584.52,4622.415760000001,4561.09576,4537.67152,4584.52,4584.52,True,True
2026-08-28T03:59:27.330601+00:00,dc8ab48f-9370-4a06-ab68-c3a7df0680bd,POINT_2_FOUND,4523.2,BOS_DETECTED,POINT_2_IDENTIFIED,4554.36,4523.2,4584.52,4523.2,4537.67152,4561.09576,4584.52,4622.415760000001,4561.09576,4537.67152,4584.52,4584.52,True,True
2026-08-28T03:59:27.330601+00:00,dc8ab48f-9370-4a06-ab68-c3a7df0680bd,SETUP_CREATED,4554.36,POINT_2_IDENTIFIED,FIB_ACTIVE,4554.36,4523.2,4584.52,4523.2,4537.67152,4561.09576,4584.52,4622.415760000001,4561.09576,4537.67152,4584.52,4584.52,True,True
2026-08-28T03:59:27.330601+00:00,dc8ab48f-9370-4a06-ab68-c3a7df0680bd,NEW_VALID_HIGH,4554.36,FIB_ACTIVE,TP_DYNAMIC,4554.36,4523.2,4584.52,4523.2,4537.67152,4561.09576,4584.52,4622.415760000001,4561.09576,4537.67152,4584.52,4584.52,True,True
2026-08-28T03:59:27.330601+00:00,dc8ab48f-9370-4a06-ab68-c3a7df0680bd,TP_UPDATED,4554.36,TP_DYNAMIC,TP_DYNAMIC,4554.36,4523.2,4584.52,4523.2,4537.67152,4561.09576,4584.52,4622.415760000001,4561.09576,4537.67152,4584.52,4584.52,True,True
2026-08-28T03:59:27.342842+00:00,dc8ab48f-9370-4a06-ab68-c3a7df0680bd,NEW_VALID_HIGH,4584.52,TP_DYNAMIC,TP_DYNAMIC,4554.36,4523.2,4584.52,4523.2,4537.67152,4561.09576,4584.52,4622.415760000001,4561.09576,4537.67152,4584.52,4584.52,True,True
2026-08-28T03:59:27.342842+00:00,dc8ab48f-9370-4a06-ab68-c3a7df0680bd,TP_UPDATED,4584.52,TP_DYNAMIC,TP_DYNAMIC,4554.36,4523.2,4584.52,4523.2,4537.67152,4561.09576,4584.52,4622.415760000001,4561.09576,4537.67152,4584.52,4584.52,True,True
2026-08-28T03:59:27.342842+00:00,dc8ab48f-9370-4a06-ab68-c3a7df0680bd,ENTRY_TOUCHED,4564.6,TP_DYNAMIC,ENTRY_TOUCHED,4554.36,4523.2,4584.52,4523.2,4537.67152,4561.09576,4584.52,4622.415760000001,4561.09576,4537.67152,4584.52,4584.52,True,True
2026-08-28T03:59:27.342842+00:00,dc8ab48f-9370-4a06-ab68-c3a7df0680bd,TP_LOCKED,4584.52,ENTRY_TOUCHED,TP_FROZEN,4554.36,4523.2,4584.52,4523.2,4537.67152,4561.09576,4584.52,4622.415760000001,4561.09576,4537.67152,4584.52,4584.52,True,True
2026-08-28T03:59:27.350754+00:00,dc8ab48f-9370-4a06-ab68-c3a7df0680bd,TP_HIT,4591.51,TP_FROZEN,COMPLETED,4554.36,4523.2,4584.52,4523.2,4537.67152,4561.09576,4584.52,4622.415760000001,4561.09576,4537.67152,4584.52,4584.52,True,True
2026-08-28T03:59:27.360862+00:00,a01fc656-53e6-474c-9bdc-33af1b6daab1,BOS_DETECTED,4645.55,NO_SETUP,BOS_DETECTED,4630.97,4544.17,4648.62,4544.17,4568.8202,4608.7201,4648.62,4713.170099999999,4608.7201,4568.8202,4648.62,4648.62,True,True
2026-08-28T03:59:27.360862+00:00,a01fc656-53e6-474c-9bdc-33af1b6daab1,POINT_2_FOUND,4544.17,BOS_DETECTED,POINT_2_IDENTIFIED,4630.97,4544.17,4648.62,4544.17,4568.8202,4608.7201,4648.62,4713.170099999999,4608.7201,4568.8202,4648.62,4648.62,True,True
2026-08-28T03:59:27.360862+00:00,a01fc656-53e6-474c-9bdc-33af1b6daab1,SETUP_CREATED,4630.97,POINT_2_IDENTIFIED,FIB_ACTIVE,4630.97,4544.17,4648.62,4544.17,4568.8202,4608.7201,4648.62,4713.170099999999,4608.7201,4568.8202,4648.62,4648.62,True,True
2026-08-28T03:59:27.360862+00:00,a01fc656-53e6-474c-9bdc-33af1b6daab1,NEW_VALID_HIGH,4630.97,FIB_ACTIVE,TP_DYNAMIC,4630.97,4544.17,4648.62,4544.17,4568.8202,4608.7201,4648.62,4713.170099999999,4608.7201,4568.8202,4648.62,4648.62,True,True
2026-08-28T03:59:27.360862+00:00,a01fc656-53e6-474c-9bdc-33af1b6daab1,TP_UPDATED,4630.97,TP_DYNAMIC,TP_DYNAMIC,4630.97,4544.17,4648.62,4544.17,4568.8202,4608.7201,4648.62,4713.170099999999,4608.7201,4568.8202,4648.62,4648.62,True,True
2026-08-28T03:59:27.365425+00:00,a01fc656-53e6-474c-9bdc-33af1b6daab1,NEW_VALID_HIGH,4648.45,TP_DYNAMIC,TP_DYNAMIC,4630.97,4544.17,4648.62,4544.17,4568.8202,4608.7201,4648.62,4713.170099999999,4608.7201,4568.8202,4648.62,4648.62,True,True
2026-08-28T03:59:27.365425+00:00,a01fc656-53e6-474c-9bdc-33af1b6daab1,TP_UPDATED,4648.45,TP_DYNAMIC,TP_DYNAMIC,4630.97,4544.17,4648.62,4544.17,4568.8202,4608.7201,4648.62,4713.170099999999,4608.7201,4568.8202,4648.62,4648.62,True,True
2026-08-28T03:59:27.375828+00:00,a01fc656-53e6-474c-9bdc-33af1b6daab1,NEW_VALID_HIGH,4648.62,TP_DYNAMIC,TP_DYNAMIC,4630.97,4544.17,4648.62,4544.17,4568.8202,4608.7201,4648.62,4713.170099999999,4608.7201,4568.8202,4648.62,4648.62,True,True
2026-08-28T03:59:27.375828+00:00,a01fc656-53e6-474c-9bdc-33af1b6daab1,TP_UPDATED,4648.62,TP_DYNAMIC,TP_DYNAMIC,4630.97,4544.17,4648.62,4544.17,4568.8202,4608.7201,4648.62,4713.170099999999,4608.7201,4568.8202,4648.62,4648.62,True,True
2026-08-28T03:59:27.381934+00:00,a01fc656-53e6-474c-9bdc-33af1b6daab1,ENTRY_TOUCHED,4611.0,TP_DYNAMIC,ENTRY_TOUCHED,4630.97,4544.17,4648.62,4544.17,4568.8202,4608.7201,4648.62,4713.170099999999,4608.7201,4568.8202,4648.62,4648.62,True,True
2026-08-28T03:59:27.381934+00:00,a01fc656-53e6-474c-9bdc-33af1b6daab1,TP_LOCKED,4648.62,ENTRY_TOUCHED,TP_FROZEN,4630.97,4544.17,4648.62,4544.17,4568.8202,4608.7201,4648.62,4713.170099999999,4608.7201,4568.8202,4648.62,4648.62,True,True
2026-08-28T03:59:27.454322+00:00,a01fc656-53e6-474c-9bdc-33af1b6daab1,SL_HIT,4567.85,TP_FROZEN,COMPLETED,4630.97,4544.17,4648.62,4544.17,4568.8202,4608.7201,4648.62,4713.170099999999,4608.7201,4568.8202,4648.62,4648.62,True,True
2026-08-28T03:59:27.460605+00:00,6e50e9d9-e803-48e2-ac92-c0cb9d119455,BOS_DETECTED,4583.26,NO_SETUP,BOS_DETECTED,4581.68,4565.04,4611.34,4565.04,4575.9668,4593.6534,4611.34,4639.9534,4593.6534,4575.9668,4611.34,4611.34,True,True
2026-08-28T03:59:27.460605+00:00,6e50e9d9-e803-48e2-ac92-c0cb9d119455,POINT_2_FOUND,4565.04,BOS_DETECTED,POINT_2_IDENTIFIED,4581.68,4565.04,4611.34,4565.04,4575.9668,4593.6534,4611.34,4639.9534,4593.6534,4575.9668,4611.34,4611.34,True,True
2026-08-28T03:59:27.460605+00:00,6e50e9d9-e803-48e2-ac92-c0cb9d119455,SETUP_CREATED,4581.68,POINT_2_IDENTIFIED,FIB_ACTIVE,4581.68,4565.04,4611.34,4565.04,4575.9668,4593.6534,4611.34,4639.9534,4593.6534,4575.9668,4611.34,4611.34,True,True
2026-08-28T03:59:27.460605+00:00,6e50e9d9-e803-48e2-ac92-c0cb9d119455,NEW_VALID_HIGH,4581.68,FIB_ACTIVE,TP_DYNAMIC,4581.68,4565.04,4611.34,4565.04,4575.9668,4593.6534,4611.34,4639.9534,4593.6534,4575.9668,4611.34,4611.34,True,True
2026-08-28T03:59:27.460605+00:00,6e50e9d9-e803-48e2-ac92-c0cb9d119455,TP_UPDATED,4581.68,TP_DYNAMIC,TP_DYNAMIC,4581.68,4565.04,4611.34,4565.04,4575.9668,4593.6534,4611.34,4639.9534,4593.6534,4575.9668,4611.34,4611.34,True,True
2026-08-28T03:59:27.474292+00:00,6e50e9d9-e803-48e2-ac92-c0cb9d119455,NEW_VALID_HIGH,4611.34,TP_DYNAMIC,TP_DYNAMIC,4581.68,4565.04,4611.34,4565.04,4575.9668,4593.6534,4611.34,4639.9534,4593.6534,4575.9668,4611.34,4611.34,True,True
2026-08-28T03:59:27.474292+00:00,6e50e9d9-e803-48e2-ac92-c0cb9d119455,TP_UPDATED,4611.34,TP_DYNAMIC,TP_DYNAMIC,4581.68,4565.04,4611.34,4565.04,4575.9668,4593.6534,4611.34,4639.9534,4593.6534,4575.9668,4611.34,4611.34,True,True
2026-08-28T03:59:27.474292+00:00,6e50e9d9-e803-48e2-ac92-c0cb9d119455,ENTRY_TOUCHED,4594.19,TP_DYNAMIC,ENTRY_TOUCHED,4581.68,4565.04,4611.34,4565.04,4575.9668,4593.6534,4611.34,4639.9534,4593.6534,4575.9668,4611.34,4611.34,True,True
2026-08-28T03:59:27.474292+00:00,6e50e9d9-e803-48e2-ac92-c0cb9d119455,TP_LOCKED,4611.34,ENTRY_TOUCHED,TP_FROZEN,4581.68,4565.04,4611.34,4565.04,4575.9668,4593.6534,4611.34,4639.9534,4593.6534,4575.9668,4611.34,4611.34,True,True
2026-08-28T03:59:27.474292+00:00,6e50e9d9-e803-48e2-ac92-c0cb9d119455,TP_HIT,4611.01,TP_FROZEN,COMPLETED,4581.68,4565.04,4611.34,4565.04,4575.9668,4593.6534,4611.34,4639.9534,4593.6534,4575.9668,4611.34,4611.34,True,True
2026-08-28T03:59:27.480465+00:00,971d79ea-763c-4eed-9293-ac5df9ab9eb6,BOS_DETECTED,4629.8,NO_SETUP,BOS_DETECTED,4611.34,4568.3,4661.28,4568.3,4590.24328,4625.76164,4661.28,4718.741639999999,4625.76164,4590.24328,4661.28,4661.28,True,True
2026-08-28T03:59:27.480465+00:00,971d79ea-763c-4eed-9293-ac5df9ab9eb6,POINT_2_FOUND,4568.3,BOS_DETECTED,POINT_2_IDENTIFIED,4611.34,4568.3,4661.28,4568.3,4590.24328,4625.76164,4661.28,4718.741639999999,4625.76164,4590.24328,4661.28,4661.28,True,True
2026-08-28T03:59:27.480465+00:00,971d79ea-763c-4eed-9293-ac5df9ab9eb6,SETUP_CREATED,4611.34,POINT_2_IDENTIFIED,FIB_ACTIVE,4611.34,4568.3,4661.28,4568.3,4590.24328,4625.76164,4661.28,4718.741639999999,4625.76164,4590.24328,4661.28,4661.28,True,True
2026-08-28T03:59:27.480465+00:00,971d79ea-763c-4eed-9293-ac5df9ab9eb6,NEW_VALID_HIGH,4611.34,FIB_ACTIVE,TP_DYNAMIC,4611.34,4568.3,4661.28,4568.3,4590.24328,4625.76164,4661.28,4718.741639999999,4625.76164,4590.24328,4661.28,4661.28,True,True
2026-08-28T03:59:27.480465+00:00,971d79ea-763c-4eed-9293-ac5df9ab9eb6,TP_UPDATED,4611.34,TP_DYNAMIC,TP_DYNAMIC,4611.34,4568.3,4661.28,4568.3,4590.24328,4625.76164,4661.28,4718.741639999999,4625.76164,4590.24328,4661.28,4661.28,True,True
2026-08-28T03:59:27.484094+00:00,971d79ea-763c-4eed-9293-ac5df9ab9eb6,NEW_VALID_HIGH,4661.28,TP_DYNAMIC,TP_DYNAMIC,4611.34,4568.3,4661.28,4568.3,4590.24328,4625.76164,4661.28,4718.741639999999,4625.76164,4590.24328,4661.28,4661.28,True,True
2026-08-28T03:59:27.484094+00:00,971d79ea-763c-4eed-9293-ac5df9ab9eb6,TP_UPDATED,4661.28,TP_DYNAMIC,TP_DYNAMIC,4611.34,4568.3,4661.28,4568.3,4590.24328,4625.76164,4661.28,4718.741639999999,4625.76164,4590.24328,4661.28,4661.28,True,True
2026-08-28T03:59:27.484094+00:00,971d79ea-763c-4eed-9293-ac5df9ab9eb6,ENTRY_TOUCHED,4638.24,TP_DYNAMIC,ENTRY_TOUCHED,4611.34,4568.3,4661.28,4568.3,4590.24328,4625.76164,4661.28,4718.741639999999,4625.76164,4590.24328,4661.28,4661.28,True,True
2026-08-28T03:59:27.484094+00:00,971d79ea-763c-4eed-9293-ac5df9ab9eb6,TP_LOCKED,4661.28,ENTRY_TOUCHED,TP_FROZEN,4611.34,4568.3,4661.28,4568.3,4590.24328,4625.76164,4661.28,4718.741639999999,4625.76164,4590.24328,4661.28,4661.28,True,True
2026-08-28T03:59:27.732451+00:00,971d79ea-763c-4eed-9293-ac5df9ab9eb6,SL_HIT,4587.86,TP_FROZEN,COMPLETED,4611.34,4568.3,4661.28,4568.3,4590.24328,4625.76164,4661.28,4718.741639999999,4625.76164,4590.24328,4661.28,4661.28,True,True
2026-08-28T03:59:27.802768+00:00,efecb596-823c-417c-89d5-5a3fa2105f28,BOS_DETECTED,4530.62,NO_SETUP,BOS_DETECTED,4528.57,4515.54,4528.57,4515.54,4518.61508,4523.59254,4528.57,4536.622539999999,4523.59254,4518.61508,4528.57,4528.57,True,True
2026-08-28T03:59:27.802768+00:00,efecb596-823c-417c-89d5-5a3fa2105f28,POINT_2_FOUND,4515.54,BOS_DETECTED,POINT_2_IDENTIFIED,4528.57,4515.54,4528.57,4515.54,4518.61508,4523.59254,4528.57,4536.622539999999,4523.59254,4518.61508,4528.57,4528.57,True,True
2026-08-28T03:59:27.802768+00:00,efecb596-823c-417c-89d5-5a3fa2105f28,SETUP_CREATED,4528.57,POINT_2_IDENTIFIED,FIB_ACTIVE,4528.57,4515.54,4528.57,4515.54,4518.61508,4523.59254,4528.57,4536.622539999999,4523.59254,4518.61508,4528.57,4528.57,True,True
2026-08-28T03:59:27.802768+00:00,efecb596-823c-417c-89d5-5a3fa2105f28,NEW_VALID_HIGH,4528.57,FIB_ACTIVE,TP_DYNAMIC,4528.57,4515.54,4528.57,4515.54,4518.61508,4523.59254,4528.57,4536.622539999999,4523.59254,4518.61508,4528.57,4528.57,True,True
2026-08-28T03:59:27.802768+00:00,efecb596-823c-417c-89d5-5a3fa2105f28,TP_UPDATED,4528.57,TP_DYNAMIC,TP_DYNAMIC,4528.57,4515.54,4528.57,4515.54,4518.61508,4523.59254,4528.57,4536.622539999999,4523.59254,4518.61508,4528.57,4528.57,True,True
2026-08-28T03:59:27.802768+00:00,efecb596-823c-417c-89d5-5a3fa2105f28,ENTRY_TOUCHED,4530.62,TP_DYNAMIC,ENTRY_TOUCHED,4528.57,4515.54,4528.57,4515.54,4518.61508,4523.59254,4528.57,4536.622539999999,4523.59254,4518.61508,4528.57,4528.57,True,True
2026-08-28T03:59:27.802768+00:00,efecb596-823c-417c-89d5-5a3fa2105f28,TP_LOCKED,4528.57,ENTRY_TOUCHED,TP_FROZEN,4528.57,4515.54,4528.57,4515.54,4518.61508,4523.59254,4528.57,4536.622539999999,4523.59254,4518.61508,4528.57,4528.57,True,True
2026-08-28T03:59:27.802768+00:00,efecb596-823c-417c-89d5-5a3fa2105f28,SL_HIT,4519.35,TP_FROZEN,COMPLETED,4528.57,4515.54,4528.57,4515.54,4518.61508,4523.59254,4528.57,4536.622539999999,4523.59254,4518.61508,4528.57,4528.57,True,True
2026-08-28T03:59:27.802768+00:00,8744f9db-846e-4640-92b3-ee0ccd23b8ae,BOS_DETECTED,4532.94,NO_SETUP,BOS_DETECTED,4528.57,4515.54,4548.77,4515.54,4523.38228,4536.07614,4548.77,4569.306140000001,4536.07614,4523.38228,4548.77,4548.77,True,True
2026-08-28T03:59:27.802768+00:00,8744f9db-846e-4640-92b3-ee0ccd23b8ae,POINT_2_FOUND,4515.54,BOS_DETECTED,POINT_2_IDENTIFIED,4528.57,4515.54,4548.77,4515.54,4523.38228,4536.07614,4548.77,4569.306140000001,4536.07614,4523.38228,4548.77,4548.77,True,True
2026-08-28T03:59:27.802768+00:00,8744f9db-846e-4640-92b3-ee0ccd23b8ae,SETUP_CREATED,4528.57,POINT_2_IDENTIFIED,FIB_ACTIVE,4528.57,4515.54,4548.77,4515.54,4523.38228,4536.07614,4548.77,4569.306140000001,4536.07614,4523.38228,4548.77,4548.77,True,True
2026-08-28T03:59:27.802768+00:00,8744f9db-846e-4640-92b3-ee0ccd23b8ae,NEW_VALID_HIGH,4528.57,FIB_ACTIVE,TP_DYNAMIC,4528.57,4515.54,4548.77,4515.54,4523.38228,4536.07614,4548.77,4569.306140000001,4536.07614,4523.38228,4548.77,4548.77,True,True
2026-08-28T03:59:27.802768+00:00,8744f9db-846e-4640-92b3-ee0ccd23b8ae,TP_UPDATED,4528.57,TP_DYNAMIC,TP_DYNAMIC,4528.57,4515.54,4548.77,4515.54,4523.38228,4536.07614,4548.77,4569.306140000001,4536.07614,4523.38228,4548.77,4548.77,True,True
2026-08-28T03:59:27.816935+00:00,8744f9db-846e-4640-92b3-ee0ccd23b8ae,NEW_VALID_HIGH,4548.77,TP_DYNAMIC,TP_DYNAMIC,4528.57,4515.54,4548.77,4515.54,4523.38228,4536.07614,4548.77,4569.306140000001,4536.07614,4523.38228,4548.77,4548.77,True,True
2026-08-28T03:59:27.816935+00:00,8744f9db-846e-4640-92b3-ee0ccd23b8ae,TP_UPDATED,4548.77,TP_DYNAMIC,TP_DYNAMIC,4528.57,4515.54,4548.77,4515.54,4523.38228,4536.07614,4548.77,4569.306140000001,4536.07614,4523.38228,4548.77,4548.77,True,True
2026-08-28T03:59:27.816935+00:00,8744f9db-846e-4640-92b3-ee0ccd23b8ae,ENTRY_TOUCHED,4536.9,TP_DYNAMIC,ENTRY_TOUCHED,4528.57,4515.54,4548.77,4515.54,4523.38228,4536.07614,4548.77,4569.306140000001,4536.07614,4523.38228,4548.77,4548.77,True,True
2026-08-28T03:59:27.816935+00:00,8744f9db-846e-4640-92b3-ee0ccd23b8ae,TP_LOCKED,4548.77,ENTRY_TOUCHED,TP_FROZEN,4528.57,4515.54,4548.77,4515.54,4523.38228,4536.07614,4548.77,4569.306140000001,4536.07614,4523.38228,4548.77,4548.77,True,True
2026-08-28T03:59:27.822752+00:00,8744f9db-846e-4640-92b3-ee0ccd23b8ae,TP_HIT,4549.06,TP_FROZEN,COMPLETED,4528.57,4515.54,4548.77,4515.54,4523.38228,4536.07614,4548.77,4569.306140000001,4536.07614,4523.38228,4548.77,4548.77,True,True
2026-08-28T03:59:27.826768+00:00,abb0fcaf-b866-4f48-a8bc-9a89e56cb963,BOS_DETECTED,4555.96,NO_SETUP,BOS_DETECTED,4554.19,4530.4,4562.95,4530.4,4538.0818,4550.515899999999,4562.95,4583.0659,4550.515899999999,4538.0818,4562.95,4562.95,True,True
2026-08-28T03:59:27.826768+00:00,abb0fcaf-b866-4f48-a8bc-9a89e56cb963,POINT_2_FOUND,4530.4,BOS_DETECTED,POINT_2_IDENTIFIED,4554.19,4530.4,4562.95,4530.4,4538.0818,4550.515899999999,4562.95,4583.0659,4550.515899999999,4538.0818,4562.95,4562.95,True,True
2026-08-28T03:59:27.826768+00:00,abb0fcaf-b866-4f48-a8bc-9a89e56cb963,SETUP_CREATED,4554.19,POINT_2_IDENTIFIED,FIB_ACTIVE,4554.19,4530.4,4562.95,4530.4,4538.0818,4550.515899999999,4562.95,4583.0659,4550.515899999999,4538.0818,4562.95,4562.95,True,True
2026-08-28T03:59:27.826768+00:00,abb0fcaf-b866-4f48-a8bc-9a89e56cb963,NEW_VALID_HIGH,4554.19,FIB_ACTIVE,TP_DYNAMIC,4554.19,4530.4,4562.95,4530.4,4538.0818,4550.515899999999,4562.95,4583.0659,4550.515899999999,4538.0818,4562.95,4562.95,True,True
2026-08-28T03:59:27.826768+00:00,abb0fcaf-b866-4f48-a8bc-9a89e56cb963,TP_UPDATED,4554.19,TP_DYNAMIC,TP_DYNAMIC,4554.19,4530.4,4562.95,4530.4,4538.0818,4550.515899999999,4562.95,4583.0659,4550.515899999999,4538.0818,4562.95,4562.95,True,True
2026-08-28T03:59:27.830772+00:00,abb0fcaf-b866-4f48-a8bc-9a89e56cb963,NEW_VALID_HIGH,4561.39,TP_DYNAMIC,TP_DYNAMIC,4554.19,4530.4,4562.95,4530.4,4538.0818,4550.515899999999,4562.95,4583.0659,4550.515899999999,4538.0818,4562.95,4562.95,True,True
2026-08-28T03:59:27.830772+00:00,abb0fcaf-b866-4f48-a8bc-9a89e56cb963,TP_UPDATED,4561.39,TP_DYNAMIC,TP_DYNAMIC,4554.19,4530.4,4562.95,4530.4,4538.0818,4550.515899999999,4562.95,4583.0659,4550.515899999999,4538.0818,4562.95,4562.95,True,True
2026-08-28T03:59:27.834573+00:00,abb0fcaf-b866-4f48-a8bc-9a89e56cb963,NEW_VALID_HIGH,4562.95,TP_DYNAMIC,TP_DYNAMIC,4554.19,4530.4,4562.95,4530.4,4538.0818,4550.515899999999,4562.95,4583.0659,4550.515899999999,4538.0818,4562.95,4562.95,True,True
2026-08-28T03:59:27.834573+00:00,abb0fcaf-b866-4f48-a8bc-9a89e56cb963,TP_UPDATED,4562.95,TP_DYNAMIC,TP_DYNAMIC,4554.19,4530.4,4562.95,4530.4,4538.0818,4550.515899999999,4562.95,4583.0659,4550.515899999999,4538.0818,4562.95,4562.95,True,True
2026-08-28T03:59:27.836580+00:00,abb0fcaf-b866-4f48-a8bc-9a89e56cb963,ENTRY_TOUCHED,4550.45,TP_DYNAMIC,ENTRY_TOUCHED,4554.19,4530.4,4562.95,4530.4,4538.0818,4550.515899999999,4562.95,4583.0659,4550.515899999999,4538.0818,4562.95,4562.95,True,True
2026-08-28T03:59:27.836580+00:00,abb0fcaf-b866-4f48-a8bc-9a89e56cb963,TP_LOCKED,4562.95,ENTRY_TOUCHED,TP_FROZEN,4554.19,4530.4,4562.95,4530.4,4538.0818,4550.515899999999,4562.95,4583.0659,4550.515899999999,4538.0818,4562.95,4562.95,True,True
2026-08-28T03:59:27.841630+00:00,abb0fcaf-b866-4f48-a8bc-9a89e56cb963,TP_HIT,4565.59,TP_FROZEN,COMPLETED,4554.19,4530.4,4562.95,4530.4,4538.0818,4550.515899999999,4562.95,4583.0659,4550.515899999999,4538.0818,4562.95,4562.95,True,True
2026-08-28T03:59:27.880655+00:00,fc7336ff-e3ca-40d9-a509-bce2db3dea1a,BOS_DETECTED,4575.44,NO_SETUP,BOS_DETECTED,4568.0,4549.0,4568.0,4549.0,4553.484,4560.742,4568.0,4579.742,4560.742,4553.484,4568.0,4568.0,True,True
2026-08-28T03:59:27.880655+00:00,fc7336ff-e3ca-40d9-a509-bce2db3dea1a,POINT_2_FOUND,4549.0,BOS_DETECTED,POINT_2_IDENTIFIED,4568.0,4549.0,4568.0,4549.0,4553.484,4560.742,4568.0,4579.742,4560.742,4553.484,4568.0,4568.0,True,True
2026-08-28T03:59:27.880655+00:00,fc7336ff-e3ca-40d9-a509-bce2db3dea1a,SETUP_CREATED,4568.0,POINT_2_IDENTIFIED,FIB_ACTIVE,4568.0,4549.0,4568.0,4549.0,4553.484,4560.742,4568.0,4579.742,4560.742,4553.484,4568.0,4568.0,True,True
2026-08-28T03:59:27.880655+00:00,fc7336ff-e3ca-40d9-a509-bce2db3dea1a,NEW_VALID_HIGH,4568.0,FIB_ACTIVE,TP_DYNAMIC,4568.0,4549.0,4568.0,4549.0,4553.484,4560.742,4568.0,4579.742,4560.742,4553.484,4568.0,4568.0,True,True
2026-08-28T03:59:27.880655+00:00,fc7336ff-e3ca-40d9-a509-bce2db3dea1a,TP_UPDATED,4568.0,TP_DYNAMIC,TP_DYNAMIC,4568.0,4549.0,4568.0,4549.0,4553.484,4560.742,4568.0,4579.742,4560.742,4553.484,4568.0,4568.0,True,True
2026-08-28T03:59:27.880655+00:00,fc7336ff-e3ca-40d9-a509-bce2db3dea1a,ENTRY_TOUCHED,4575.44,TP_DYNAMIC,ENTRY_TOUCHED,4568.0,4549.0,4568.0,4549.0,4553.484,4560.742,4568.0,4579.742,4560.742,4553.484,4568.0,4568.0,True,True
2026-08-28T03:59:27.880655+00:00,fc7336ff-e3ca-40d9-a509-bce2db3dea1a,TP_LOCKED,4568.0,ENTRY_TOUCHED,TP_FROZEN,4568.0,4549.0,4568.0,4549.0,4553.484,4560.742,4568.0,4579.742,4560.742,4553.484,4568.0,4568.0,True,True
2026-08-28T03:59:27.880655+00:00,fc7336ff-e3ca-40d9-a509-bce2db3dea1a,TP_HIT,4591.83,TP_FROZEN,COMPLETED,4568.0,4549.0,4568.0,4549.0,4553.484,4560.742,4568.0,4579.742,4560.742,4553.484,4568.0,4568.0,True,True
2026-08-28T03:59:27.910646+00:00,12d85e4d-bc48-474b-a41f-18896b39284b,BOS_DETECTED,4682.31,NO_SETUP,BOS_DETECTED,4672.23,4645.25,4724.44,4645.25,4663.93884,4694.18942,4724.44,4773.379419999999,4694.18942,4663.93884,4724.44,4724.44,True,True
2026-08-28T03:59:27.910646+00:00,12d85e4d-bc48-474b-a41f-18896b39284b,POINT_2_FOUND,4645.25,BOS_DETECTED,POINT_2_IDENTIFIED,4672.23,4645.25,4724.44,4645.25,4663.93884,4694.18942,4724.44,4773.379419999999,4694.18942,4663.93884,4724.44,4724.44,True,True
2026-08-28T03:59:27.910646+00:00,12d85e4d-bc48-474b-a41f-18896b39284b,SETUP_CREATED,4672.23,POINT_2_IDENTIFIED,FIB_ACTIVE,4672.23,4645.25,4724.44,4645.25,4663.93884,4694.18942,4724.44,4773.379419999999,4694.18942,4663.93884,4724.44,4724.44,True,True
2026-08-28T03:59:27.910646+00:00,12d85e4d-bc48-474b-a41f-18896b39284b,NEW_VALID_HIGH,4672.23,FIB_ACTIVE,TP_DYNAMIC,4672.23,4645.25,4724.44,4645.25,4663.93884,4694.18942,4724.44,4773.379419999999,4694.18942,4663.93884,4724.44,4724.44,True,True
2026-08-28T03:59:27.910646+00:00,12d85e4d-bc48-474b-a41f-18896b39284b,TP_UPDATED,4672.23,TP_DYNAMIC,TP_DYNAMIC,4672.23,4645.25,4724.44,4645.25,4663.93884,4694.18942,4724.44,4773.379419999999,4694.18942,4663.93884,4724.44,4724.44,True,True
2026-08-28T03:59:27.917819+00:00,12d85e4d-bc48-474b-a41f-18896b39284b,NEW_VALID_HIGH,4710.6,TP_DYNAMIC,TP_DYNAMIC,4672.23,4645.25,4724.44,4645.25,4663.93884,4694.18942,4724.44,4773.379419999999,4694.18942,4663.93884,4724.44,4724.44,True,True
2026-08-28T03:59:27.917819+00:00,12d85e4d-bc48-474b-a41f-18896b39284b,TP_UPDATED,4710.6,TP_DYNAMIC,TP_DYNAMIC,4672.23,4645.25,4724.44,4645.25,4663.93884,4694.18942,4724.44,4773.379419999999,4694.18942,4663.93884,4724.44,4724.44,True,True
2026-08-28T03:59:27.928630+00:00,12d85e4d-bc48-474b-a41f-18896b39284b,NEW_VALID_HIGH,4724.44,TP_DYNAMIC,TP_DYNAMIC,4672.23,4645.25,4724.44,4645.25,4663.93884,4694.18942,4724.44,4773.379419999999,4694.18942,4663.93884,4724.44,4724.44,True,True
2026-08-28T03:59:27.928630+00:00,12d85e4d-bc48-474b-a41f-18896b39284b,TP_UPDATED,4724.44,TP_DYNAMIC,TP_DYNAMIC,4672.23,4645.25,4724.44,4645.25,4663.93884,4694.18942,4724.44,4773.379419999999,4694.18942,4663.93884,4724.44,4724.44,True,True
2026-08-28T03:59:27.928630+00:00,12d85e4d-bc48-474b-a41f-18896b39284b,ENTRY_TOUCHED,4692.72,TP_DYNAMIC,ENTRY_TOUCHED,4672.23,4645.25,4724.44,4645.25,4663.93884,4694.18942,4724.44,4773.379419999999,4694.18942,4663.93884,4724.44,4724.44,True,True
2026-08-28T03:59:27.928630+00:00,12d85e4d-bc48-474b-a41f-18896b39284b,TP_LOCKED,4724.44,ENTRY_TOUCHED,TP_FROZEN,4672.23,4645.25,4724.44,4645.25,4663.93884,4694.18942,4724.44,4773.379419999999,4694.18942,4663.93884,4724.44,4724.44,True,True
2026-08-28T03:59:27.930664+00:00,12d85e4d-bc48-474b-a41f-18896b39284b,SL_HIT,4684.31,TP_FROZEN,COMPLETED,4672.23,4645.25,4724.44,4645.25,4663.93884,4694.18942,4724.44,4773.379419999999,4694.18942,4663.93884,4724.44,4724.44,True,True
2026-08-28T03:59:27.974867+00:00,c98a647d-6217-4d31-a496-93b500206658,BOS_DETECTED,4711.16,NO_SETUP,BOS_DETECTED,4702.56,4686.5,4702.56,4686.5,4690.2901600000005,4696.42508,4702.56,4712.48508,4696.42508,4690.2901600000005,4702.56,4702.56,True,True
2026-08-28T03:59:27.974867+00:00,c98a647d-6217-4d31-a496-93b500206658,POINT_2_FOUND,4686.5,BOS_DETECTED,POINT_2_IDENTIFIED,4702.56,4686.5,4702.56,4686.5,4690.2901600000005,4696.42508,4702.56,4712.48508,4696.42508,4690.2901600000005,4702.56,4702.56,True,True
2026-08-28T03:59:27.974867+00:00,c98a647d-6217-4d31-a496-93b500206658,SETUP_CREATED,4702.56,POINT_2_IDENTIFIED,FIB_ACTIVE,4702.56,4686.5,4702.56,4686.5,4690.2901600000005,4696.42508,4702.56,4712.48508,4696.42508,4690.2901600000005,4702.56,4702.56,True,True
2026-08-28T03:59:27.974867+00:00,c98a647d-6217-4d31-a496-93b500206658,NEW_VALID_HIGH,4702.56,FIB_ACTIVE,TP_DYNAMIC,4702.56,4686.5,4702.56,4686.5,4690.2901600000005,4696.42508,4702.56,4712.48508,4696.42508,4690.2901600000005,4702.56,4702.56,True,True
2026-08-28T03:59:27.974867+00:00,c98a647d-6217-4d31-a496-93b500206658,TP_UPDATED,4702.56,TP_DYNAMIC,TP_DYNAMIC,4702.56,4686.5,4702.56,4686.5,4690.2901600000005,4696.42508,4702.56,4712.48508,4696.42508,4690.2901600000005,4702.56,4702.56,True,True
2026-08-28T03:59:27.974867+00:00,c98a647d-6217-4d31-a496-93b500206658,ENTRY_TOUCHED,4711.16,TP_DYNAMIC,ENTRY_TOUCHED,4702.56,4686.5,4702.56,4686.5,4690.2901600000005,4696.42508,4702.56,4712.48508,4696.42508,4690.2901600000005,4702.56,4702.56,True,True
2026-08-28T03:59:27.974867+00:00,c98a647d-6217-4d31-a496-93b500206658,TP_LOCKED,4702.56,ENTRY_TOUCHED,TP_FROZEN,4702.56,4686.5,4702.56,4686.5,4690.2901600000005,4696.42508,4702.56,4712.48508,4696.42508,4690.2901600000005,4702.56,4702.56,True,True
2026-08-28T03:59:27.974867+00:00,c98a647d-6217-4d31-a496-93b500206658,TP_HIT,4706.03,TP_FROZEN,COMPLETED,4702.56,4686.5,4702.56,4686.5,4690.2901600000005,4696.42508,4702.56,4712.48508,4696.42508,4690.2901600000005,4702.56,4702.56,True,True
2026-08-28T03:59:27.991491+00:00,311f2232-0bad-4680-af66-40aec5e04224,BOS_DETECTED,4746.47,NO_SETUP,BOS_DETECTED,4722.0,4686.5,4754.92,4686.5,4702.64712,4728.78356,4754.92,4797.20356,4728.78356,4702.64712,4754.92,4754.92,True,True
2026-08-28T03:59:27.991491+00:00,311f2232-0bad-4680-af66-40aec5e04224,POINT_2_FOUND,4686.5,BOS_DETECTED,POINT_2_IDENTIFIED,4722.0,4686.5,4754.92,4686.5,4702.64712,4728.78356,4754.92,4797.20356,4728.78356,4702.64712,4754.92,4754.92,True,True
2026-08-28T03:59:27.991491+00:00,311f2232-0bad-4680-af66-40aec5e04224,SETUP_CREATED,4722.0,POINT_2_IDENTIFIED,FIB_ACTIVE,4722.0,4686.5,4754.92,4686.5,4702.64712,4728.78356,4754.92,4797.20356,4728.78356,4702.64712,4754.92,4754.92,True,True
2026-08-28T03:59:27.991491+00:00,311f2232-0bad-4680-af66-40aec5e04224,NEW_VALID_HIGH,4722.0,FIB_ACTIVE,TP_DYNAMIC,4722.0,4686.5,4754.92,4686.5,4702.64712,4728.78356,4754.92,4797.20356,4728.78356,4702.64712,4754.92,4754.92,True,True
2026-08-28T03:59:27.991491+00:00,311f2232-0bad-4680-af66-40aec5e04224,TP_UPDATED,4722.0,TP_DYNAMIC,TP_DYNAMIC,4722.0,4686.5,4754.92,4686.5,4702.64712,4728.78356,4754.92,4797.20356,4728.78356,4702.64712,4754.92,4754.92,True,True
2026-08-28T03:59:28.007765+00:00,311f2232-0bad-4680-af66-40aec5e04224,NEW_VALID_HIGH,4754.92,TP_DYNAMIC,TP_DYNAMIC,4722.0,4686.5,4754.92,4686.5,4702.64712,4728.78356,4754.92,4797.20356,4728.78356,4702.64712,4754.92,4754.92,True,True
2026-08-28T03:59:28.007765+00:00,311f2232-0bad-4680-af66-40aec5e04224,TP_UPDATED,4754.92,TP_DYNAMIC,TP_DYNAMIC,4722.0,4686.5,4754.92,4686.5,4702.64712,4728.78356,4754.92,4797.20356,4728.78356,4702.64712,4754.92,4754.92,True,True
2026-08-28T03:59:28.010718+00:00,311f2232-0bad-4680-af66-40aec5e04224,ENTRY_TOUCHED,4735.45,TP_DYNAMIC,ENTRY_TOUCHED,4722.0,4686.5,4754.92,4686.5,4702.64712,4728.78356,4754.92,4797.20356,4728.78356,4702.64712,4754.92,4754.92,True,True
2026-08-28T03:59:28.010718+00:00,311f2232-0bad-4680-af66-40aec5e04224,TP_LOCKED,4754.92,ENTRY_TOUCHED,TP_FROZEN,4722.0,4686.5,4754.92,4686.5,4702.64712,4728.78356,4754.92,4797.20356,4728.78356,4702.64712,4754.92,4754.92,True,True
2026-08-28T03:59:28.024813+00:00,311f2232-0bad-4680-af66-40aec5e04224,TP_HIT,4749.48,TP_FROZEN,COMPLETED,4722.0,4686.5,4754.92,4686.5,4702.64712,4728.78356,4754.92,4797.20356,4728.78356,4702.64712,4754.92,4754.92,True,True
2026-08-28T03:59:28.060714+00:00,dc14d1b6-23a0-4b21-b676-77febd829e00,BOS_DETECTED,4706.24,NO_SETUP,BOS_DETECTED,4701.07,4680.8,4711.67,4680.8,4688.08532,4699.87766,4711.67,4730.74766,4699.87766,4688.08532,4711.67,4711.67,True,True
2026-08-28T03:59:28.060714+00:00,dc14d1b6-23a0-4b21-b676-77febd829e00,POINT_2_FOUND,4680.8,BOS_DETECTED,POINT_2_IDENTIFIED,4701.07,4680.8,4711.67,4680.8,4688.08532,4699.87766,4711.67,4730.74766,4699.87766,4688.08532,4711.67,4711.67,True,True
2026-08-28T03:59:28.060714+00:00,dc14d1b6-23a0-4b21-b676-77febd829e00,SETUP_CREATED,4701.07,POINT_2_IDENTIFIED,FIB_ACTIVE,4701.07,4680.8,4711.67,4680.8,4688.08532,4699.87766,4711.67,4730.74766,4699.87766,4688.08532,4711.67,4711.67,True,True
2026-08-28T03:59:28.060714+00:00,dc14d1b6-23a0-4b21-b676-77febd829e00,NEW_VALID_HIGH,4701.07,FIB_ACTIVE,TP_DYNAMIC,4701.07,4680.8,4711.67,4680.8,4688.08532,4699.87766,4711.67,4730.74766,4699.87766,4688.08532,4711.67,4711.67,True,True
2026-08-28T03:59:28.060714+00:00,dc14d1b6-23a0-4b21-b676-77febd829e00,TP_UPDATED,4701.07,TP_DYNAMIC,TP_DYNAMIC,4701.07,4680.8,4711.67,4680.8,4688.08532,4699.87766,4711.67,4730.74766,4699.87766,4688.08532,4711.67,4711.67,True,True
2026-08-28T03:59:28.066289+00:00,dc14d1b6-23a0-4b21-b676-77febd829e00,NEW_VALID_HIGH,4711.67,TP_DYNAMIC,TP_DYNAMIC,4701.07,4680.8,4711.67,4680.8,4688.08532,4699.87766,4711.67,4730.74766,4699.87766,4688.08532,4711.67,4711.67,True,True
2026-08-28T03:59:28.066289+00:00,dc14d1b6-23a0-4b21-b676-77febd829e00,TP_UPDATED,4711.67,TP_DYNAMIC,TP_DYNAMIC,4701.07,4680.8,4711.67,4680.8,4688.08532,4699.87766,4711.67,4730.74766,4699.87766,4688.08532,4711.67,4711.67,True,True
2026-08-28T03:59:28.066289+00:00,dc14d1b6-23a0-4b21-b676-77febd829e00,ENTRY_TOUCHED,4703.21,TP_DYNAMIC,ENTRY_TOUCHED,4701.07,4680.8,4711.67,4680.8,4688.08532,4699.87766,4711.67,4730.74766,4699.87766,4688.08532,4711.67,4711.67,True,True
2026-08-28T03:59:28.066289+00:00,dc14d1b6-23a0-4b21-b676-77febd829e00,TP_LOCKED,4711.67,ENTRY_TOUCHED,TP_FROZEN,4701.07,4680.8,4711.67,4680.8,4688.08532,4699.87766,4711.67,4730.74766,4699.87766,4688.08532,4711.67,4711.67,True,True
2026-08-28T03:59:28.066289+00:00,dc14d1b6-23a0-4b21-b676-77febd829e00,TP_HIT,4715.63,TP_FROZEN,COMPLETED,4701.07,4680.8,4711.67,4680.8,4688.08532,4699.87766,4711.67,4730.74766,4699.87766,4688.08532,4711.67,4711.67,True,True
2026-08-28T03:59:28.080742+00:00,0c4500b5-2e47-4c6b-9c56-6a9f5a7b12c9,BOS_DETECTED,4734.23,NO_SETUP,BOS_DETECTED,4732.23,4708.63,4732.23,4708.63,4714.1996,4723.2148,4732.23,4746.814799999999,4723.2148,4714.1996,4732.23,4732.23,True,True
2026-08-28T03:59:28.080742+00:00,0c4500b5-2e47-4c6b-9c56-6a9f5a7b12c9,POINT_2_FOUND,4708.63,BOS_DETECTED,POINT_2_IDENTIFIED,4732.23,4708.63,4732.23,4708.63,4714.1996,4723.2148,4732.23,4746.814799999999,4723.2148,4714.1996,4732.23,4732.23,True,True
2026-08-28T03:59:28.080742+00:00,0c4500b5-2e47-4c6b-9c56-6a9f5a7b12c9,SETUP_CREATED,4732.23,POINT_2_IDENTIFIED,FIB_ACTIVE,4732.23,4708.63,4732.23,4708.63,4714.1996,4723.2148,4732.23,4746.814799999999,4723.2148,4714.1996,4732.23,4732.23,True,True
2026-08-28T03:59:28.080742+00:00,0c4500b5-2e47-4c6b-9c56-6a9f5a7b12c9,NEW_VALID_HIGH,4732.23,FIB_ACTIVE,TP_DYNAMIC,4732.23,4708.63,4732.23,4708.63,4714.1996,4723.2148,4732.23,4746.814799999999,4723.2148,4714.1996,4732.23,4732.23,True,True
2026-08-28T03:59:28.080742+00:00,0c4500b5-2e47-4c6b-9c56-6a9f5a7b12c9,TP_UPDATED,4732.23,TP_DYNAMIC,TP_DYNAMIC,4732.23,4708.63,4732.23,4708.63,4714.1996,4723.2148,4732.23,4746.814799999999,4723.2148,4714.1996,4732.23,4732.23,True,True
2026-08-28T03:59:28.080742+00:00,0c4500b5-2e47-4c6b-9c56-6a9f5a7b12c9,ENTRY_TOUCHED,4734.23,TP_DYNAMIC,ENTRY_TOUCHED,4732.23,4708.63,4732.23,4708.63,4714.1996,4723.2148,4732.23,4746.814799999999,4723.2148,4714.1996,4732.23,4732.23,True,True
2026-08-28T03:59:28.080742+00:00,0c4500b5-2e47-4c6b-9c56-6a9f5a7b12c9,TP_LOCKED,4732.23,ENTRY_TOUCHED,TP_FROZEN,4732.23,4708.63,4732.23,4708.63,4714.1996,4723.2148,4732.23,4746.814799999999,4723.2148,4714.1996,4732.23,4732.23,True,True
2026-08-28T03:59:28.084961+00:00,0c4500b5-2e47-4c6b-9c56-6a9f5a7b12c9,TP_HIT,4730.04,TP_FROZEN,COMPLETED,4732.23,4708.63,4732.23,4708.63,4714.1996,4723.2148,4732.23,4746.814799999999,4723.2148,4714.1996,4732.23,4732.23,True,True
2026-08-28T03:59:28.093414+00:00,af64a959-4123-4607-bba3-79a7fa8d18f9,BOS_DETECTED,4725.69,NO_SETUP,BOS_DETECTED,4724.65,4700.0,4729.2,4700.0,4706.8912,4718.0455999999995,4729.2,4747.245599999999,4718.0455999999995,4706.8912,4729.2,4729.2,True,True
2026-08-28T03:59:28.093414+00:00,af64a959-4123-4607-bba3-79a7fa8d18f9,POINT_2_FOUND,4700.0,BOS_DETECTED,POINT_2_IDENTIFIED,4724.65,4700.0,4729.2,4700.0,4706.8912,4718.0455999999995,4729.2,4747.245599999999,4718.0455999999995,4706.8912,4729.2,4729.2,True,True
2026-08-28T03:59:28.093414+00:00,af64a959-4123-4607-bba3-79a7fa8d18f9,SETUP_CREATED,4724.65,POINT_2_IDENTIFIED,FIB_ACTIVE,4724.65,4700.0,4729.2,4700.0,4706.8912,4718.0455999999995,4729.2,4747.245599999999,4718.0455999999995,4706.8912,4729.2,4729.2,True,True
2026-08-28T03:59:28.093414+00:00,af64a959-4123-4607-bba3-79a7fa8d18f9,NEW_VALID_HIGH,4724.65,FIB_ACTIVE,TP_DYNAMIC,4724.65,4700.0,4729.2,4700.0,4706.8912,4718.0455999999995,4729.2,4747.245599999999,4718.0455999999995,4706.8912,4729.2,4729.2,True,True
2026-08-28T03:59:28.093414+00:00,af64a959-4123-4607-bba3-79a7fa8d18f9,TP_UPDATED,4724.65,TP_DYNAMIC,TP_DYNAMIC,4724.65,4700.0,4729.2,4700.0,4706.8912,4718.0455999999995,4729.2,4747.245599999999,4718.0455999999995,4706.8912,4729.2,4729.2,True,True
2026-08-28T03:59:28.093414+00:00,af64a959-4123-4607-bba3-79a7fa8d18f9,NEW_VALID_HIGH,4729.2,TP_DYNAMIC,TP_DYNAMIC,4724.65,4700.0,4729.2,4700.0,4706.8912,4718.0455999999995,4729.2,4747.245599999999,4718.0455999999995,4706.8912,4729.2,4729.2,True,True
2026-08-28T03:59:28.093414+00:00,af64a959-4123-4607-bba3-79a7fa8d18f9,TP_UPDATED,4729.2,TP_DYNAMIC,TP_DYNAMIC,4724.65,4700.0,4729.2,4700.0,4706.8912,4718.0455999999995,4729.2,4747.245599999999,4718.0455999999995,4706.8912,4729.2,4729.2,True,True
2026-08-28T03:59:28.100977+00:00,af64a959-4123-4607-bba3-79a7fa8d18f9,ENTRY_TOUCHED,4719.3,TP_DYNAMIC,ENTRY_TOUCHED,4724.65,4700.0,4729.2,4700.0,4706.8912,4718.0455999999995,4729.2,4747.245599999999,4718.0455999999995,4706.8912,4729.2,4729.2,True,True
2026-08-28T03:59:28.100977+00:00,af64a959-4123-4607-bba3-79a7fa8d18f9,TP_LOCKED,4729.2,ENTRY_TOUCHED,TP_FROZEN,4724.65,4700.0,4729.2,4700.0,4706.8912,4718.0455999999995,4729.2,4747.245599999999,4718.0455999999995,4706.8912,4729.2,4729.2,True,True
2026-08-28T03:59:28.100977+00:00,af64a959-4123-4607-bba3-79a7fa8d18f9,SL_HIT,4706.76,TP_FROZEN,COMPLETED,4724.65,4700.0,4729.2,4700.0,4706.8912,4718.0455999999995,4729.2,4747.245599999999,4718.0455999999995,4706.8912,4729.2,4729.2,True,True
2026-08-28T03:59:28.109003+00:00,ac1a83ce-8ff6-4d62-a1ab-4c6f42b5ede2,BOS_DETECTED,4739.06,NO_SETUP,BOS_DETECTED,4729.2,4705.2,4751.68,4705.2,4710.864,4720.032,4729.2,4744.032,4720.032,4710.864,4729.2,4729.2,True,True
2026-08-28T03:59:28.109003+00:00,ac1a83ce-8ff6-4d62-a1ab-4c6f42b5ede2,POINT_2_FOUND,4705.2,BOS_DETECTED,POINT_2_IDENTIFIED,4729.2,4705.2,4751.68,4705.2,4710.864,4720.032,4729.2,4744.032,4720.032,4710.864,4729.2,4729.2,True,True
2026-08-28T03:59:28.109003+00:00,ac1a83ce-8ff6-4d62-a1ab-4c6f42b5ede2,SETUP_CREATED,4729.2,POINT_2_IDENTIFIED,FIB_ACTIVE,4729.2,4705.2,4751.68,4705.2,4710.864,4720.032,4729.2,4744.032,4720.032,4710.864,4729.2,4729.2,True,True
2026-08-28T03:59:28.109003+00:00,ac1a83ce-8ff6-4d62-a1ab-4c6f42b5ede2,NEW_VALID_HIGH,4729.2,FIB_ACTIVE,TP_DYNAMIC,4729.2,4705.2,4751.68,4705.2,4710.864,4720.032,4729.2,4744.032,4720.032,4710.864,4729.2,4729.2,True,True
2026-08-28T03:59:28.109003+00:00,ac1a83ce-8ff6-4d62-a1ab-4c6f42b5ede2,TP_UPDATED,4729.2,TP_DYNAMIC,TP_DYNAMIC,4729.2,4705.2,4751.68,4705.2,4710.864,4720.032,4729.2,4744.032,4720.032,4710.864,4729.2,4729.2,True,True
2026-08-28T03:59:28.110531+00:00,ac1a83ce-8ff6-4d62-a1ab-4c6f42b5ede2,ENTRY_TOUCHED,4719.54,TP_DYNAMIC,ENTRY_TOUCHED,4729.2,4705.2,4751.68,4705.2,4710.864,4720.032,4729.2,4744.032,4720.032,4710.864,4729.2,4729.2,True,True
2026-08-28T03:59:28.110531+00:00,ac1a83ce-8ff6-4d62-a1ab-4c6f42b5ede2,TP_LOCKED,4729.2,ENTRY_TOUCHED,TP_FROZEN,4729.2,4705.2,4751.68,4705.2,4710.864,4720.032,4729.2,4744.032,4720.032,4710.864,4729.2,4729.2,True,True
2026-08-28T03:59:28.110531+00:00,ac1a83ce-8ff6-4d62-a1ab-4c6f42b5ede2,POST_ENTRY_HIGH_IGNORED,4751.68,TP_FROZEN,TP_FROZEN,4729.2,4705.2,4751.68,4705.2,4710.864,4720.032,4729.2,4744.032,4720.032,4710.864,4729.2,4729.2,True,True
2026-08-28T03:59:28.110531+00:00,ac1a83ce-8ff6-4d62-a1ab-4c6f42b5ede2,SL_HIT,4710.15,TP_FROZEN,COMPLETED,4729.2,4705.2,4751.68,4705.2,4710.864,4720.032,4729.2,4744.032,4720.032,4710.864,4729.2,4729.2,True,True
2026-08-28T03:59:28.142898+00:00,6882f01b-0690-4a4f-b491-9c1868eff93d,BOS_DETECTED,4722.9,NO_SETUP,BOS_DETECTED,4721.44,4714.61,4723.68,4714.61,4716.75052,4720.21526,4723.68,4729.285260000001,4720.21526,4716.75052,4723.68,4723.68,True,True
2026-08-28T03:59:28.142898+00:00,6882f01b-0690-4a4f-b491-9c1868eff93d,POINT_2_FOUND,4714.61,BOS_DETECTED,POINT_2_IDENTIFIED,4721.44,4714.61,4723.68,4714.61,4716.75052,4720.21526,4723.68,4729.285260000001,4720.21526,4716.75052,4723.68,4723.68,True,True
2026-08-28T03:59:28.142898+00:00,6882f01b-0690-4a4f-b491-9c1868eff93d,SETUP_CREATED,4721.44,POINT_2_IDENTIFIED,FIB_ACTIVE,4721.44,4714.61,4723.68,4714.61,4716.75052,4720.21526,4723.68,4729.285260000001,4720.21526,4716.75052,4723.68,4723.68,True,True
2026-08-28T03:59:28.142898+00:00,6882f01b-0690-4a4f-b491-9c1868eff93d,NEW_VALID_HIGH,4721.44,FIB_ACTIVE,TP_DYNAMIC,4721.44,4714.61,4723.68,4714.61,4716.75052,4720.21526,4723.68,4729.285260000001,4720.21526,4716.75052,4723.68,4723.68,True,True
2026-08-28T03:59:28.142898+00:00,6882f01b-0690-4a4f-b491-9c1868eff93d,TP_UPDATED,4721.44,TP_DYNAMIC,TP_DYNAMIC,4721.44,4714.61,4723.68,4714.61,4716.75052,4720.21526,4723.68,4729.285260000001,4720.21526,4716.75052,4723.68,4723.68,True,True
2026-08-28T03:59:28.142898+00:00,6882f01b-0690-4a4f-b491-9c1868eff93d,NEW_VALID_HIGH,4723.68,TP_DYNAMIC,TP_DYNAMIC,4721.44,4714.61,4723.68,4714.61,4716.75052,4720.21526,4723.68,4729.285260000001,4720.21526,4716.75052,4723.68,4723.68,True,True
2026-08-28T03:59:28.142898+00:00,6882f01b-0690-4a4f-b491-9c1868eff93d,TP_UPDATED,4723.68,TP_DYNAMIC,TP_DYNAMIC,4721.44,4714.61,4723.68,4714.61,4716.75052,4720.21526,4723.68,4729.285260000001,4720.21526,4716.75052,4723.68,4723.68,True,True
2026-08-28T03:59:28.142898+00:00,6882f01b-0690-4a4f-b491-9c1868eff93d,ENTRY_TOUCHED,4720.84,TP_DYNAMIC,ENTRY_TOUCHED,4721.44,4714.61,4723.68,4714.61,4716.75052,4720.21526,4723.68,4729.285260000001,4720.21526,4716.75052,4723.68,4723.68,True,True
2026-08-28T03:59:28.142898+00:00,6882f01b-0690-4a4f-b491-9c1868eff93d,TP_LOCKED,4723.68,ENTRY_TOUCHED,TP_FROZEN,4721.44,4714.61,4723.68,4714.61,4716.75052,4720.21526,4723.68,4729.285260000001,4720.21526,4716.75052,4723.68,4723.68,True,True
2026-08-28T03:59:28.142898+00:00,6882f01b-0690-4a4f-b491-9c1868eff93d,SL_HIT,4716.55,TP_FROZEN,COMPLETED,4721.44,4714.61,4723.68,4714.61,4716.75052,4720.21526,4723.68,4729.285260000001,4720.21526,4716.75052,4723.68,4723.68,True,True
2026-08-28T03:59:28.175897+00:00,0ffa35ab-c022-4796-a9a8-b83f51f43235,BOS_DETECTED,4717.86,NO_SETUP,BOS_DETECTED,4717.4,4716.0,4718.0,4716.0,4716.3304,4716.8652,4717.4,4718.2652,4716.8652,4716.3304,4717.4,4717.4,True,True
2026-08-28T03:59:28.175897+00:00,0ffa35ab-c022-4796-a9a8-b83f51f43235,POINT_2_FOUND,4716.0,BOS_DETECTED,POINT_2_IDENTIFIED,4717.4,4716.0,4718.0,4716.0,4716.3304,4716.8652,4717.4,4718.2652,4716.8652,4716.3304,4717.4,4717.4,True,True
2026-08-28T03:59:28.175897+00:00,0ffa35ab-c022-4796-a9a8-b83f51f43235,SETUP_CREATED,4717.4,POINT_2_IDENTIFIED,FIB_ACTIVE,4717.4,4716.0,4718.0,4716.0,4716.3304,4716.8652,4717.4,4718.2652,4716.8652,4716.3304,4717.4,4717.4,True,True
2026-08-28T03:59:28.175897+00:00,0ffa35ab-c022-4796-a9a8-b83f51f43235,NEW_VALID_HIGH,4717.4,FIB_ACTIVE,TP_DYNAMIC,4717.4,4716.0,4718.0,4716.0,4716.3304,4716.8652,4717.4,4718.2652,4716.8652,4716.3304,4717.4,4717.4,True,True
2026-08-28T03:59:28.175897+00:00,0ffa35ab-c022-4796-a9a8-b83f51f43235,TP_UPDATED,4717.4,TP_DYNAMIC,TP_DYNAMIC,4717.4,4716.0,4718.0,4716.0,4716.3304,4716.8652,4717.4,4718.2652,4716.8652,4716.3304,4717.4,4717.4,True,True
2026-08-28T03:59:28.175897+00:00,0ffa35ab-c022-4796-a9a8-b83f51f43235,ENTRY_TOUCHED,4716.72,TP_DYNAMIC,ENTRY_TOUCHED,4717.4,4716.0,4718.0,4716.0,4716.3304,4716.8652,4717.4,4718.2652,4716.8652,4716.3304,4717.4,4717.4,True,True
2026-08-28T03:59:28.175897+00:00,0ffa35ab-c022-4796-a9a8-b83f51f43235,TP_LOCKED,4717.4,ENTRY_TOUCHED,TP_FROZEN,4717.4,4716.0,4718.0,4716.0,4716.3304,4716.8652,4717.4,4718.2652,4716.8652,4716.3304,4717.4,4717.4,True,True
2026-08-28T03:59:28.175897+00:00,0ffa35ab-c022-4796-a9a8-b83f51f43235,POST_ENTRY_HIGH_IGNORED,4718.0,TP_FROZEN,TP_FROZEN,4717.4,4716.0,4718.0,4716.0,4716.3304,4716.8652,4717.4,4718.2652,4716.8652,4716.3304,4717.4,4717.4,True,True
2026-08-28T03:59:28.180571+00:00,0ffa35ab-c022-4796-a9a8-b83f51f43235,SL_HIT,4716.23,TP_FROZEN,COMPLETED,4717.4,4716.0,4718.0,4716.0,4716.3304,4716.8652,4717.4,4718.2652,4716.8652,4716.3304,4717.4,4717.4,True,True
2026-08-28T03:59:28.180571+00:00,cbb6c65e-0c75-48cd-b0f0-5c18385bd12a,BOS_DETECTED,4717.29,NO_SETUP,BOS_DETECTED,4717.24,4715.04,4717.54,4715.04,4715.5592,4716.3996,4717.24,4718.5996,4716.3996,4715.5592,4717.24,4717.24,True,True
2026-08-28T03:59:28.180571+00:00,cbb6c65e-0c75-48cd-b0f0-5c18385bd12a,POINT_2_FOUND,4715.04,BOS_DETECTED,POINT_2_IDENTIFIED,4717.24,4715.04,4717.54,4715.04,4715.5592,4716.3996,4717.24,4718.5996,4716.3996,4715.5592,4717.24,4717.24,True,True
2026-08-28T03:59:28.180571+00:00,cbb6c65e-0c75-48cd-b0f0-5c18385bd12a,SETUP_CREATED,4717.24,POINT_2_IDENTIFIED,FIB_ACTIVE,4717.24,4715.04,4717.54,4715.04,4715.5592,4716.3996,4717.24,4718.5996,4716.3996,4715.5592,4717.24,4717.24,True,True
2026-08-28T03:59:28.180571+00:00,cbb6c65e-0c75-48cd-b0f0-5c18385bd12a,NEW_VALID_HIGH,4717.24,FIB_ACTIVE,TP_DYNAMIC,4717.24,4715.04,4717.54,4715.04,4715.5592,4716.3996,4717.24,4718.5996,4716.3996,4715.5592,4717.24,4717.24,True,True
2026-08-28T03:59:28.180571+00:00,cbb6c65e-0c75-48cd-b0f0-5c18385bd12a,TP_UPDATED,4717.24,TP_DYNAMIC,TP_DYNAMIC,4717.24,4715.04,4717.54,4715.04,4715.5592,4716.3996,4717.24,4718.5996,4716.3996,4715.5592,4717.24,4717.24,True,True
2026-08-28T03:59:28.188756+00:00,cbb6c65e-0c75-48cd-b0f0-5c18385bd12a,ENTRY_TOUCHED,4716.16,TP_DYNAMIC,ENTRY_TOUCHED,4717.24,4715.04,4717.54,4715.04,4715.5592,4716.3996,4717.24,4718.5996,4716.3996,4715.5592,4717.24,4717.24,True,True
2026-08-28T03:59:28.188756+00:00,cbb6c65e-0c75-48cd-b0f0-5c18385bd12a,TP_LOCKED,4717.24,ENTRY_TOUCHED,TP_FROZEN,4717.24,4715.04,4717.54,4715.04,4715.5592,4716.3996,4717.24,4718.5996,4716.3996,4715.5592,4717.24,4717.24,True,True
2026-08-28T03:59:28.190770+00:00,cbb6c65e-0c75-48cd-b0f0-5c18385bd12a,POST_ENTRY_HIGH_IGNORED,4717.54,TP_FROZEN,TP_FROZEN,4717.24,4715.04,4717.54,4715.04,4715.5592,4716.3996,4717.24,4718.5996,4716.3996,4715.5592,4717.24,4717.24,True,True
2026-08-28T03:59:28.190770+00:00,cbb6c65e-0c75-48cd-b0f0-5c18385bd12a,TP_HIT,4717.31,TP_FROZEN,COMPLETED,4717.24,4715.04,4717.54,4715.04,4715.5592,4716.3996,4717.24,4718.5996,4716.3996,4715.5592,4717.24,4717.24,True,True
2026-08-28T03:59:28.190770+00:00,8aec60d0-1b27-44e2-a531-a09af60031a8,BOS_DETECTED,4717.78,NO_SETUP,BOS_DETECTED,4717.54,4715.04,4727.0,4715.04,4717.86256,4722.43128,4727.0,4734.39128,4722.43128,4717.86256,4727.0,4727.0,True,True
2026-08-28T03:59:28.190770+00:00,8aec60d0-1b27-44e2-a531-a09af60031a8,POINT_2_FOUND,4715.04,BOS_DETECTED,POINT_2_IDENTIFIED,4717.54,4715.04,4727.0,4715.04,4717.86256,4722.43128,4727.0,4734.39128,4722.43128,4717.86256,4727.0,4727.0,True,True
2026-08-28T03:59:28.190770+00:00,8aec60d0-1b27-44e2-a531-a09af60031a8,SETUP_CREATED,4717.54,POINT_2_IDENTIFIED,FIB_ACTIVE,4717.54,4715.04,4727.0,4715.04,4717.86256,4722.43128,4727.0,4734.39128,4722.43128,4717.86256,4727.0,4727.0,True,True
2026-08-28T03:59:28.190770+00:00,8aec60d0-1b27-44e2-a531-a09af60031a8,NEW_VALID_HIGH,4717.54,FIB_ACTIVE,TP_DYNAMIC,4717.54,4715.04,4727.0,4715.04,4717.86256,4722.43128,4727.0,4734.39128,4722.43128,4717.86256,4727.0,4727.0,True,True
2026-08-28T03:59:28.190770+00:00,8aec60d0-1b27-44e2-a531-a09af60031a8,TP_UPDATED,4717.54,TP_DYNAMIC,TP_DYNAMIC,4717.54,4715.04,4727.0,4715.04,4717.86256,4722.43128,4727.0,4734.39128,4722.43128,4717.86256,4727.0,4727.0,True,True
2026-08-28T03:59:28.199284+00:00,8aec60d0-1b27-44e2-a531-a09af60031a8,NEW_VALID_HIGH,4720.54,TP_DYNAMIC,TP_DYNAMIC,4717.54,4715.04,4727.0,4715.04,4717.86256,4722.43128,4727.0,4734.39128,4722.43128,4717.86256,4727.0,4727.0,True,True
2026-08-28T03:59:28.199284+00:00,8aec60d0-1b27-44e2-a531-a09af60031a8,TP_UPDATED,4720.54,TP_DYNAMIC,TP_DYNAMIC,4717.54,4715.04,4727.0,4715.04,4717.86256,4722.43128,4727.0,4734.39128,4722.43128,4717.86256,4727.0,4727.0,True,True
2026-08-28T03:59:28.202907+00:00,8aec60d0-1b27-44e2-a531-a09af60031a8,NEW_VALID_HIGH,4722.0,TP_DYNAMIC,TP_DYNAMIC,4717.54,4715.04,4727.0,4715.04,4717.86256,4722.43128,4727.0,4734.39128,4722.43128,4717.86256,4727.0,4727.0,True,True
2026-08-28T03:59:28.204919+00:00,8aec60d0-1b27-44e2-a531-a09af60031a8,TP_UPDATED,4722.0,TP_DYNAMIC,TP_DYNAMIC,4717.54,4715.04,4727.0,4715.04,4717.86256,4722.43128,4727.0,4734.39128,4722.43128,4717.86256,4727.0,4727.0,True,True
2026-08-28T03:59:28.210469+00:00,8aec60d0-1b27-44e2-a531-a09af60031a8,NEW_VALID_HIGH,4723.0,TP_DYNAMIC,TP_DYNAMIC,4717.54,4715.04,4727.0,4715.04,4717.86256,4722.43128,4727.0,4734.39128,4722.43128,4717.86256,4727.0,4727.0,True,True
2026-08-28T03:59:28.210469+00:00,8aec60d0-1b27-44e2-a531-a09af60031a8,TP_UPDATED,4723.0,TP_DYNAMIC,TP_DYNAMIC,4717.54,4715.04,4727.0,4715.04,4717.86256,4722.43128,4727.0,4734.39128,4722.43128,4717.86256,4727.0,4727.0,True,True
2026-08-28T03:59:28.212554+00:00,8aec60d0-1b27-44e2-a531-a09af60031a8,NEW_VALID_HIGH,4723.5,TP_DYNAMIC,TP_DYNAMIC,4717.54,4715.04,4727.0,4715.04,4717.86256,4722.43128,4727.0,4734.39128,4722.43128,4717.86256,4727.0,4727.0,True,True
2026-08-28T03:59:28.212554+00:00,8aec60d0-1b27-44e2-a531-a09af60031a8,TP_UPDATED,4723.5,TP_DYNAMIC,TP_DYNAMIC,4717.54,4715.04,4727.0,4715.04,4717.86256,4722.43128,4727.0,4734.39128,4722.43128,4717.86256,4727.0,4727.0,True,True
2026-08-28T03:59:28.220901+00:00,8aec60d0-1b27-44e2-a531-a09af60031a8,NEW_VALID_HIGH,4727.0,TP_DYNAMIC,TP_DYNAMIC,4717.54,4715.04,4727.0,4715.04,4717.86256,4722.43128,4727.0,4734.39128,4722.43128,4717.86256,4727.0,4727.0,True,True
2026-08-28T03:59:28.220901+00:00,8aec60d0-1b27-44e2-a531-a09af60031a8,TP_UPDATED,4727.0,TP_DYNAMIC,TP_DYNAMIC,4717.54,4715.04,4727.0,4715.04,4717.86256,4722.43128,4727.0,4734.39128,4722.43128,4717.86256,4727.0,4727.0,True,True
2026-08-28T03:59:28.230488+00:00,8aec60d0-1b27-44e2-a531-a09af60031a8,ENTRY_TOUCHED,4722.35,TP_DYNAMIC,ENTRY_TOUCHED,4717.54,4715.04,4727.0,4715.04,4717.86256,4722.43128,4727.0,4734.39128,4722.43128,4717.86256,4727.0,4727.0,True,True
2026-08-28T03:59:28.230488+00:00,8aec60d0-1b27-44e2-a531-a09af60031a8,TP_LOCKED,4727.0,ENTRY_TOUCHED,TP_FROZEN,4717.54,4715.04,4727.0,4715.04,4717.86256,4722.43128,4727.0,4734.39128,4722.43128,4717.86256,4727.0,4727.0,True,True
2026-08-28T03:59:28.245816+00:00,8aec60d0-1b27-44e2-a531-a09af60031a8,TP_HIT,4725.67,TP_FROZEN,COMPLETED,4717.54,4715.04,4727.0,4715.04,4717.86256,4722.43128,4727.0,4734.39128,4722.43128,4717.86256,4727.0,4727.0,True,True
2026-08-28T03:59:28.257034+00:00,4ad2a5a4-a16d-4ec5-a382-a06536a4aa17,BOS_DETECTED,4733.67,NO_SETUP,BOS_DETECTED,4732.0,4726.09,4735.6,4726.09,4728.33436,4731.967180000001,4735.6,4741.477180000001,4731.967180000001,4728.33436,4735.6,4735.6,True,True
2026-08-28T03:59:28.257034+00:00,4ad2a5a4-a16d-4ec5-a382-a06536a4aa17,POINT_2_FOUND,4726.09,BOS_DETECTED,POINT_2_IDENTIFIED,4732.0,4726.09,4735.6,4726.09,4728.33436,4731.967180000001,4735.6,4741.477180000001,4731.967180000001,4728.33436,4735.6,4735.6,True,True
2026-08-28T03:59:28.257034+00:00,4ad2a5a4-a16d-4ec5-a382-a06536a4aa17,SETUP_CREATED,4732.0,POINT_2_IDENTIFIED,FIB_ACTIVE,4732.0,4726.09,4735.6,4726.09,4728.33436,4731.967180000001,4735.6,4741.477180000001,4731.967180000001,4728.33436,4735.6,4735.6,True,True
2026-08-28T03:59:28.257034+00:00,4ad2a5a4-a16d-4ec5-a382-a06536a4aa17,NEW_VALID_HIGH,4732.0,FIB_ACTIVE,TP_DYNAMIC,4732.0,4726.09,4735.6,4726.09,4728.33436,4731.967180000001,4735.6,4741.477180000001,4731.967180000001,4728.33436,4735.6,4735.6,True,True
2026-08-28T03:59:28.257034+00:00,4ad2a5a4-a16d-4ec5-a382-a06536a4aa17,TP_UPDATED,4732.0,TP_DYNAMIC,TP_DYNAMIC,4732.0,4726.09,4735.6,4726.09,4728.33436,4731.967180000001,4735.6,4741.477180000001,4731.967180000001,4728.33436,4735.6,4735.6,True,True
2026-08-28T03:59:28.260464+00:00,4ad2a5a4-a16d-4ec5-a382-a06536a4aa17,NEW_VALID_HIGH,4735.6,TP_DYNAMIC,TP_DYNAMIC,4732.0,4726.09,4735.6,4726.09,4728.33436,4731.967180000001,4735.6,4741.477180000001,4731.967180000001,4728.33436,4735.6,4735.6,True,True
2026-08-28T03:59:28.260464+00:00,4ad2a5a4-a16d-4ec5-a382-a06536a4aa17,TP_UPDATED,4735.6,TP_DYNAMIC,TP_DYNAMIC,4732.0,4726.09,4735.6,4726.09,4728.33436,4731.967180000001,4735.6,4741.477180000001,4731.967180000001,4728.33436,4735.6,4735.6,True,True
2026-08-28T03:59:28.260464+00:00,4ad2a5a4-a16d-4ec5-a382-a06536a4aa17,ENTRY_TOUCHED,4732.09,TP_DYNAMIC,ENTRY_TOUCHED,4732.0,4726.09,4735.6,4726.09,4728.33436,4731.967180000001,4735.6,4741.477180000001,4731.967180000001,4728.33436,4735.6,4735.6,True,True
2026-08-28T03:59:28.260464+00:00,4ad2a5a4-a16d-4ec5-a382-a06536a4aa17,TP_LOCKED,4735.6,ENTRY_TOUCHED,TP_FROZEN,4732.0,4726.09,4735.6,4726.09,4728.33436,4731.967180000001,4735.6,4741.477180000001,4731.967180000001,4728.33436,4735.6,4735.6,True,True
2026-08-28T03:59:28.262221+00:00,4ad2a5a4-a16d-4ec5-a382-a06536a4aa17,TP_HIT,4735.01,TP_FROZEN,COMPLETED,4732.0,4726.09,4735.6,4726.09,4728.33436,4731.967180000001,4735.6,4741.477180000001,4731.967180000001,4728.33436,4735.6,4735.6,True,True
2026-08-28T03:59:28.315679+00:00,e4670f88-2236-4b21-a4ea-11d619e946ab,BOS_DETECTED,4693.57,NO_SETUP,BOS_DETECTED,4681.45,4654.78,4681.45,4654.78,4661.074119999999,4671.26206,4681.45,4697.93206,4671.26206,4661.074119999999,4681.45,4681.45,True,True
2026-08-28T03:59:28.315679+00:00,e4670f88-2236-4b21-a4ea-11d619e946ab,POINT_2_FOUND,4654.78,BOS_DETECTED,POINT_2_IDENTIFIED,4681.45,4654.78,4681.45,4654.78,4661.074119999999,4671.26206,4681.45,4697.93206,4671.26206,4661.074119999999,4681.45,4681.45,True,True
2026-08-28T03:59:28.315679+00:00,e4670f88-2236-4b21-a4ea-11d619e946ab,SETUP_CREATED,4681.45,POINT_2_IDENTIFIED,FIB_ACTIVE,4681.45,4654.78,4681.45,4654.78,4661.074119999999,4671.26206,4681.45,4697.93206,4671.26206,4661.074119999999,4681.45,4681.45,True,True
2026-08-28T03:59:28.315679+00:00,e4670f88-2236-4b21-a4ea-11d619e946ab,NEW_VALID_HIGH,4681.45,FIB_ACTIVE,TP_DYNAMIC,4681.45,4654.78,4681.45,4654.78,4661.074119999999,4671.26206,4681.45,4697.93206,4671.26206,4661.074119999999,4681.45,4681.45,True,True
2026-08-28T03:59:28.315679+00:00,e4670f88-2236-4b21-a4ea-11d619e946ab,TP_UPDATED,4681.45,TP_DYNAMIC,TP_DYNAMIC,4681.45,4654.78,4681.45,4654.78,4661.074119999999,4671.26206,4681.45,4697.93206,4671.26206,4661.074119999999,4681.45,4681.45,True,True
2026-08-28T03:59:28.315679+00:00,e4670f88-2236-4b21-a4ea-11d619e946ab,ENTRY_TOUCHED,4693.57,TP_DYNAMIC,ENTRY_TOUCHED,4681.45,4654.78,4681.45,4654.78,4661.074119999999,4671.26206,4681.45,4697.93206,4671.26206,4661.074119999999,4681.45,4681.45,True,True
2026-08-28T03:59:28.315679+00:00,e4670f88-2236-4b21-a4ea-11d619e946ab,TP_LOCKED,4681.45,ENTRY_TOUCHED,TP_FROZEN,4681.45,4654.78,4681.45,4654.78,4661.074119999999,4671.26206,4681.45,4697.93206,4671.26206,4661.074119999999,4681.45,4681.45,True,True
2026-08-28T03:59:28.316695+00:00,e4670f88-2236-4b21-a4ea-11d619e946ab,TP_HIT,4694.66,TP_FROZEN,COMPLETED,4681.45,4654.78,4681.45,4654.78,4661.074119999999,4671.26206,4681.45,4697.93206,4671.26206,4661.074119999999,4681.45,4681.45,True,True
2026-08-28T03:59:28.333358+00:00,49208dfe-8b2b-4368-8616-dc54dd7a2c70,BOS_DETECTED,4735.98,NO_SETUP,BOS_DETECTED,4732.84,4711.78,4776.83,4711.78,4727.1318,4751.9809,4776.83,4817.0309,4751.9809,4727.1318,4776.83,4776.83,True,True
2026-08-28T03:59:28.333358+00:00,49208dfe-8b2b-4368-8616-dc54dd7a2c70,POINT_2_FOUND,4711.78,BOS_DETECTED,POINT_2_IDENTIFIED,4732.84,4711.78,4776.83,4711.78,4727.1318,4751.9809,4776.83,4817.0309,4751.9809,4727.1318,4776.83,4776.83,True,True
2026-08-28T03:59:28.333358+00:00,49208dfe-8b2b-4368-8616-dc54dd7a2c70,SETUP_CREATED,4732.84,POINT_2_IDENTIFIED,FIB_ACTIVE,4732.84,4711.78,4776.83,4711.78,4727.1318,4751.9809,4776.83,4817.0309,4751.9809,4727.1318,4776.83,4776.83,True,True
2026-08-28T03:59:28.333358+00:00,49208dfe-8b2b-4368-8616-dc54dd7a2c70,NEW_VALID_HIGH,4732.84,FIB_ACTIVE,TP_DYNAMIC,4732.84,4711.78,4776.83,4711.78,4727.1318,4751.9809,4776.83,4817.0309,4751.9809,4727.1318,4776.83,4776.83,True,True
2026-08-28T03:59:28.333358+00:00,49208dfe-8b2b-4368-8616-dc54dd7a2c70,TP_UPDATED,4732.84,TP_DYNAMIC,TP_DYNAMIC,4732.84,4711.78,4776.83,4711.78,4727.1318,4751.9809,4776.83,4817.0309,4751.9809,4727.1318,4776.83,4776.83,True,True
2026-08-28T03:59:28.341925+00:00,49208dfe-8b2b-4368-8616-dc54dd7a2c70,NEW_VALID_HIGH,4740.28,TP_DYNAMIC,TP_DYNAMIC,4732.84,4711.78,4776.83,4711.78,4727.1318,4751.9809,4776.83,4817.0309,4751.9809,4727.1318,4776.83,4776.83,True,True
2026-08-28T03:59:28.341925+00:00,49208dfe-8b2b-4368-8616-dc54dd7a2c70,TP_UPDATED,4740.28,TP_DYNAMIC,TP_DYNAMIC,4732.84,4711.78,4776.83,4711.78,4727.1318,4751.9809,4776.83,4817.0309,4751.9809,4727.1318,4776.83,4776.83,True,True
2026-08-28T03:59:28.351064+00:00,49208dfe-8b2b-4368-8616-dc54dd7a2c70,NEW_VALID_HIGH,4776.83,TP_DYNAMIC,TP_DYNAMIC,4732.84,4711.78,4776.83,4711.78,4727.1318,4751.9809,4776.83,4817.0309,4751.9809,4727.1318,4776.83,4776.83,True,True
2026-08-28T03:59:28.351064+00:00,49208dfe-8b2b-4368-8616-dc54dd7a2c70,TP_UPDATED,4776.83,TP_DYNAMIC,TP_DYNAMIC,4732.84,4711.78,4776.83,4711.78,4727.1318,4751.9809,4776.83,4817.0309,4751.9809,4727.1318,4776.83,4776.83,True,True
2026-08-28T03:59:28.351064+00:00,49208dfe-8b2b-4368-8616-dc54dd7a2c70,ENTRY_TOUCHED,4748.8,TP_DYNAMIC,ENTRY_TOUCHED,4732.84,4711.78,4776.83,4711.78,4727.1318,4751.9809,4776.83,4817.0309,4751.9809,4727.1318,4776.83,4776.83,True,True
2026-08-28T03:59:28.351064+00:00,49208dfe-8b2b-4368-8616-dc54dd7a2c70,TP_LOCKED,4776.83,ENTRY_TOUCHED,TP_FROZEN,4732.84,4711.78,4776.83,4711.78,4727.1318,4751.9809,4776.83,4817.0309,4751.9809,4727.1318,4776.83,4776.83,True,True
2026-08-28T03:59:28.351064+00:00,49208dfe-8b2b-4368-8616-dc54dd7a2c70,SL_HIT,4732.32,TP_FROZEN,COMPLETED,4732.84,4711.78,4776.83,4711.78,4727.1318,4751.9809,4776.83,4817.0309,4751.9809,4727.1318,4776.83,4776.83,True,True
2026-08-28T03:59:28.400756+00:00,371fad5e-a972-4e8d-ac9d-3a2dfa1be968,BOS_DETECTED,4716.97,NO_SETUP,BOS_DETECTED,4714.99,4642.18,4728.59,4642.18,4662.57276,4695.5813800000005,4728.59,4781.99138,4695.5813800000005,4662.57276,4728.59,4728.59,True,True
2026-08-28T03:59:28.400756+00:00,371fad5e-a972-4e8d-ac9d-3a2dfa1be968,POINT_2_FOUND,4642.18,BOS_DETECTED,POINT_2_IDENTIFIED,4714.99,4642.18,4728.59,4642.18,4662.57276,4695.5813800000005,4728.59,4781.99138,4695.5813800000005,4662.57276,4728.59,4728.59,True,True
2026-08-28T03:59:28.400756+00:00,371fad5e-a972-4e8d-ac9d-3a2dfa1be968,SETUP_CREATED,4714.99,POINT_2_IDENTIFIED,FIB_ACTIVE,4714.99,4642.18,4728.59,4642.18,4662.57276,4695.5813800000005,4728.59,4781.99138,4695.5813800000005,4662.57276,4728.59,4728.59,True,True
2026-08-28T03:59:28.400756+00:00,371fad5e-a972-4e8d-ac9d-3a2dfa1be968,NEW_VALID_HIGH,4714.99,FIB_ACTIVE,TP_DYNAMIC,4714.99,4642.18,4728.59,4642.18,4662.57276,4695.5813800000005,4728.59,4781.99138,4695.5813800000005,4662.57276,4728.59,4728.59,True,True
2026-08-28T03:59:28.400756+00:00,371fad5e-a972-4e8d-ac9d-3a2dfa1be968,TP_UPDATED,4714.99,TP_DYNAMIC,TP_DYNAMIC,4714.99,4642.18,4728.59,4642.18,4662.57276,4695.5813800000005,4728.59,4781.99138,4695.5813800000005,4662.57276,4728.59,4728.59,True,True
2026-08-28T03:59:28.404848+00:00,371fad5e-a972-4e8d-ac9d-3a2dfa1be968,NEW_VALID_HIGH,4719.99,TP_DYNAMIC,TP_DYNAMIC,4714.99,4642.18,4728.59,4642.18,4662.57276,4695.5813800000005,4728.59,4781.99138,4695.5813800000005,4662.57276,4728.59,4728.59,True,True
2026-08-28T03:59:28.404848+00:00,371fad5e-a972-4e8d-ac9d-3a2dfa1be968,TP_UPDATED,4719.99,TP_DYNAMIC,TP_DYNAMIC,4714.99,4642.18,4728.59,4642.18,4662.57276,4695.5813800000005,4728.59,4781.99138,4695.5813800000005,4662.57276,4728.59,4728.59,True,True
2026-08-28T03:59:28.416827+00:00,371fad5e-a972-4e8d-ac9d-3a2dfa1be968,NEW_VALID_HIGH,4728.59,TP_DYNAMIC,TP_DYNAMIC,4714.99,4642.18,4728.59,4642.18,4662.57276,4695.5813800000005,4728.59,4781.99138,4695.5813800000005,4662.57276,4728.59,4728.59,True,True
2026-08-28T03:59:28.416827+00:00,371fad5e-a972-4e8d-ac9d-3a2dfa1be968,TP_UPDATED,4728.59,TP_DYNAMIC,TP_DYNAMIC,4714.99,4642.18,4728.59,4642.18,4662.57276,4695.5813800000005,4728.59,4781.99138,4695.5813800000005,4662.57276,4728.59,4728.59,True,True
2026-08-28T03:59:28.423371+00:00,371fad5e-a972-4e8d-ac9d-3a2dfa1be968,ENTRY_TOUCHED,4694.6,TP_DYNAMIC,ENTRY_TOUCHED,4714.99,4642.18,4728.59,4642.18,4662.57276,4695.5813800000005,4728.59,4781.99138,4695.5813800000005,4662.57276,4728.59,4728.59,True,True
2026-08-28T03:59:28.423371+00:00,371fad5e-a972-4e8d-ac9d-3a2dfa1be968,TP_LOCKED,4728.59,ENTRY_TOUCHED,TP_FROZEN,4714.99,4642.18,4728.59,4642.18,4662.57276,4695.5813800000005,4728.59,4781.99138,4695.5813800000005,4662.57276,4728.59,4728.59,True,True
2026-08-28T03:59:28.581050+00:00,371fad5e-a972-4e8d-ac9d-3a2dfa1be968,SL_HIT,4660.74,TP_FROZEN,COMPLETED,4714.99,4642.18,4728.59,4642.18,4662.57276,4695.5813800000005,4728.59,4781.99138,4695.5813800000005,4662.57276,4728.59,4728.59,True,True
2026-08-28T03:59:28.591855+00:00,50933016-845c-4eb3-a0e8-e36efb69a460,BOS_DETECTED,4665.22,NO_SETUP,BOS_DETECTED,4664.98,4648.14,4664.98,4648.14,4652.11424,4658.54712,4664.98,4675.387119999999,4658.54712,4652.11424,4664.98,4664.98,True,True
2026-08-28T03:59:28.591855+00:00,50933016-845c-4eb3-a0e8-e36efb69a460,POINT_2_FOUND,4648.14,BOS_DETECTED,POINT_2_IDENTIFIED,4664.98,4648.14,4664.98,4648.14,4652.11424,4658.54712,4664.98,4675.387119999999,4658.54712,4652.11424,4664.98,4664.98,True,True
2026-08-28T03:59:28.591855+00:00,50933016-845c-4eb3-a0e8-e36efb69a460,SETUP_CREATED,4664.98,POINT_2_IDENTIFIED,FIB_ACTIVE,4664.98,4648.14,4664.98,4648.14,4652.11424,4658.54712,4664.98,4675.387119999999,4658.54712,4652.11424,4664.98,4664.98,True,True
2026-08-28T03:59:28.591855+00:00,50933016-845c-4eb3-a0e8-e36efb69a460,NEW_VALID_HIGH,4664.98,FIB_ACTIVE,TP_DYNAMIC,4664.98,4648.14,4664.98,4648.14,4652.11424,4658.54712,4664.98,4675.387119999999,4658.54712,4652.11424,4664.98,4664.98,True,True
2026-08-28T03:59:28.591855+00:00,50933016-845c-4eb3-a0e8-e36efb69a460,TP_UPDATED,4664.98,TP_DYNAMIC,TP_DYNAMIC,4664.98,4648.14,4664.98,4648.14,4652.11424,4658.54712,4664.98,4675.387119999999,4658.54712,4652.11424,4664.98,4664.98,True,True
2026-08-28T03:59:28.595977+00:00,50933016-845c-4eb3-a0e8-e36efb69a460,ENTRY_TOUCHED,4660.29,TP_DYNAMIC,ENTRY_TOUCHED,4664.98,4648.14,4664.98,4648.14,4652.11424,4658.54712,4664.98,4675.387119999999,4658.54712,4652.11424,4664.98,4664.98,True,True
2026-08-28T03:59:28.595977+00:00,50933016-845c-4eb3-a0e8-e36efb69a460,TP_LOCKED,4664.98,ENTRY_TOUCHED,TP_FROZEN,4664.98,4648.14,4664.98,4648.14,4652.11424,4658.54712,4664.98,4675.387119999999,4658.54712,4652.11424,4664.98,4664.98,True,True
2026-08-28T03:59:28.595977+00:00,50933016-845c-4eb3-a0e8-e36efb69a460,SL_HIT,4655.49,TP_FROZEN,COMPLETED,4664.98,4648.14,4664.98,4648.14,4652.11424,4658.54712,4664.98,4675.387119999999,4658.54712,4652.11424,4664.98,4664.98,True,True
2026-08-28T03:59:28.642591+00:00,c53b5ef8-0d25-47b1-924f-49985cb8b1b3,BOS_DETECTED,4566.51,NO_SETUP,BOS_DETECTED,4562.0,4516.64,4569.19,4516.64,4529.0418,4549.1159,4569.19,4601.665899999999,4549.1159,4529.0418,4569.19,4569.19,True,True
2026-08-28T03:59:28.642591+00:00,c53b5ef8-0d25-47b1-924f-49985cb8b1b3,POINT_2_FOUND,4516.64,BOS_DETECTED,POINT_2_IDENTIFIED,4562.0,4516.64,4569.19,4516.64,4529.0418,4549.1159,4569.19,4601.665899999999,4549.1159,4529.0418,4569.19,4569.19,True,True
2026-08-28T03:59:28.642591+00:00,c53b5ef8-0d25-47b1-924f-49985cb8b1b3,SETUP_CREATED,4562.0,POINT_2_IDENTIFIED,FIB_ACTIVE,4562.0,4516.64,4569.19,4516.64,4529.0418,4549.1159,4569.19,4601.665899999999,4549.1159,4529.0418,4569.19,4569.19,True,True
2026-08-28T03:59:28.642591+00:00,c53b5ef8-0d25-47b1-924f-49985cb8b1b3,NEW_VALID_HIGH,4562.0,FIB_ACTIVE,TP_DYNAMIC,4562.0,4516.64,4569.19,4516.64,4529.0418,4549.1159,4569.19,4601.665899999999,4549.1159,4529.0418,4569.19,4569.19,True,True
2026-08-28T03:59:28.642591+00:00,c53b5ef8-0d25-47b1-924f-49985cb8b1b3,TP_UPDATED,4562.0,TP_DYNAMIC,TP_DYNAMIC,4562.0,4516.64,4569.19,4516.64,4529.0418,4549.1159,4569.19,4601.665899999999,4549.1159,4529.0418,4569.19,4569.19,True,True
2026-08-28T03:59:28.650972+00:00,c53b5ef8-0d25-47b1-924f-49985cb8b1b3,NEW_VALID_HIGH,4569.19,TP_DYNAMIC,TP_DYNAMIC,4562.0,4516.64,4569.19,4516.64,4529.0418,4549.1159,4569.19,4601.665899999999,4549.1159,4529.0418,4569.19,4569.19,True,True
2026-08-28T03:59:28.650972+00:00,c53b5ef8-0d25-47b1-924f-49985cb8b1b3,TP_UPDATED,4569.19,TP_DYNAMIC,TP_DYNAMIC,4562.0,4516.64,4569.19,4516.64,4529.0418,4549.1159,4569.19,4601.665899999999,4549.1159,4529.0418,4569.19,4569.19,True,True
2026-08-28T03:59:28.650972+00:00,c53b5ef8-0d25-47b1-924f-49985cb8b1b3,ENTRY_TOUCHED,4545.23,TP_DYNAMIC,ENTRY_TOUCHED,4562.0,4516.64,4569.19,4516.64,4529.0418,4549.1159,4569.19,4601.665899999999,4549.1159,4529.0418,4569.19,4569.19,True,True
2026-08-28T03:59:28.650972+00:00,c53b5ef8-0d25-47b1-924f-49985cb8b1b3,TP_LOCKED,4569.19,ENTRY_TOUCHED,TP_FROZEN,4562.0,4516.64,4569.19,4516.64,4529.0418,4549.1159,4569.19,4601.665899999999,4549.1159,4529.0418,4569.19,4569.19,True,True
2026-08-28T03:59:28.700702+00:00,c53b5ef8-0d25-47b1-924f-49985cb8b1b3,SL_HIT,4536.48,TP_FROZEN,COMPLETED,4562.0,4516.64,4569.19,4516.64,4529.0418,4549.1159,4569.19,4601.665899999999,4549.1159,4529.0418,4569.19,4569.19,True,True
2026-08-28T03:59:28.724349+00:00,8e563027-7b2f-42fe-8733-0804aa5f7bcd,BOS_DETECTED,4533.91,NO_SETUP,BOS_DETECTED,4533.78,4525.05,4540.0,4525.05,4528.5782,4534.2891,4540.0,4549.2391,4534.2891,4528.5782,4540.0,4540.0,True,True
2026-08-28T03:59:28.724349+00:00,8e563027-7b2f-42fe-8733-0804aa5f7bcd,POINT_2_FOUND,4525.05,BOS_DETECTED,POINT_2_IDENTIFIED,4533.78,4525.05,4540.0,4525.05,4528.5782,4534.2891,4540.0,4549.2391,4534.2891,4528.5782,4540.0,4540.0,True,True
2026-08-28T03:59:28.724349+00:00,8e563027-7b2f-42fe-8733-0804aa5f7bcd,SETUP_CREATED,4533.78,POINT_2_IDENTIFIED,FIB_ACTIVE,4533.78,4525.05,4540.0,4525.05,4528.5782,4534.2891,4540.0,4549.2391,4534.2891,4528.5782,4540.0,4540.0,True,True
2026-08-28T03:59:28.724349+00:00,8e563027-7b2f-42fe-8733-0804aa5f7bcd,NEW_VALID_HIGH,4533.78,FIB_ACTIVE,TP_DYNAMIC,4533.78,4525.05,4540.0,4525.05,4528.5782,4534.2891,4540.0,4549.2391,4534.2891,4528.5782,4540.0,4540.0,True,True
2026-08-28T03:59:28.724349+00:00,8e563027-7b2f-42fe-8733-0804aa5f7bcd,TP_UPDATED,4533.78,TP_DYNAMIC,TP_DYNAMIC,4533.78,4525.05,4540.0,4525.05,4528.5782,4534.2891,4540.0,4549.2391,4534.2891,4528.5782,4540.0,4540.0,True,True
2026-08-28T03:59:28.730879+00:00,8e563027-7b2f-42fe-8733-0804aa5f7bcd,NEW_VALID_HIGH,4536.5,TP_DYNAMIC,TP_DYNAMIC,4533.78,4525.05,4540.0,4525.05,4528.5782,4534.2891,4540.0,4549.2391,4534.2891,4528.5782,4540.0,4540.0,True,True
2026-08-28T03:59:28.730879+00:00,8e563027-7b2f-42fe-8733-0804aa5f7bcd,TP_UPDATED,4536.5,TP_DYNAMIC,TP_DYNAMIC,4533.78,4525.05,4540.0,4525.05,4528.5782,4534.2891,4540.0,4549.2391,4534.2891,4528.5782,4540.0,4540.0,True,True
2026-08-28T03:59:28.738408+00:00,8e563027-7b2f-42fe-8733-0804aa5f7bcd,NEW_VALID_HIGH,4540.0,TP_DYNAMIC,TP_DYNAMIC,4533.78,4525.05,4540.0,4525.05,4528.5782,4534.2891,4540.0,4549.2391,4534.2891,4528.5782,4540.0,4540.0,True,True
2026-08-28T03:59:28.738408+00:00,8e563027-7b2f-42fe-8733-0804aa5f7bcd,TP_UPDATED,4540.0,TP_DYNAMIC,TP_DYNAMIC,4533.78,4525.05,4540.0,4525.05,4528.5782,4534.2891,4540.0,4549.2391,4534.2891,4528.5782,4540.0,4540.0,True,True
2026-08-28T03:59:28.757194+00:00,8e563027-7b2f-42fe-8733-0804aa5f7bcd,ENTRY_TOUCHED,4532.59,TP_DYNAMIC,ENTRY_TOUCHED,4533.78,4525.05,4540.0,4525.05,4528.5782,4534.2891,4540.0,4549.2391,4534.2891,4528.5782,4540.0,4540.0,True,True
2026-08-28T03:59:28.757194+00:00,8e563027-7b2f-42fe-8733-0804aa5f7bcd,TP_LOCKED,4540.0,ENTRY_TOUCHED,TP_FROZEN,4533.78,4525.05,4540.0,4525.05,4528.5782,4534.2891,4540.0,4549.2391,4534.2891,4528.5782,4540.0,4540.0,True,True
2026-08-28T03:59:28.810671+00:00,8e563027-7b2f-42fe-8733-0804aa5f7bcd,TP_HIT,4540.7,TP_FROZEN,COMPLETED,4533.78,4525.05,4540.0,4525.05,4528.5782,4534.2891,4540.0,4549.2391,4534.2891,4528.5782,4540.0,4540.0,True,True
2026-08-28T03:59:28.840726+00:00,8bc7c19c-2458-447d-96f2-bb14df02adbb,BOS_DETECTED,4542.24,NO_SETUP,BOS_DETECTED,4539.31,4530.02,4539.31,4530.02,4532.21244,4535.76122,4539.31,4545.05122,4535.76122,4532.21244,4539.31,4539.31,True,True
2026-08-28T03:59:28.840726+00:00,8bc7c19c-2458-447d-96f2-bb14df02adbb,POINT_2_FOUND,4530.02,BOS_DETECTED,POINT_2_IDENTIFIED,4539.31,4530.02,4539.31,4530.02,4532.21244,4535.76122,4539.31,4545.05122,4535.76122,4532.21244,4539.31,4539.31,True,True
2026-08-28T03:59:28.840726+00:00,8bc7c19c-2458-447d-96f2-bb14df02adbb,SETUP_CREATED,4539.31,POINT_2_IDENTIFIED,FIB_ACTIVE,4539.31,4530.02,4539.31,4530.02,4532.21244,4535.76122,4539.31,4545.05122,4535.76122,4532.21244,4539.31,4539.31,True,True
2026-08-28T03:59:28.840726+00:00,8bc7c19c-2458-447d-96f2-bb14df02adbb,NEW_VALID_HIGH,4539.31,FIB_ACTIVE,TP_DYNAMIC,4539.31,4530.02,4539.31,4530.02,4532.21244,4535.76122,4539.31,4545.05122,4535.76122,4532.21244,4539.31,4539.31,True,True
2026-08-28T03:59:28.840726+00:00,8bc7c19c-2458-447d-96f2-bb14df02adbb,TP_UPDATED,4539.31,TP_DYNAMIC,TP_DYNAMIC,4539.31,4530.02,4539.31,4530.02,4532.21244,4535.76122,4539.31,4545.05122,4535.76122,4532.21244,4539.31,4539.31,True,True
2026-08-28T03:59:28.840726+00:00,8bc7c19c-2458-447d-96f2-bb14df02adbb,ENTRY_TOUCHED,4552.52,TP_DYNAMIC,ENTRY_TOUCHED,4539.31,4530.02,4539.31,4530.02,4532.21244,4535.76122,4539.31,4545.05122,4535.76122,4532.21244,4539.31,4539.31,True,True
2026-08-28T03:59:28.840726+00:00,8bc7c19c-2458-447d-96f2-bb14df02adbb,TP_LOCKED,4539.31,ENTRY_TOUCHED,TP_FROZEN,4539.31,4530.02,4539.31,4530.02,4532.21244,4535.76122,4539.31,4545.05122,4535.76122,4532.21244,4539.31,4539.31,True,True
2026-08-28T03:59:28.840726+00:00,8bc7c19c-2458-447d-96f2-bb14df02adbb,TP_HIT,4544.47,TP_FROZEN,COMPLETED,4539.31,4530.02,4539.31,4530.02,4532.21244,4535.76122,4539.31,4545.05122,4535.76122,4532.21244,4539.31,4539.31,True,True
2026-08-28T03:59:28.875813+00:00,674d73f9-2804-41fe-b60d-2112cce9f114,BOS_DETECTED,4564.81,NO_SETUP,BOS_DETECTED,4559.29,4533.1,4559.29,4533.1,4539.28084,4549.28542,4559.29,4575.47542,4549.28542,4539.28084,4559.29,4559.29,True,True
2026-08-28T03:59:28.875813+00:00,674d73f9-2804-41fe-b60d-2112cce9f114,POINT_2_FOUND,4533.1,BOS_DETECTED,POINT_2_IDENTIFIED,4559.29,4533.1,4559.29,4533.1,4539.28084,4549.28542,4559.29,4575.47542,4549.28542,4539.28084,4559.29,4559.29,True,True
2026-08-28T03:59:28.880784+00:00,674d73f9-2804-41fe-b60d-2112cce9f114,SETUP_CREATED,4559.29,POINT_2_IDENTIFIED,FIB_ACTIVE,4559.29,4533.1,4559.29,4533.1,4539.28084,4549.28542,4559.29,4575.47542,4549.28542,4539.28084,4559.29,4559.29,True,True
2026-08-28T03:59:28.880784+00:00,674d73f9-2804-41fe-b60d-2112cce9f114,NEW_VALID_HIGH,4559.29,FIB_ACTIVE,TP_DYNAMIC,4559.29,4533.1,4559.29,4533.1,4539.28084,4549.28542,4559.29,4575.47542,4549.28542,4539.28084,4559.29,4559.29,True,True
2026-08-28T03:59:28.880784+00:00,674d73f9-2804-41fe-b60d-2112cce9f114,TP_UPDATED,4559.29,TP_DYNAMIC,TP_DYNAMIC,4559.29,4533.1,4559.29,4533.1,4539.28084,4549.28542,4559.29,4575.47542,4549.28542,4539.28084,4559.29,4559.29,True,True
2026-08-28T03:59:28.880784+00:00,674d73f9-2804-41fe-b60d-2112cce9f114,ENTRY_TOUCHED,4564.81,TP_DYNAMIC,ENTRY_TOUCHED,4559.29,4533.1,4559.29,4533.1,4539.28084,4549.28542,4559.29,4575.47542,4549.28542,4539.28084,4559.29,4559.29,True,True
2026-08-28T03:59:28.880784+00:00,674d73f9-2804-41fe-b60d-2112cce9f114,TP_LOCKED,4559.29,ENTRY_TOUCHED,TP_FROZEN,4559.29,4533.1,4559.29,4533.1,4539.28084,4549.28542,4559.29,4575.47542,4549.28542,4539.28084,4559.29,4559.29,True,True
2026-08-28T03:59:28.880784+00:00,674d73f9-2804-41fe-b60d-2112cce9f114,TP_HIT,4554.21,TP_FROZEN,COMPLETED,4559.29,4533.1,4559.29,4533.1,4539.28084,4549.28542,4559.29,4575.47542,4549.28542,4539.28084,4559.29,4559.29,True,True
2026-08-28T03:59:28.882938+00:00,14b7211e-be52-4e14-b548-9b5b55e7966e,BOS_DETECTED,4573.46,NO_SETUP,BOS_DETECTED,4569.74,4533.3,4569.74,4533.3,4541.89984,4555.81992,4569.74,4592.2599199999995,4555.81992,4541.89984,4569.74,4569.74,True,True
2026-08-28T03:59:28.882938+00:00,14b7211e-be52-4e14-b548-9b5b55e7966e,POINT_2_FOUND,4533.3,BOS_DETECTED,POINT_2_IDENTIFIED,4569.74,4533.3,4569.74,4533.3,4541.89984,4555.81992,4569.74,4592.2599199999995,4555.81992,4541.89984,4569.74,4569.74,True,True
2026-08-28T03:59:28.882938+00:00,14b7211e-be52-4e14-b548-9b5b55e7966e,SETUP_CREATED,4569.74,POINT_2_IDENTIFIED,FIB_ACTIVE,4569.74,4533.3,4569.74,4533.3,4541.89984,4555.81992,4569.74,4592.2599199999995,4555.81992,4541.89984,4569.74,4569.74,True,True
2026-08-28T03:59:28.882938+00:00,14b7211e-be52-4e14-b548-9b5b55e7966e,NEW_VALID_HIGH,4569.74,FIB_ACTIVE,TP_DYNAMIC,4569.74,4533.3,4569.74,4533.3,4541.89984,4555.81992,4569.74,4592.2599199999995,4555.81992,4541.89984,4569.74,4569.74,True,True
2026-08-28T03:59:28.882938+00:00,14b7211e-be52-4e14-b548-9b5b55e7966e,TP_UPDATED,4569.74,TP_DYNAMIC,TP_DYNAMIC,4569.74,4533.3,4569.74,4533.3,4541.89984,4555.81992,4569.74,4592.2599199999995,4555.81992,4541.89984,4569.74,4569.74,True,True
2026-08-28T03:59:28.882938+00:00,14b7211e-be52-4e14-b548-9b5b55e7966e,ENTRY_TOUCHED,4573.46,TP_DYNAMIC,ENTRY_TOUCHED,4569.74,4533.3,4569.74,4533.3,4541.89984,4555.81992,4569.74,4592.2599199999995,4555.81992,4541.89984,4569.74,4569.74,True,True
2026-08-28T03:59:28.882938+00:00,14b7211e-be52-4e14-b548-9b5b55e7966e,TP_LOCKED,4569.74,ENTRY_TOUCHED,TP_FROZEN,4569.74,4533.3,4569.74,4533.3,4541.89984,4555.81992,4569.74,4592.2599199999995,4555.81992,4541.89984,4569.74,4569.74,True,True
2026-08-28T03:59:28.883472+00:00,14b7211e-be52-4e14-b548-9b5b55e7966e,TP_HIT,4574.17,TP_FROZEN,COMPLETED,4569.74,4533.3,4569.74,4533.3,4541.89984,4555.81992,4569.74,4592.2599199999995,4555.81992,4541.89984,4569.74,4569.74,True,True
2026-08-28T03:59:28.884562+00:00,d20227b9-7669-4758-b70b-be56f8d2d9cd,BOS_DETECTED,4578.65,NO_SETUP,BOS_DETECTED,4569.74,4533.3,4586.53,4533.3,4545.86228,4566.19614,4586.53,4619.42614,4566.19614,4545.86228,4586.53,4586.53,True,True
2026-08-28T03:59:28.884562+00:00,d20227b9-7669-4758-b70b-be56f8d2d9cd,POINT_2_FOUND,4533.3,BOS_DETECTED,POINT_2_IDENTIFIED,4569.74,4533.3,4586.53,4533.3,4545.86228,4566.19614,4586.53,4619.42614,4566.19614,4545.86228,4586.53,4586.53,True,True
2026-08-28T03:59:28.884562+00:00,d20227b9-7669-4758-b70b-be56f8d2d9cd,SETUP_CREATED,4569.74,POINT_2_IDENTIFIED,FIB_ACTIVE,4569.74,4533.3,4586.53,4533.3,4545.86228,4566.19614,4586.53,4619.42614,4566.19614,4545.86228,4586.53,4586.53,True,True
2026-08-28T03:59:28.884562+00:00,d20227b9-7669-4758-b70b-be56f8d2d9cd,NEW_VALID_HIGH,4569.74,FIB_ACTIVE,TP_DYNAMIC,4569.74,4533.3,4586.53,4533.3,4545.86228,4566.19614,4586.53,4619.42614,4566.19614,4545.86228,4586.53,4586.53,True,True
2026-08-28T03:59:28.884562+00:00,d20227b9-7669-4758-b70b-be56f8d2d9cd,TP_UPDATED,4569.74,TP_DYNAMIC,TP_DYNAMIC,4569.74,4533.3,4586.53,4533.3,4545.86228,4566.19614,4586.53,4619.42614,4566.19614,4545.86228,4586.53,4586.53,True,True
2026-08-28T03:59:28.884562+00:00,d20227b9-7669-4758-b70b-be56f8d2d9cd,NEW_VALID_HIGH,4586.53,TP_DYNAMIC,TP_DYNAMIC,4569.74,4533.3,4586.53,4533.3,4545.86228,4566.19614,4586.53,4619.42614,4566.19614,4545.86228,4586.53,4586.53,True,True
2026-08-28T03:59:28.884562+00:00,d20227b9-7669-4758-b70b-be56f8d2d9cd,TP_UPDATED,4586.53,TP_DYNAMIC,TP_DYNAMIC,4569.74,4533.3,4586.53,4533.3,4545.86228,4566.19614,4586.53,4619.42614,4566.19614,4545.86228,4586.53,4586.53,True,True
2026-08-28T03:59:28.900887+00:00,d20227b9-7669-4758-b70b-be56f8d2d9cd,ENTRY_TOUCHED,4557.19,TP_DYNAMIC,ENTRY_TOUCHED,4569.74,4533.3,4586.53,4533.3,4545.86228,4566.19614,4586.53,4619.42614,4566.19614,4545.86228,4586.53,4586.53,True,True
2026-08-28T03:59:28.900887+00:00,d20227b9-7669-4758-b70b-be56f8d2d9cd,TP_LOCKED,4586.53,ENTRY_TOUCHED,TP_FROZEN,4569.74,4533.3,4586.53,4533.3,4545.86228,4566.19614,4586.53,4619.42614,4566.19614,4545.86228,4586.53,4586.53,True,True
2026-08-28T03:59:28.910908+00:00,d20227b9-7669-4758-b70b-be56f8d2d9cd,TP_HIT,4587.65,TP_FROZEN,COMPLETED,4569.74,4533.3,4586.53,4533.3,4545.86228,4566.19614,4586.53,4619.42614,4566.19614,4545.86228,4586.53,4586.53,True,True
2026-08-28T03:59:28.932199+00:00,9757844a-ed89-4c8e-be64-781f73f4e6b0,BOS_DETECTED,4550.81,NO_SETUP,BOS_DETECTED,4550.0,4533.76,4561.89,4533.76,4537.59264,4543.79632,4550.0,4560.03632,4543.79632,4537.59264,4550.0,4550.0,True,True
2026-08-28T03:59:28.932199+00:00,9757844a-ed89-4c8e-be64-781f73f4e6b0,POINT_2_FOUND,4533.76,BOS_DETECTED,POINT_2_IDENTIFIED,4550.0,4533.76,4561.89,4533.76,4537.59264,4543.79632,4550.0,4560.03632,4543.79632,4537.59264,4550.0,4550.0,True,True
2026-08-28T03:59:28.932199+00:00,9757844a-ed89-4c8e-be64-781f73f4e6b0,SETUP_CREATED,4550.0,POINT_2_IDENTIFIED,FIB_ACTIVE,4550.0,4533.76,4561.89,4533.76,4537.59264,4543.79632,4550.0,4560.03632,4543.79632,4537.59264,4550.0,4550.0,True,True
2026-08-28T03:59:28.932199+00:00,9757844a-ed89-4c8e-be64-781f73f4e6b0,NEW_VALID_HIGH,4550.0,FIB_ACTIVE,TP_DYNAMIC,4550.0,4533.76,4561.89,4533.76,4537.59264,4543.79632,4550.0,4560.03632,4543.79632,4537.59264,4550.0,4550.0,True,True
2026-08-28T03:59:28.932199+00:00,9757844a-ed89-4c8e-be64-781f73f4e6b0,TP_UPDATED,4550.0,TP_DYNAMIC,TP_DYNAMIC,4550.0,4533.76,4561.89,4533.76,4537.59264,4543.79632,4550.0,4560.03632,4543.79632,4537.59264,4550.0,4550.0,True,True
2026-08-28T03:59:28.932199+00:00,9757844a-ed89-4c8e-be64-781f73f4e6b0,ENTRY_TOUCHED,4542.09,TP_DYNAMIC,ENTRY_TOUCHED,4550.0,4533.76,4561.89,4533.76,4537.59264,4543.79632,4550.0,4560.03632,4543.79632,4537.59264,4550.0,4550.0,True,True
2026-08-28T03:59:28.932199+00:00,9757844a-ed89-4c8e-be64-781f73f4e6b0,TP_LOCKED,4550.0,ENTRY_TOUCHED,TP_FROZEN,4550.0,4533.76,4561.89,4533.76,4537.59264,4543.79632,4550.0,4560.03632,4543.79632,4537.59264,4550.0,4550.0,True,True
2026-08-28T03:59:28.932199+00:00,9757844a-ed89-4c8e-be64-781f73f4e6b0,POST_ENTRY_HIGH_IGNORED,4561.89,TP_FROZEN,TP_FROZEN,4550.0,4533.76,4561.89,4533.76,4537.59264,4543.79632,4550.0,4560.03632,4543.79632,4537.59264,4550.0,4550.0,True,True
2026-08-28T03:59:28.932199+00:00,9757844a-ed89-4c8e-be64-781f73f4e6b0,TP_HIT,4546.04,TP_FROZEN,COMPLETED,4550.0,4533.76,4561.89,4533.76,4537.59264,4543.79632,4550.0,4560.03632,4543.79632,4537.59264,4550.0,4550.0,True,True
2026-08-28T03:59:29.021745+00:00,a979cfb0-5249-473a-a294-ee95efd0e497,BOS_DETECTED,4505.14,NO_SETUP,BOS_DETECTED,4495.96,4480.7,4495.96,4480.7,4484.3013599999995,4490.13068,4495.96,4505.39068,4490.13068,4484.3013599999995,4495.96,4495.96,True,True
2026-08-28T03:59:29.021745+00:00,a979cfb0-5249-473a-a294-ee95efd0e497,POINT_2_FOUND,4480.7,BOS_DETECTED,POINT_2_IDENTIFIED,4495.96,4480.7,4495.96,4480.7,4484.3013599999995,4490.13068,4495.96,4505.39068,4490.13068,4484.3013599999995,4495.96,4495.96,True,True
2026-08-28T03:59:29.021745+00:00,a979cfb0-5249-473a-a294-ee95efd0e497,SETUP_CREATED,4495.96,POINT_2_IDENTIFIED,FIB_ACTIVE,4495.96,4480.7,4495.96,4480.7,4484.3013599999995,4490.13068,4495.96,4505.39068,4490.13068,4484.3013599999995,4495.96,4495.96,True,True
2026-08-28T03:59:29.021745+00:00,a979cfb0-5249-473a-a294-ee95efd0e497,NEW_VALID_HIGH,4495.96,FIB_ACTIVE,TP_DYNAMIC,4495.96,4480.7,4495.96,4480.7,4484.3013599999995,4490.13068,4495.96,4505.39068,4490.13068,4484.3013599999995,4495.96,4495.96,True,True
2026-08-28T03:59:29.021745+00:00,a979cfb0-5249-473a-a294-ee95efd0e497,TP_UPDATED,4495.96,TP_DYNAMIC,TP_DYNAMIC,4495.96,4480.7,4495.96,4480.7,4484.3013599999995,4490.13068,4495.96,4505.39068,4490.13068,4484.3013599999995,4495.96,4495.96,True,True
2026-08-28T03:59:29.021745+00:00,a979cfb0-5249-473a-a294-ee95efd0e497,ENTRY_TOUCHED,4505.14,TP_DYNAMIC,ENTRY_TOUCHED,4495.96,4480.7,4495.96,4480.7,4484.3013599999995,4490.13068,4495.96,4505.39068,4490.13068,4484.3013599999995,4495.96,4495.96,True,True
2026-08-28T03:59:29.021745+00:00,a979cfb0-5249-473a-a294-ee95efd0e497,TP_LOCKED,4495.96,ENTRY_TOUCHED,TP_FROZEN,4495.96,4480.7,4495.96,4480.7,4484.3013599999995,4490.13068,4495.96,4505.39068,4490.13068,4484.3013599999995,4495.96,4495.96,True,True
2026-08-28T03:59:29.023987+00:00,a979cfb0-5249-473a-a294-ee95efd0e497,TP_HIT,4508.29,TP_FROZEN,COMPLETED,4495.96,4480.7,4495.96,4480.7,4484.3013599999995,4490.13068,4495.96,4505.39068,4490.13068,4484.3013599999995,4495.96,4495.96,True,True
2026-08-28T03:59:29.055969+00:00,8cef3021-a267-4fe2-afbf-cdb17713c167,BOS_DETECTED,4483.61,NO_SETUP,BOS_DETECTED,4482.16,4460.12,4492.73,4460.12,4467.81596,4480.27298,4492.73,4512.882979999999,4480.27298,4467.81596,4492.73,4492.73,True,True
2026-08-28T03:59:29.055969+00:00,8cef3021-a267-4fe2-afbf-cdb17713c167,POINT_2_FOUND,4460.12,BOS_DETECTED,POINT_2_IDENTIFIED,4482.16,4460.12,4492.73,4460.12,4467.81596,4480.27298,4492.73,4512.882979999999,4480.27298,4467.81596,4492.73,4492.73,True,True
2026-08-28T03:59:29.055969+00:00,8cef3021-a267-4fe2-afbf-cdb17713c167,SETUP_CREATED,4482.16,POINT_2_IDENTIFIED,FIB_ACTIVE,4482.16,4460.12,4492.73,4460.12,4467.81596,4480.27298,4492.73,4512.882979999999,4480.27298,4467.81596,4492.73,4492.73,True,True
2026-08-28T03:59:29.055969+00:00,8cef3021-a267-4fe2-afbf-cdb17713c167,NEW_VALID_HIGH,4482.16,FIB_ACTIVE,TP_DYNAMIC,4482.16,4460.12,4492.73,4460.12,4467.81596,4480.27298,4492.73,4512.882979999999,4480.27298,4467.81596,4492.73,4492.73,True,True
2026-08-28T03:59:29.055969+00:00,8cef3021-a267-4fe2-afbf-cdb17713c167,TP_UPDATED,4482.16,TP_DYNAMIC,TP_DYNAMIC,4482.16,4460.12,4492.73,4460.12,4467.81596,4480.27298,4492.73,4512.882979999999,4480.27298,4467.81596,4492.73,4492.73,True,True
2026-08-28T03:59:29.064460+00:00,8cef3021-a267-4fe2-afbf-cdb17713c167,NEW_VALID_HIGH,4492.73,TP_DYNAMIC,TP_DYNAMIC,4482.16,4460.12,4492.73,4460.12,4467.81596,4480.27298,4492.73,4512.882979999999,4480.27298,4467.81596,4492.73,4492.73,True,True
2026-08-28T03:59:29.064460+00:00,8cef3021-a267-4fe2-afbf-cdb17713c167,TP_UPDATED,4492.73,TP_DYNAMIC,TP_DYNAMIC,4482.16,4460.12,4492.73,4460.12,4467.81596,4480.27298,4492.73,4512.882979999999,4480.27298,4467.81596,4492.73,4492.73,True,True
2026-08-28T03:59:29.064460+00:00,8cef3021-a267-4fe2-afbf-cdb17713c167,ENTRY_TOUCHED,4486.07,TP_DYNAMIC,ENTRY_TOUCHED,4482.16,4460.12,4492.73,4460.12,4467.81596,4480.27298,4492.73,4512.882979999999,4480.27298,4467.81596,4492.73,4492.73,True,True
2026-08-28T03:59:29.064460+00:00,8cef3021-a267-4fe2-afbf-cdb17713c167,TP_LOCKED,4492.73,ENTRY_TOUCHED,TP_FROZEN,4482.16,4460.12,4492.73,4460.12,4467.81596,4480.27298,4492.73,4512.882979999999,4480.27298,4467.81596,4492.73,4492.73,True,True
2026-08-28T03:59:29.064460+00:00,8cef3021-a267-4fe2-afbf-cdb17713c167,TP_HIT,4487.52,TP_FROZEN,COMPLETED,4482.16,4460.12,4492.73,4460.12,4467.81596,4480.27298,4492.73,4512.882979999999,4480.27298,4467.81596,4492.73,4492.73,True,True
2026-08-28T03:59:29.064460+00:00,b2092d4d-79f3-468d-9de2-a8dc7d949103,BOS_DETECTED,4497.01,NO_SETUP,BOS_DETECTED,4492.73,4465.66,4508.4,4465.66,4474.58788,4489.0389399999995,4503.49,4526.868939999999,4489.0389399999995,4474.58788,4503.49,4503.49,True,True
2026-08-28T03:59:29.064460+00:00,b2092d4d-79f3-468d-9de2-a8dc7d949103,POINT_2_FOUND,4465.66,BOS_DETECTED,POINT_2_IDENTIFIED,4492.73,4465.66,4508.4,4465.66,4474.58788,4489.0389399999995,4503.49,4526.868939999999,4489.0389399999995,4474.58788,4503.49,4503.49,True,True
2026-08-28T03:59:29.064460+00:00,b2092d4d-79f3-468d-9de2-a8dc7d949103,SETUP_CREATED,4492.73,POINT_2_IDENTIFIED,FIB_ACTIVE,4492.73,4465.66,4508.4,4465.66,4474.58788,4489.0389399999995,4503.49,4526.868939999999,4489.0389399999995,4474.58788,4503.49,4503.49,True,True
2026-08-28T03:59:29.064460+00:00,b2092d4d-79f3-468d-9de2-a8dc7d949103,NEW_VALID_HIGH,4492.73,FIB_ACTIVE,TP_DYNAMIC,4492.73,4465.66,4508.4,4465.66,4474.58788,4489.0389399999995,4503.49,4526.868939999999,4489.0389399999995,4474.58788,4503.49,4503.49,True,True
2026-08-28T03:59:29.064460+00:00,b2092d4d-79f3-468d-9de2-a8dc7d949103,TP_UPDATED,4492.73,TP_DYNAMIC,TP_DYNAMIC,4492.73,4465.66,4508.4,4465.66,4474.58788,4489.0389399999995,4503.49,4526.868939999999,4489.0389399999995,4474.58788,4503.49,4503.49,True,True
2026-08-28T03:59:29.064460+00:00,b2092d4d-79f3-468d-9de2-a8dc7d949103,NEW_VALID_HIGH,4503.49,TP_DYNAMIC,TP_DYNAMIC,4492.73,4465.66,4508.4,4465.66,4474.58788,4489.0389399999995,4503.49,4526.868939999999,4489.0389399999995,4474.58788,4503.49,4503.49,True,True
2026-08-28T03:59:29.064460+00:00,b2092d4d-79f3-468d-9de2-a8dc7d949103,TP_UPDATED,4503.49,TP_DYNAMIC,TP_DYNAMIC,4492.73,4465.66,4508.4,4465.66,4474.58788,4489.0389399999995,4503.49,4526.868939999999,4489.0389399999995,4474.58788,4503.49,4503.49,True,True
2026-08-28T03:59:29.076275+00:00,b2092d4d-79f3-468d-9de2-a8dc7d949103,ENTRY_TOUCHED,4492.33,TP_DYNAMIC,ENTRY_TOUCHED,4492.73,4465.66,4508.4,4465.66,4474.58788,4489.0389399999995,4503.49,4526.868939999999,4489.0389399999995,4474.58788,4503.49,4503.49,True,True
2026-08-28T03:59:29.076275+00:00,b2092d4d-79f3-468d-9de2-a8dc7d949103,TP_LOCKED,4503.49,ENTRY_TOUCHED,TP_FROZEN,4492.73,4465.66,4508.4,4465.66,4474.58788,4489.0389399999995,4503.49,4526.868939999999,4489.0389399999995,4474.58788,4503.49,4503.49,True,True
2026-08-28T03:59:29.076275+00:00,b2092d4d-79f3-468d-9de2-a8dc7d949103,POST_ENTRY_HIGH_IGNORED,4508.4,TP_FROZEN,TP_FROZEN,4492.73,4465.66,4508.4,4465.66,4474.58788,4489.0389399999995,4503.49,4526.868939999999,4489.0389399999995,4474.58788,4503.49,4503.49,True,True
2026-08-28T03:59:29.076275+00:00,b2092d4d-79f3-468d-9de2-a8dc7d949103,SL_HIT,4479.86,TP_FROZEN,COMPLETED,4492.73,4465.66,4508.4,4465.66,4474.58788,4489.0389399999995,4503.49,4526.868939999999,4489.0389399999995,4474.58788,4503.49,4503.49,True,True
2026-08-28T03:59:29.078286+00:00,ed95ee61-3c15-4e11-aea8-a78e70b283be,BOS_DETECTED,4509.28,NO_SETUP,BOS_DETECTED,4508.4,4471.01,4508.4,4471.01,4479.83404,4494.11702,4508.4,4531.507019999999,4494.11702,4479.83404,4508.4,4508.4,True,True
2026-08-28T03:59:29.078286+00:00,ed95ee61-3c15-4e11-aea8-a78e70b283be,POINT_2_FOUND,4471.01,BOS_DETECTED,POINT_2_IDENTIFIED,4508.4,4471.01,4508.4,4471.01,4479.83404,4494.11702,4508.4,4531.507019999999,4494.11702,4479.83404,4508.4,4508.4,True,True
2026-08-28T03:59:29.078286+00:00,ed95ee61-3c15-4e11-aea8-a78e70b283be,SETUP_CREATED,4508.4,POINT_2_IDENTIFIED,FIB_ACTIVE,4508.4,4471.01,4508.4,4471.01,4479.83404,4494.11702,4508.4,4531.507019999999,4494.11702,4479.83404,4508.4,4508.4,True,True
2026-08-28T03:59:29.078286+00:00,ed95ee61-3c15-4e11-aea8-a78e70b283be,NEW_VALID_HIGH,4508.4,FIB_ACTIVE,TP_DYNAMIC,4508.4,4471.01,4508.4,4471.01,4479.83404,4494.11702,4508.4,4531.507019999999,4494.11702,4479.83404,4508.4,4508.4,True,True
2026-08-28T03:59:29.078286+00:00,ed95ee61-3c15-4e11-aea8-a78e70b283be,TP_UPDATED,4508.4,TP_DYNAMIC,TP_DYNAMIC,4508.4,4471.01,4508.4,4471.01,4479.83404,4494.11702,4508.4,4531.507019999999,4494.11702,4479.83404,4508.4,4508.4,True,True
2026-08-28T03:59:29.078286+00:00,ed95ee61-3c15-4e11-aea8-a78e70b283be,ENTRY_TOUCHED,4509.28,TP_DYNAMIC,ENTRY_TOUCHED,4508.4,4471.01,4508.4,4471.01,4479.83404,4494.11702,4508.4,4531.507019999999,4494.11702,4479.83404,4508.4,4508.4,True,True
2026-08-28T03:59:29.078286+00:00,ed95ee61-3c15-4e11-aea8-a78e70b283be,TP_LOCKED,4508.4,ENTRY_TOUCHED,TP_FROZEN,4508.4,4471.01,4508.4,4471.01,4479.83404,4494.11702,4508.4,4531.507019999999,4494.11702,4479.83404,4508.4,4508.4,True,True
2026-08-28T03:59:29.078286+00:00,ed95ee61-3c15-4e11-aea8-a78e70b283be,TP_HIT,4522.67,TP_FROZEN,COMPLETED,4508.4,4471.01,4508.4,4471.01,4479.83404,4494.11702,4508.4,4531.507019999999,4494.11702,4479.83404,4508.4,4508.4,True,True
2026-08-28T03:59:29.087608+00:00,df14d8c1-6e8c-4fc8-811a-2057891482a8,BOS_DETECTED,4545.02,NO_SETUP,BOS_DETECTED,4541.57,4527.44,4553.0,4527.44,4533.472159999999,4543.23608,4553.0,4568.79608,4543.23608,4533.472159999999,4553.0,4553.0,True,True
2026-08-28T03:59:29.087608+00:00,df14d8c1-6e8c-4fc8-811a-2057891482a8,POINT_2_FOUND,4527.44,BOS_DETECTED,POINT_2_IDENTIFIED,4541.57,4527.44,4553.0,4527.44,4533.472159999999,4543.23608,4553.0,4568.79608,4543.23608,4533.472159999999,4553.0,4553.0,True,True
2026-08-28T03:59:29.087608+00:00,df14d8c1-6e8c-4fc8-811a-2057891482a8,SETUP_CREATED,4541.57,POINT_2_IDENTIFIED,FIB_ACTIVE,4541.57,4527.44,4553.0,4527.44,4533.472159999999,4543.23608,4553.0,4568.79608,4543.23608,4533.472159999999,4553.0,4553.0,True,True
2026-08-28T03:59:29.087608+00:00,df14d8c1-6e8c-4fc8-811a-2057891482a8,NEW_VALID_HIGH,4541.57,FIB_ACTIVE,TP_DYNAMIC,4541.57,4527.44,4553.0,4527.44,4533.472159999999,4543.23608,4553.0,4568.79608,4543.23608,4533.472159999999,4553.0,4553.0,True,True
2026-08-28T03:59:29.087608+00:00,df14d8c1-6e8c-4fc8-811a-2057891482a8,TP_UPDATED,4541.57,TP_DYNAMIC,TP_DYNAMIC,4541.57,4527.44,4553.0,4527.44,4533.472159999999,4543.23608,4553.0,4568.79608,4543.23608,4533.472159999999,4553.0,4553.0,True,True
2026-08-28T03:59:29.096877+00:00,df14d8c1-6e8c-4fc8-811a-2057891482a8,NEW_VALID_HIGH,4553.0,TP_DYNAMIC,TP_DYNAMIC,4541.57,4527.44,4553.0,4527.44,4533.472159999999,4543.23608,4553.0,4568.79608,4543.23608,4533.472159999999,4553.0,4553.0,True,True
2026-08-28T03:59:29.096877+00:00,df14d8c1-6e8c-4fc8-811a-2057891482a8,TP_UPDATED,4553.0,TP_DYNAMIC,TP_DYNAMIC,4541.57,4527.44,4553.0,4527.44,4533.472159999999,4543.23608,4553.0,4568.79608,4543.23608,4533.472159999999,4553.0,4553.0,True,True
2026-08-28T03:59:29.096877+00:00,df14d8c1-6e8c-4fc8-811a-2057891482a8,ENTRY_TOUCHED,4544.0,TP_DYNAMIC,ENTRY_TOUCHED,4541.57,4527.44,4553.0,4527.44,4533.472159999999,4543.23608,4553.0,4568.79608,4543.23608,4533.472159999999,4553.0,4553.0,True,True
2026-08-28T03:59:29.096877+00:00,df14d8c1-6e8c-4fc8-811a-2057891482a8,TP_LOCKED,4553.0,ENTRY_TOUCHED,TP_FROZEN,4541.57,4527.44,4553.0,4527.44,4533.472159999999,4543.23608,4553.0,4568.79608,4543.23608,4533.472159999999,4553.0,4553.0,True,True
2026-08-28T03:59:29.105627+00:00,df14d8c1-6e8c-4fc8-811a-2057891482a8,TP_HIT,4546.08,TP_FROZEN,COMPLETED,4541.57,4527.44,4553.0,4527.44,4533.472159999999,4543.23608,4553.0,4568.79608,4543.23608,4533.472159999999,4553.0,4553.0,True,True
2026-08-28T03:59:29.105627+00:00,abbfd1a6-9c8b-4499-be0e-fa08126ccd50,BOS_DETECTED,4561.87,NO_SETUP,BOS_DETECTED,4549.94,4531.93,4549.94,4531.93,4536.18036,4543.0601799999995,4549.94,4561.070179999999,4543.0601799999995,4536.18036,4549.94,4549.94,True,True
2026-08-28T03:59:29.110822+00:00,abbfd1a6-9c8b-4499-be0e-fa08126ccd50,POINT_2_FOUND,4531.93,BOS_DETECTED,POINT_2_IDENTIFIED,4549.94,4531.93,4549.94,4531.93,4536.18036,4543.0601799999995,4549.94,4561.070179999999,4543.0601799999995,4536.18036,4549.94,4549.94,True,True
2026-08-28T03:59:29.110822+00:00,abbfd1a6-9c8b-4499-be0e-fa08126ccd50,SETUP_CREATED,4549.94,POINT_2_IDENTIFIED,FIB_ACTIVE,4549.94,4531.93,4549.94,4531.93,4536.18036,4543.0601799999995,4549.94,4561.070179999999,4543.0601799999995,4536.18036,4549.94,4549.94,True,True
2026-08-28T03:59:29.110822+00:00,abbfd1a6-9c8b-4499-be0e-fa08126ccd50,NEW_VALID_HIGH,4549.94,FIB_ACTIVE,TP_DYNAMIC,4549.94,4531.93,4549.94,4531.93,4536.18036,4543.0601799999995,4549.94,4561.070179999999,4543.0601799999995,4536.18036,4549.94,4549.94,True,True
2026-08-28T03:59:29.110822+00:00,abbfd1a6-9c8b-4499-be0e-fa08126ccd50,TP_UPDATED,4549.94,TP_DYNAMIC,TP_DYNAMIC,4549.94,4531.93,4549.94,4531.93,4536.18036,4543.0601799999995,4549.94,4561.070179999999,4543.0601799999995,4536.18036,4549.94,4549.94,True,True
2026-08-28T03:59:29.110822+00:00,abbfd1a6-9c8b-4499-be0e-fa08126ccd50,ENTRY_TOUCHED,4561.87,TP_DYNAMIC,ENTRY_TOUCHED,4549.94,4531.93,4549.94,4531.93,4536.18036,4543.0601799999995,4549.94,4561.070179999999,4543.0601799999995,4536.18036,4549.94,4549.94,True,True
2026-08-28T03:59:29.110822+00:00,abbfd1a6-9c8b-4499-be0e-fa08126ccd50,TP_LOCKED,4549.94,ENTRY_TOUCHED,TP_FROZEN,4549.94,4531.93,4549.94,4531.93,4536.18036,4543.0601799999995,4549.94,4561.070179999999,4543.0601799999995,4536.18036,4549.94,4549.94,True,True
2026-08-28T03:59:29.110822+00:00,abbfd1a6-9c8b-4499-be0e-fa08126ccd50,TP_HIT,4568.3,TP_FROZEN,COMPLETED,4549.94,4531.93,4549.94,4531.93,4536.18036,4543.0601799999995,4549.94,4561.070179999999,4543.0601799999995,4536.18036,4549.94,4549.94,True,True
2026-08-28T03:59:29.147709+00:00,7b2f4549-6214-467b-9b31-f88ea785ff56,BOS_DETECTED,4519.19,NO_SETUP,BOS_DETECTED,4517.44,4492.09,4560.9,4492.09,4508.32916,4534.6145799999995,4560.9,4603.424579999999,4534.6145799999995,4508.32916,4560.9,4560.9,True,True
2026-08-28T03:59:29.147709+00:00,7b2f4549-6214-467b-9b31-f88ea785ff56,POINT_2_FOUND,4492.09,BOS_DETECTED,POINT_2_IDENTIFIED,4517.44,4492.09,4560.9,4492.09,4508.32916,4534.6145799999995,4560.9,4603.424579999999,4534.6145799999995,4508.32916,4560.9,4560.9,True,True
2026-08-28T03:59:29.147709+00:00,7b2f4549-6214-467b-9b31-f88ea785ff56,SETUP_CREATED,4517.44,POINT_2_IDENTIFIED,FIB_ACTIVE,4517.44,4492.09,4560.9,4492.09,4508.32916,4534.6145799999995,4560.9,4603.424579999999,4534.6145799999995,4508.32916,4560.9,4560.9,True,True
2026-08-28T03:59:29.147709+00:00,7b2f4549-6214-467b-9b31-f88ea785ff56,NEW_VALID_HIGH,4517.44,FIB_ACTIVE,TP_DYNAMIC,4517.44,4492.09,4560.9,4492.09,4508.32916,4534.6145799999995,4560.9,4603.424579999999,4534.6145799999995,4508.32916,4560.9,4560.9,True,True
2026-08-28T03:59:29.147709+00:00,7b2f4549-6214-467b-9b31-f88ea785ff56,TP_UPDATED,4517.44,TP_DYNAMIC,TP_DYNAMIC,4517.44,4492.09,4560.9,4492.09,4508.32916,4534.6145799999995,4560.9,4603.424579999999,4534.6145799999995,4508.32916,4560.9,4560.9,True,True
2026-08-28T03:59:29.150728+00:00,7b2f4549-6214-467b-9b31-f88ea785ff56,NEW_VALID_HIGH,4522.64,TP_DYNAMIC,TP_DYNAMIC,4517.44,4492.09,4560.9,4492.09,4508.32916,4534.6145799999995,4560.9,4603.424579999999,4534.6145799999995,4508.32916,4560.9,4560.9,True,True
2026-08-28T03:59:29.150728+00:00,7b2f4549-6214-467b-9b31-f88ea785ff56,TP_UPDATED,4522.64,TP_DYNAMIC,TP_DYNAMIC,4517.44,4492.09,4560.9,4492.09,4508.32916,4534.6145799999995,4560.9,4603.424579999999,4534.6145799999995,4508.32916,4560.9,4560.9,True,True
2026-08-28T03:59:29.152721+00:00,7b2f4549-6214-467b-9b31-f88ea785ff56,NEW_VALID_HIGH,4560.9,TP_DYNAMIC,TP_DYNAMIC,4517.44,4492.09,4560.9,4492.09,4508.32916,4534.6145799999995,4560.9,4603.424579999999,4534.6145799999995,4508.32916,4560.9,4560.9,True,True
2026-08-28T03:59:29.152721+00:00,7b2f4549-6214-467b-9b31-f88ea785ff56,TP_UPDATED,4560.9,TP_DYNAMIC,TP_DYNAMIC,4517.44,4492.09,4560.9,4492.09,4508.32916,4534.6145799999995,4560.9,4603.424579999999,4534.6145799999995,4508.32916,4560.9,4560.9,True,True
2026-08-28T03:59:29.155749+00:00,7b2f4549-6214-467b-9b31-f88ea785ff56,ENTRY_TOUCHED,4534.18,TP_DYNAMIC,ENTRY_TOUCHED,4517.44,4492.09,4560.9,4492.09,4508.32916,4534.6145799999995,4560.9,4603.424579999999,4534.6145799999995,4508.32916,4560.9,4560.9,True,True
2026-08-28T03:59:29.155749+00:00,7b2f4549-6214-467b-9b31-f88ea785ff56,TP_LOCKED,4560.9,ENTRY_TOUCHED,TP_FROZEN,4517.44,4492.09,4560.9,4492.09,4508.32916,4534.6145799999995,4560.9,4603.424579999999,4534.6145799999995,4508.32916,4560.9,4560.9,True,True
2026-08-28T03:59:29.210897+00:00,7b2f4549-6214-467b-9b31-f88ea785ff56,SL_HIT,4501.08,TP_FROZEN,COMPLETED,4517.44,4492.09,4560.9,4492.09,4508.32916,4534.6145799999995,4560.9,4603.424579999999,4534.6145799999995,4508.32916,4560.9,4560.9,True,True
2026-08-28T03:59:29.230677+00:00,e552ce8b-52b4-4f7f-9af6-ae8e89acecb5,BOS_DETECTED,4513.74,NO_SETUP,BOS_DETECTED,4512.66,4506.47,4514.4,4506.47,4508.34148,4511.37074,4514.4,4519.30074,4511.37074,4508.34148,4514.4,4514.4,True,True
2026-08-28T03:59:29.230677+00:00,e552ce8b-52b4-4f7f-9af6-ae8e89acecb5,POINT_2_FOUND,4506.47,BOS_DETECTED,POINT_2_IDENTIFIED,4512.66,4506.47,4514.4,4506.47,4508.34148,4511.37074,4514.4,4519.30074,4511.37074,4508.34148,4514.4,4514.4,True,True
2026-08-28T03:59:29.230677+00:00,e552ce8b-52b4-4f7f-9af6-ae8e89acecb5,SETUP_CREATED,4512.66,POINT_2_IDENTIFIED,FIB_ACTIVE,4512.66,4506.47,4514.4,4506.47,4508.34148,4511.37074,4514.4,4519.30074,4511.37074,4508.34148,4514.4,4514.4,True,True
2026-08-28T03:59:29.230677+00:00,e552ce8b-52b4-4f7f-9af6-ae8e89acecb5,NEW_VALID_HIGH,4512.66,FIB_ACTIVE,TP_DYNAMIC,4512.66,4506.47,4514.4,4506.47,4508.34148,4511.37074,4514.4,4519.30074,4511.37074,4508.34148,4514.4,4514.4,True,True
2026-08-28T03:59:29.230677+00:00,e552ce8b-52b4-4f7f-9af6-ae8e89acecb5,TP_UPDATED,4512.66,TP_DYNAMIC,TP_DYNAMIC,4512.66,4506.47,4514.4,4506.47,4508.34148,4511.37074,4514.4,4519.30074,4511.37074,4508.34148,4514.4,4514.4,True,True
2026-08-28T03:59:29.230677+00:00,e552ce8b-52b4-4f7f-9af6-ae8e89acecb5,NEW_VALID_HIGH,4514.4,TP_DYNAMIC,TP_DYNAMIC,4512.66,4506.47,4514.4,4506.47,4508.34148,4511.37074,4514.4,4519.30074,4511.37074,4508.34148,4514.4,4514.4,True,True
2026-08-28T03:59:29.230677+00:00,e552ce8b-52b4-4f7f-9af6-ae8e89acecb5,TP_UPDATED,4514.4,TP_DYNAMIC,TP_DYNAMIC,4512.66,4506.47,4514.4,4506.47,4508.34148,4511.37074,4514.4,4519.30074,4511.37074,4508.34148,4514.4,4514.4,True,True
2026-08-28T03:59:29.230677+00:00,e552ce8b-52b4-4f7f-9af6-ae8e89acecb5,ENTRY_TOUCHED,4511.1,TP_DYNAMIC,ENTRY_TOUCHED,4512.66,4506.47,4514.4,4506.47,4508.34148,4511.37074,4514.4,4519.30074,4511.37074,4508.34148,4514.4,4514.4,True,True
2026-08-28T03:59:29.230677+00:00,e552ce8b-52b4-4f7f-9af6-ae8e89acecb5,TP_LOCKED,4514.4,ENTRY_TOUCHED,TP_FROZEN,4512.66,4506.47,4514.4,4506.47,4508.34148,4511.37074,4514.4,4519.30074,4511.37074,4508.34148,4514.4,4514.4,True,True
2026-08-28T03:59:29.230677+00:00,e552ce8b-52b4-4f7f-9af6-ae8e89acecb5,SL_HIT,4508.39,TP_FROZEN,COMPLETED,4512.66,4506.47,4514.4,4506.47,4508.34148,4511.37074,4514.4,4519.30074,4511.37074,4508.34148,4514.4,4514.4,True,True
2026-08-28T03:59:29.245044+00:00,38a74a91-a8f8-4154-8448-0fbf4f656074,BOS_DETECTED,4513.43,NO_SETUP,BOS_DETECTED,4513.0,4504.5,4517.8,4504.5,4507.6388,4512.7194,4517.8,4526.0194,4512.7194,4507.6388,4517.8,4517.8,True,True
2026-08-28T03:59:29.245044+00:00,38a74a91-a8f8-4154-8448-0fbf4f656074,POINT_2_FOUND,4504.5,BOS_DETECTED,POINT_2_IDENTIFIED,4513.0,4504.5,4517.8,4504.5,4507.6388,4512.7194,4517.8,4526.0194,4512.7194,4507.6388,4517.8,4517.8,True,True
2026-08-28T03:59:29.245044+00:00,38a74a91-a8f8-4154-8448-0fbf4f656074,SETUP_CREATED,4513.0,POINT_2_IDENTIFIED,FIB_ACTIVE,4513.0,4504.5,4517.8,4504.5,4507.6388,4512.7194,4517.8,4526.0194,4512.7194,4507.6388,4517.8,4517.8,True,True
2026-08-28T03:59:29.245044+00:00,38a74a91-a8f8-4154-8448-0fbf4f656074,NEW_VALID_HIGH,4513.0,FIB_ACTIVE,TP_DYNAMIC,4513.0,4504.5,4517.8,4504.5,4507.6388,4512.7194,4517.8,4526.0194,4512.7194,4507.6388,4517.8,4517.8,True,True
2026-08-28T03:59:29.245044+00:00,38a74a91-a8f8-4154-8448-0fbf4f656074,TP_UPDATED,4513.0,TP_DYNAMIC,TP_DYNAMIC,4513.0,4504.5,4517.8,4504.5,4507.6388,4512.7194,4517.8,4526.0194,4512.7194,4507.6388,4517.8,4517.8,True,True
2026-08-28T03:59:29.247058+00:00,38a74a91-a8f8-4154-8448-0fbf4f656074,NEW_VALID_HIGH,4515.94,TP_DYNAMIC,TP_DYNAMIC,4513.0,4504.5,4517.8,4504.5,4507.6388,4512.7194,4517.8,4526.0194,4512.7194,4507.6388,4517.8,4517.8,True,True
2026-08-28T03:59:29.247058+00:00,38a74a91-a8f8-4154-8448-0fbf4f656074,TP_UPDATED,4515.94,TP_DYNAMIC,TP_DYNAMIC,4513.0,4504.5,4517.8,4504.5,4507.6388,4512.7194,4517.8,4526.0194,4512.7194,4507.6388,4517.8,4517.8,True,True
2026-08-28T03:59:29.256738+00:00,38a74a91-a8f8-4154-8448-0fbf4f656074,NEW_VALID_HIGH,4517.8,TP_DYNAMIC,TP_DYNAMIC,4513.0,4504.5,4517.8,4504.5,4507.6388,4512.7194,4517.8,4526.0194,4512.7194,4507.6388,4517.8,4517.8,True,True
2026-08-28T03:59:29.256738+00:00,38a74a91-a8f8-4154-8448-0fbf4f656074,TP_UPDATED,4517.8,TP_DYNAMIC,TP_DYNAMIC,4513.0,4504.5,4517.8,4504.5,4507.6388,4512.7194,4517.8,4526.0194,4512.7194,4507.6388,4517.8,4517.8,True,True
2026-08-28T03:59:29.258755+00:00,38a74a91-a8f8-4154-8448-0fbf4f656074,ENTRY_TOUCHED,4508.19,TP_DYNAMIC,ENTRY_TOUCHED,4513.0,4504.5,4517.8,4504.5,4507.6388,4512.7194,4517.8,4526.0194,4512.7194,4507.6388,4517.8,4517.8,True,True
2026-08-28T03:59:29.258755+00:00,38a74a91-a8f8-4154-8448-0fbf4f656074,TP_LOCKED,4517.8,ENTRY_TOUCHED,TP_FROZEN,4513.0,4504.5,4517.8,4504.5,4507.6388,4512.7194,4517.8,4526.0194,4512.7194,4507.6388,4517.8,4517.8,True,True
2026-08-28T03:59:29.258755+00:00,38a74a91-a8f8-4154-8448-0fbf4f656074,SL_HIT,4507.61,TP_FROZEN,COMPLETED,4513.0,4504.5,4517.8,4504.5,4507.6388,4512.7194,4517.8,4526.0194,4512.7194,4507.6388,4517.8,4517.8,True,True
2026-08-28T03:59:29.274057+00:00,0e74b7a7-b3f3-45ca-9e74-68407b004805,BOS_DETECTED,4510.8,NO_SETUP,BOS_DETECTED,4510.32,4506.13,4510.32,4506.13,4507.11884,4508.719419999999,4510.32,4512.909419999999,4508.719419999999,4507.11884,4510.32,4510.32,True,True
2026-08-28T03:59:29.274057+00:00,0e74b7a7-b3f3-45ca-9e74-68407b004805,POINT_2_FOUND,4506.13,BOS_DETECTED,POINT_2_IDENTIFIED,4510.32,4506.13,4510.32,4506.13,4507.11884,4508.719419999999,4510.32,4512.909419999999,4508.719419999999,4507.11884,4510.32,4510.32,True,True
2026-08-28T03:59:29.274057+00:00,0e74b7a7-b3f3-45ca-9e74-68407b004805,SETUP_CREATED,4510.32,POINT_2_IDENTIFIED,FIB_ACTIVE,4510.32,4506.13,4510.32,4506.13,4507.11884,4508.719419999999,4510.32,4512.909419999999,4508.719419999999,4507.11884,4510.32,4510.32,True,True
2026-08-28T03:59:29.274057+00:00,0e74b7a7-b3f3-45ca-9e74-68407b004805,NEW_VALID_HIGH,4510.32,FIB_ACTIVE,TP_DYNAMIC,4510.32,4506.13,4510.32,4506.13,4507.11884,4508.719419999999,4510.32,4512.909419999999,4508.719419999999,4507.11884,4510.32,4510.32,True,True
2026-08-28T03:59:29.274057+00:00,0e74b7a7-b3f3-45ca-9e74-68407b004805,TP_UPDATED,4510.32,TP_DYNAMIC,TP_DYNAMIC,4510.32,4506.13,4510.32,4506.13,4507.11884,4508.719419999999,4510.32,4512.909419999999,4508.719419999999,4507.11884,4510.32,4510.32,True,True
2026-08-28T03:59:29.274057+00:00,0e74b7a7-b3f3-45ca-9e74-68407b004805,ENTRY_TOUCHED,4510.8,TP_DYNAMIC,ENTRY_TOUCHED,4510.32,4506.13,4510.32,4506.13,4507.11884,4508.719419999999,4510.32,4512.909419999999,4508.719419999999,4507.11884,4510.32,4510.32,True,True
2026-08-28T03:59:29.274057+00:00,0e74b7a7-b3f3-45ca-9e74-68407b004805,TP_LOCKED,4510.32,ENTRY_TOUCHED,TP_FROZEN,4510.32,4506.13,4510.32,4506.13,4507.11884,4508.719419999999,4510.32,4512.909419999999,4508.719419999999,4507.11884,4510.32,4510.32,True,True
2026-08-28T03:59:29.274057+00:00,0e74b7a7-b3f3-45ca-9e74-68407b004805,TP_HIT,4510.2,TP_FROZEN,COMPLETED,4510.32,4506.13,4510.32,4506.13,4507.11884,4508.719419999999,4510.32,4512.909419999999,4508.719419999999,4507.11884,4510.32,4510.32,True,True
2026-08-28T03:59:29.276075+00:00,05207f40-1fc1-4739-a282-cd4ac97000fa,BOS_DETECTED,4511.47,NO_SETUP,BOS_DETECTED,4510.32,4506.13,4542.0,4506.13,4514.59532,4528.29766,4542.0,4564.16766,4528.29766,4514.59532,4542.0,4542.0,True,True
2026-08-28T03:59:29.276075+00:00,05207f40-1fc1-4739-a282-cd4ac97000fa,POINT_2_FOUND,4506.13,BOS_DETECTED,POINT_2_IDENTIFIED,4510.32,4506.13,4542.0,4506.13,4514.59532,4528.29766,4542.0,4564.16766,4528.29766,4514.59532,4542.0,4542.0,True,True
2026-08-28T03:59:29.276075+00:00,05207f40-1fc1-4739-a282-cd4ac97000fa,SETUP_CREATED,4510.32,POINT_2_IDENTIFIED,FIB_ACTIVE,4510.32,4506.13,4542.0,4506.13,4514.59532,4528.29766,4542.0,4564.16766,4528.29766,4514.59532,4542.0,4542.0,True,True
2026-08-28T03:59:29.276075+00:00,05207f40-1fc1-4739-a282-cd4ac97000fa,NEW_VALID_HIGH,4510.32,FIB_ACTIVE,TP_DYNAMIC,4510.32,4506.13,4542.0,4506.13,4514.59532,4528.29766,4542.0,4564.16766,4528.29766,4514.59532,4542.0,4542.0,True,True
2026-08-28T03:59:29.276075+00:00,05207f40-1fc1-4739-a282-cd4ac97000fa,TP_UPDATED,4510.32,TP_DYNAMIC,TP_DYNAMIC,4510.32,4506.13,4542.0,4506.13,4514.59532,4528.29766,4542.0,4564.16766,4528.29766,4514.59532,4542.0,4542.0,True,True
2026-08-28T03:59:29.283191+00:00,05207f40-1fc1-4739-a282-cd4ac97000fa,NEW_VALID_HIGH,4516.97,TP_DYNAMIC,TP_DYNAMIC,4510.32,4506.13,4542.0,4506.13,4514.59532,4528.29766,4542.0,4564.16766,4528.29766,4514.59532,4542.0,4542.0,True,True
2026-08-28T03:59:29.283191+00:00,05207f40-1fc1-4739-a282-cd4ac97000fa,TP_UPDATED,4516.97,TP_DYNAMIC,TP_DYNAMIC,4510.32,4506.13,4542.0,4506.13,4514.59532,4528.29766,4542.0,4564.16766,4528.29766,4514.59532,4542.0,4542.0,True,True
2026-08-28T03:59:29.295222+00:00,05207f40-1fc1-4739-a282-cd4ac97000fa,NEW_VALID_HIGH,4542.0,TP_DYNAMIC,TP_DYNAMIC,4510.32,4506.13,4542.0,4506.13,4514.59532,4528.29766,4542.0,4564.16766,4528.29766,4514.59532,4542.0,4542.0,True,True
2026-08-28T03:59:29.295222+00:00,05207f40-1fc1-4739-a282-cd4ac97000fa,TP_UPDATED,4542.0,TP_DYNAMIC,TP_DYNAMIC,4510.32,4506.13,4542.0,4506.13,4514.59532,4528.29766,4542.0,4564.16766,4528.29766,4514.59532,4542.0,4542.0,True,True
2026-08-28T03:59:29.295222+00:00,05207f40-1fc1-4739-a282-cd4ac97000fa,ENTRY_TOUCHED,4525.32,TP_DYNAMIC,ENTRY_TOUCHED,4510.32,4506.13,4542.0,4506.13,4514.59532,4528.29766,4542.0,4564.16766,4528.29766,4514.59532,4542.0,4542.0,True,True
2026-08-28T03:59:29.295222+00:00,05207f40-1fc1-4739-a282-cd4ac97000fa,TP_LOCKED,4542.0,ENTRY_TOUCHED,TP_FROZEN,4510.32,4506.13,4542.0,4506.13,4514.59532,4528.29766,4542.0,4564.16766,4528.29766,4514.59532,4542.0,4542.0,True,True
2026-08-28T03:59:29.301008+00:00,05207f40-1fc1-4739-a282-cd4ac97000fa,TP_HIT,4540.98,TP_FROZEN,COMPLETED,4510.32,4506.13,4542.0,4506.13,4514.59532,4528.29766,4542.0,4564.16766,4528.29766,4514.59532,4542.0,4542.0,True,True
2026-08-28T03:59:29.307256+00:00,3c0f7461-9ee4-4dd9-b585-c8a29a60978a,BOS_DETECTED,4548.3,NO_SETUP,BOS_DETECTED,4543.53,4523.74,4558.72,4523.74,4531.99528,4545.35764,4558.72,4580.337640000001,4545.35764,4531.99528,4558.72,4558.72,True,True
2026-08-28T03:59:29.309271+00:00,3c0f7461-9ee4-4dd9-b585-c8a29a60978a,POINT_2_FOUND,4523.74,BOS_DETECTED,POINT_2_IDENTIFIED,4543.53,4523.74,4558.72,4523.74,4531.99528,4545.35764,4558.72,4580.337640000001,4545.35764,4531.99528,4558.72,4558.72,True,True
2026-08-28T03:59:29.309271+00:00,3c0f7461-9ee4-4dd9-b585-c8a29a60978a,SETUP_CREATED,4543.53,POINT_2_IDENTIFIED,FIB_ACTIVE,4543.53,4523.74,4558.72,4523.74,4531.99528,4545.35764,4558.72,4580.337640000001,4545.35764,4531.99528,4558.72,4558.72,True,True
2026-08-28T03:59:29.309271+00:00,3c0f7461-9ee4-4dd9-b585-c8a29a60978a,NEW_VALID_HIGH,4543.53,FIB_ACTIVE,TP_DYNAMIC,4543.53,4523.74,4558.72,4523.74,4531.99528,4545.35764,4558.72,4580.337640000001,4545.35764,4531.99528,4558.72,4558.72,True,True
2026-08-28T03:59:29.309271+00:00,3c0f7461-9ee4-4dd9-b585-c8a29a60978a,TP_UPDATED,4543.53,TP_DYNAMIC,TP_DYNAMIC,4543.53,4523.74,4558.72,4523.74,4531.99528,4545.35764,4558.72,4580.337640000001,4545.35764,4531.99528,4558.72,4558.72,True,True
2026-08-28T03:59:29.311866+00:00,3c0f7461-9ee4-4dd9-b585-c8a29a60978a,NEW_VALID_HIGH,4558.72,TP_DYNAMIC,TP_DYNAMIC,4543.53,4523.74,4558.72,4523.74,4531.99528,4545.35764,4558.72,4580.337640000001,4545.35764,4531.99528,4558.72,4558.72,True,True
2026-08-28T03:59:29.311866+00:00,3c0f7461-9ee4-4dd9-b585-c8a29a60978a,TP_UPDATED,4558.72,TP_DYNAMIC,TP_DYNAMIC,4543.53,4523.74,4558.72,4523.74,4531.99528,4545.35764,4558.72,4580.337640000001,4545.35764,4531.99528,4558.72,4558.72,True,True
2026-08-28T03:59:29.311866+00:00,3c0f7461-9ee4-4dd9-b585-c8a29a60978a,ENTRY_TOUCHED,4549.56,TP_DYNAMIC,ENTRY_TOUCHED,4543.53,4523.74,4558.72,4523.74,4531.99528,4545.35764,4558.72,4580.337640000001,4545.35764,4531.99528,4558.72,4558.72,True,True
2026-08-28T03:59:29.311866+00:00,3c0f7461-9ee4-4dd9-b585-c8a29a60978a,TP_LOCKED,4558.72,ENTRY_TOUCHED,TP_FROZEN,4543.53,4523.74,4558.72,4523.74,4531.99528,4545.35764,4558.72,4580.337640000001,4545.35764,4531.99528,4558.72,4558.72,True,True
2026-08-28T03:59:29.344679+00:00,3c0f7461-9ee4-4dd9-b585-c8a29a60978a,SL_HIT,4530.71,TP_FROZEN,COMPLETED,4543.53,4523.74,4558.72,4523.74,4531.99528,4545.35764,4558.72,4580.337640000001,4545.35764,4531.99528,4558.72,4558.72,True,True
2026-08-28T03:59:29.360952+00:00,dff08862-ee02-49ea-bc87-226ab193acf7,BOS_DETECTED,4531.4,NO_SETUP,BOS_DETECTED,4527.6,4522.0,4527.6,4522.0,4523.3216,4525.4608,4527.6,4531.0608,4525.4608,4523.3216,4527.6,4527.6,True,True
2026-08-28T03:59:29.360952+00:00,dff08862-ee02-49ea-bc87-226ab193acf7,POINT_2_FOUND,4522.0,BOS_DETECTED,POINT_2_IDENTIFIED,4527.6,4522.0,4527.6,4522.0,4523.3216,4525.4608,4527.6,4531.0608,4525.4608,4523.3216,4527.6,4527.6,True,True
2026-08-28T03:59:29.360952+00:00,dff08862-ee02-49ea-bc87-226ab193acf7,SETUP_CREATED,4527.6,POINT_2_IDENTIFIED,FIB_ACTIVE,4527.6,4522.0,4527.6,4522.0,4523.3216,4525.4608,4527.6,4531.0608,4525.4608,4523.3216,4527.6,4527.6,True,True
2026-08-28T03:59:29.360952+00:00,dff08862-ee02-49ea-bc87-226ab193acf7,NEW_VALID_HIGH,4527.6,FIB_ACTIVE,TP_DYNAMIC,4527.6,4522.0,4527.6,4522.0,4523.3216,4525.4608,4527.6,4531.0608,4525.4608,4523.3216,4527.6,4527.6,True,True
2026-08-28T03:59:29.360952+00:00,dff08862-ee02-49ea-bc87-226ab193acf7,TP_UPDATED,4527.6,TP_DYNAMIC,TP_DYNAMIC,4527.6,4522.0,4527.6,4522.0,4523.3216,4525.4608,4527.6,4531.0608,4525.4608,4523.3216,4527.6,4527.6,True,True
2026-08-28T03:59:29.360952+00:00,dff08862-ee02-49ea-bc87-226ab193acf7,ENTRY_TOUCHED,4531.4,TP_DYNAMIC,ENTRY_TOUCHED,4527.6,4522.0,4527.6,4522.0,4523.3216,4525.4608,4527.6,4531.0608,4525.4608,4523.3216,4527.6,4527.6,True,True
2026-08-28T03:59:29.360952+00:00,dff08862-ee02-49ea-bc87-226ab193acf7,TP_LOCKED,4527.6,ENTRY_TOUCHED,TP_FROZEN,4527.6,4522.0,4527.6,4522.0,4523.3216,4525.4608,4527.6,4531.0608,4525.4608,4523.3216,4527.6,4527.6,True,True
2026-08-28T03:59:29.360952+00:00,dff08862-ee02-49ea-bc87-226ab193acf7,TP_HIT,4531.51,TP_FROZEN,COMPLETED,4527.6,4522.0,4527.6,4522.0,4523.3216,4525.4608,4527.6,4531.0608,4525.4608,4523.3216,4527.6,4527.6,True,True
2026-08-28T03:59:29.365711+00:00,86b57994-60c1-4f05-8936-009dd029ebf2,BOS_DETECTED,4558.39,NO_SETUP,BOS_DETECTED,4527.6,4522.0,4582.72,4522.0,4536.32992,4559.52496,4582.72,4620.24496,4559.52496,4536.32992,4582.72,4582.72,True,True
2026-08-28T03:59:29.365711+00:00,86b57994-60c1-4f05-8936-009dd029ebf2,POINT_2_FOUND,4522.0,BOS_DETECTED,POINT_2_IDENTIFIED,4527.6,4522.0,4582.72,4522.0,4536.32992,4559.52496,4582.72,4620.24496,4559.52496,4536.32992,4582.72,4582.72,True,True
2026-08-28T03:59:29.365711+00:00,86b57994-60c1-4f05-8936-009dd029ebf2,SETUP_CREATED,4527.6,POINT_2_IDENTIFIED,FIB_ACTIVE,4527.6,4522.0,4582.72,4522.0,4536.32992,4559.52496,4582.72,4620.24496,4559.52496,4536.32992,4582.72,4582.72,True,True
2026-08-28T03:59:29.365711+00:00,86b57994-60c1-4f05-8936-009dd029ebf2,NEW_VALID_HIGH,4527.6,FIB_ACTIVE,TP_DYNAMIC,4527.6,4522.0,4582.72,4522.0,4536.32992,4559.52496,4582.72,4620.24496,4559.52496,4536.32992,4582.72,4582.72,True,True
2026-08-28T03:59:29.365711+00:00,86b57994-60c1-4f05-8936-009dd029ebf2,TP_UPDATED,4527.6,TP_DYNAMIC,TP_DYNAMIC,4527.6,4522.0,4582.72,4522.0,4536.32992,4559.52496,4582.72,4620.24496,4559.52496,4536.32992,4582.72,4582.72,True,True
2026-08-28T03:59:29.374238+00:00,86b57994-60c1-4f05-8936-009dd029ebf2,NEW_VALID_HIGH,4582.72,TP_DYNAMIC,TP_DYNAMIC,4527.6,4522.0,4582.72,4522.0,4536.32992,4559.52496,4582.72,4620.24496,4559.52496,4536.32992,4582.72,4582.72,True,True
2026-08-28T03:59:29.374238+00:00,86b57994-60c1-4f05-8936-009dd029ebf2,TP_UPDATED,4582.72,TP_DYNAMIC,TP_DYNAMIC,4527.6,4522.0,4582.72,4522.0,4536.32992,4559.52496,4582.72,4620.24496,4559.52496,4536.32992,4582.72,4582.72,True,True
2026-08-28T03:59:29.382831+00:00,86b57994-60c1-4f05-8936-009dd029ebf2,ENTRY_TOUCHED,4562.54,TP_DYNAMIC,ENTRY_TOUCHED,4527.6,4522.0,4582.72,4522.0,4536.32992,4559.52496,4582.72,4620.24496,4559.52496,4536.32992,4582.72,4582.72,True,True
2026-08-28T03:59:29.382831+00:00,86b57994-60c1-4f05-8936-009dd029ebf2,TP_LOCKED,4582.72,ENTRY_TOUCHED,TP_FROZEN,4527.6,4522.0,4582.72,4522.0,4536.32992,4559.52496,4582.72,4620.24496,4559.52496,4536.32992,4582.72,4582.72,True,True
2026-08-28T03:59:29.434795+00:00,86b57994-60c1-4f05-8936-009dd029ebf2,TP_HIT,4571.58,TP_FROZEN,COMPLETED,4527.6,4522.0,4582.72,4522.0,4536.32992,4559.52496,4582.72,4620.24496,4559.52496,4536.32992,4582.72,4582.72,True,True
2026-08-28T03:59:29.451067+00:00,0921531a-6284-438a-8150-fade8aa55387,BOS_DETECTED,4540.54,NO_SETUP,BOS_DETECTED,4538.48,4525.17,4538.48,4525.17,4528.31116,4533.395579999999,4538.48,4546.705579999999,4533.395579999999,4528.31116,4538.48,4538.48,True,True
2026-08-28T03:59:29.451067+00:00,0921531a-6284-438a-8150-fade8aa55387,POINT_2_FOUND,4525.17,BOS_DETECTED,POINT_2_IDENTIFIED,4538.48,4525.17,4538.48,4525.17,4528.31116,4533.395579999999,4538.48,4546.705579999999,4533.395579999999,4528.31116,4538.48,4538.48,True,True
2026-08-28T03:59:29.451067+00:00,0921531a-6284-438a-8150-fade8aa55387,SETUP_CREATED,4538.48,POINT_2_IDENTIFIED,FIB_ACTIVE,4538.48,4525.17,4538.48,4525.17,4528.31116,4533.395579999999,4538.48,4546.705579999999,4533.395579999999,4528.31116,4538.48,4538.48,True,True
2026-08-28T03:59:29.451067+00:00,0921531a-6284-438a-8150-fade8aa55387,NEW_VALID_HIGH,4538.48,FIB_ACTIVE,TP_DYNAMIC,4538.48,4525.17,4538.48,4525.17,4528.31116,4533.395579999999,4538.48,4546.705579999999,4533.395579999999,4528.31116,4538.48,4538.48,True,True
2026-08-28T03:59:29.451067+00:00,0921531a-6284-438a-8150-fade8aa55387,TP_UPDATED,4538.48,TP_DYNAMIC,TP_DYNAMIC,4538.48,4525.17,4538.48,4525.17,4528.31116,4533.395579999999,4538.48,4546.705579999999,4533.395579999999,4528.31116,4538.48,4538.48,True,True
2026-08-28T03:59:29.451067+00:00,0921531a-6284-438a-8150-fade8aa55387,ENTRY_TOUCHED,4540.54,TP_DYNAMIC,ENTRY_TOUCHED,4538.48,4525.17,4538.48,4525.17,4528.31116,4533.395579999999,4538.48,4546.705579999999,4533.395579999999,4528.31116,4538.48,4538.48,True,True
2026-08-28T03:59:29.451067+00:00,0921531a-6284-438a-8150-fade8aa55387,TP_LOCKED,4538.48,ENTRY_TOUCHED,TP_FROZEN,4538.48,4525.17,4538.48,4525.17,4528.31116,4533.395579999999,4538.48,4546.705579999999,4533.395579999999,4528.31116,4538.48,4538.48,True,True
2026-08-28T03:59:29.451067+00:00,0921531a-6284-438a-8150-fade8aa55387,TP_HIT,4531.25,TP_FROZEN,COMPLETED,4538.48,4525.17,4538.48,4525.17,4528.31116,4533.395579999999,4538.48,4546.705579999999,4533.395579999999,4528.31116,4538.48,4538.48,True,True
2026-08-28T03:59:29.500891+00:00,862d988c-a5e5-4e30-a548-3e75930494e3,BOS_DETECTED,4529.2,NO_SETUP,BOS_DETECTED,4515.53,4503.56,4530.0,4503.56,4509.799840000001,4519.89992,4530.0,4546.339919999999,4519.89992,4509.799840000001,4530.0,4530.0,True,True
2026-08-28T03:59:29.500891+00:00,862d988c-a5e5-4e30-a548-3e75930494e3,POINT_2_FOUND,4503.56,BOS_DETECTED,POINT_2_IDENTIFIED,4515.53,4503.56,4530.0,4503.56,4509.799840000001,4519.89992,4530.0,4546.339919999999,4519.89992,4509.799840000001,4530.0,4530.0,True,True
2026-08-28T03:59:29.500891+00:00,862d988c-a5e5-4e30-a548-3e75930494e3,SETUP_CREATED,4515.53,POINT_2_IDENTIFIED,FIB_ACTIVE,4515.53,4503.56,4530.0,4503.56,4509.799840000001,4519.89992,4530.0,4546.339919999999,4519.89992,4509.799840000001,4530.0,4530.0,True,True
2026-08-28T03:59:29.500891+00:00,862d988c-a5e5-4e30-a548-3e75930494e3,NEW_VALID_HIGH,4515.53,FIB_ACTIVE,TP_DYNAMIC,4515.53,4503.56,4530.0,4503.56,4509.799840000001,4519.89992,4530.0,4546.339919999999,4519.89992,4509.799840000001,4530.0,4530.0,True,True
2026-08-28T03:59:29.500891+00:00,862d988c-a5e5-4e30-a548-3e75930494e3,TP_UPDATED,4515.53,TP_DYNAMIC,TP_DYNAMIC,4515.53,4503.56,4530.0,4503.56,4509.799840000001,4519.89992,4530.0,4546.339919999999,4519.89992,4509.799840000001,4530.0,4530.0,True,True
2026-08-28T03:59:29.502631+00:00,862d988c-a5e5-4e30-a548-3e75930494e3,NEW_VALID_HIGH,4530.0,TP_DYNAMIC,TP_DYNAMIC,4515.53,4503.56,4530.0,4503.56,4509.799840000001,4519.89992,4530.0,4546.339919999999,4519.89992,4509.799840000001,4530.0,4530.0,True,True
2026-08-28T03:59:29.502631+00:00,862d988c-a5e5-4e30-a548-3e75930494e3,TP_UPDATED,4530.0,TP_DYNAMIC,TP_DYNAMIC,4515.53,4503.56,4530.0,4503.56,4509.799840000001,4519.89992,4530.0,4546.339919999999,4519.89992,4509.799840000001,4530.0,4530.0,True,True
2026-08-28T03:59:29.502631+00:00,862d988c-a5e5-4e30-a548-3e75930494e3,ENTRY_TOUCHED,4521.45,TP_DYNAMIC,ENTRY_TOUCHED,4515.53,4503.56,4530.0,4503.56,4509.799840000001,4519.89992,4530.0,4546.339919999999,4519.89992,4509.799840000001,4530.0,4530.0,True,True
2026-08-28T03:59:29.502631+00:00,862d988c-a5e5-4e30-a548-3e75930494e3,TP_LOCKED,4530.0,ENTRY_TOUCHED,TP_FROZEN,4515.53,4503.56,4530.0,4503.56,4509.799840000001,4519.89992,4530.0,4546.339919999999,4519.89992,4509.799840000001,4530.0,4530.0,True,True
2026-08-28T03:59:29.510781+00:00,862d988c-a5e5-4e30-a548-3e75930494e3,SL_HIT,4507.73,TP_FROZEN,COMPLETED,4515.53,4503.56,4530.0,4503.56,4509.799840000001,4519.89992,4530.0,4546.339919999999,4519.89992,4509.799840000001,4530.0,4530.0,True,True
2026-08-28T03:59:29.551460+00:00,4dbb16b0-00b5-45d4-9046-36aeb947b16b,BOS_DETECTED,4458.97,NO_SETUP,BOS_DETECTED,4456.47,4432.19,4467.89,4432.19,4440.6152,4454.2526,4467.89,4489.9526000000005,4454.2526,4440.6152,4467.89,4467.89,True,True
2026-08-28T03:59:29.551460+00:00,4dbb16b0-00b5-45d4-9046-36aeb947b16b,POINT_2_FOUND,4432.19,BOS_DETECTED,POINT_2_IDENTIFIED,4456.47,4432.19,4467.89,4432.19,4440.6152,4454.2526,4467.89,4489.9526000000005,4454.2526,4440.6152,4467.89,4467.89,True,True
2026-08-28T03:59:29.551460+00:00,4dbb16b0-00b5-45d4-9046-36aeb947b16b,SETUP_CREATED,4456.47,POINT_2_IDENTIFIED,FIB_ACTIVE,4456.47,4432.19,4467.89,4432.19,4440.6152,4454.2526,4467.89,4489.9526000000005,4454.2526,4440.6152,4467.89,4467.89,True,True
2026-08-28T03:59:29.551460+00:00,4dbb16b0-00b5-45d4-9046-36aeb947b16b,NEW_VALID_HIGH,4456.47,FIB_ACTIVE,TP_DYNAMIC,4456.47,4432.19,4467.89,4432.19,4440.6152,4454.2526,4467.89,4489.9526000000005,4454.2526,4440.6152,4467.89,4467.89,True,True
2026-08-28T03:59:29.551460+00:00,4dbb16b0-00b5-45d4-9046-36aeb947b16b,TP_UPDATED,4456.47,TP_DYNAMIC,TP_DYNAMIC,4456.47,4432.19,4467.89,4432.19,4440.6152,4454.2526,4467.89,4489.9526000000005,4454.2526,4440.6152,4467.89,4467.89,True,True
2026-08-28T03:59:29.551460+00:00,4dbb16b0-00b5-45d4-9046-36aeb947b16b,NEW_VALID_HIGH,4461.14,TP_DYNAMIC,TP_DYNAMIC,4456.47,4432.19,4467.89,4432.19,4440.6152,4454.2526,4467.89,4489.9526000000005,4454.2526,4440.6152,4467.89,4467.89,True,True
2026-08-28T03:59:29.551460+00:00,4dbb16b0-00b5-45d4-9046-36aeb947b16b,TP_UPDATED,4461.14,TP_DYNAMIC,TP_DYNAMIC,4456.47,4432.19,4467.89,4432.19,4440.6152,4454.2526,4467.89,4489.9526000000005,4454.2526,4440.6152,4467.89,4467.89,True,True
2026-08-28T03:59:29.561150+00:00,4dbb16b0-00b5-45d4-9046-36aeb947b16b,NEW_VALID_HIGH,4462.65,TP_DYNAMIC,TP_DYNAMIC,4456.47,4432.19,4467.89,4432.19,4440.6152,4454.2526,4467.89,4489.9526000000005,4454.2526,4440.6152,4467.89,4467.89,True,True
2026-08-28T03:59:29.561150+00:00,4dbb16b0-00b5-45d4-9046-36aeb947b16b,TP_UPDATED,4462.65,TP_DYNAMIC,TP_DYNAMIC,4456.47,4432.19,4467.89,4432.19,4440.6152,4454.2526,4467.89,4489.9526000000005,4454.2526,4440.6152,4467.89,4467.89,True,True
2026-08-28T03:59:29.565815+00:00,4dbb16b0-00b5-45d4-9046-36aeb947b16b,NEW_VALID_HIGH,4467.89,TP_DYNAMIC,TP_DYNAMIC,4456.47,4432.19,4467.89,4432.19,4440.6152,4454.2526,4467.89,4489.9526000000005,4454.2526,4440.6152,4467.89,4467.89,True,True
2026-08-28T03:59:29.565815+00:00,4dbb16b0-00b5-45d4-9046-36aeb947b16b,TP_UPDATED,4467.89,TP_DYNAMIC,TP_DYNAMIC,4456.47,4432.19,4467.89,4432.19,4440.6152,4454.2526,4467.89,4489.9526000000005,4454.2526,4440.6152,4467.89,4467.89,True,True
2026-08-28T03:59:29.567915+00:00,4dbb16b0-00b5-45d4-9046-36aeb947b16b,ENTRY_TOUCHED,4453.75,TP_DYNAMIC,ENTRY_TOUCHED,4456.47,4432.19,4467.89,4432.19,4440.6152,4454.2526,4467.89,4489.9526000000005,4454.2526,4440.6152,4467.89,4467.89,True,True
2026-08-28T03:59:29.567915+00:00,4dbb16b0-00b5-45d4-9046-36aeb947b16b,TP_LOCKED,4467.89,ENTRY_TOUCHED,TP_FROZEN,4456.47,4432.19,4467.89,4432.19,4440.6152,4454.2526,4467.89,4489.9526000000005,4454.2526,4440.6152,4467.89,4467.89,True,True
2026-08-28T03:59:29.570584+00:00,4dbb16b0-00b5-45d4-9046-36aeb947b16b,INVALIDATED,4422.78,TP_FROZEN,INVALIDATED,4456.47,4432.19,4467.89,4432.19,4440.6152,4454.2526,4467.89,4489.9526000000005,4454.2526,4440.6152,4467.89,4467.89,True,True
2026-08-28T03:59:29.596044+00:00,77f81087-95a7-4706-b5c0-628e2d1d0a97,BOS_DETECTED,4399.23,NO_SETUP,BOS_DETECTED,4398.67,4378.57,4406.0,4378.57,4385.043479999999,4395.52174,4406.0,4422.95174,4395.52174,4385.043479999999,4406.0,4406.0,True,True
2026-08-28T03:59:29.596044+00:00,77f81087-95a7-4706-b5c0-628e2d1d0a97,POINT_2_FOUND,4378.57,BOS_DETECTED,POINT_2_IDENTIFIED,4398.67,4378.57,4406.0,4378.57,4385.043479999999,4395.52174,4406.0,4422.95174,4395.52174,4385.043479999999,4406.0,4406.0,True,True
2026-08-28T03:59:29.596044+00:00,77f81087-95a7-4706-b5c0-628e2d1d0a97,SETUP_CREATED,4398.67,POINT_2_IDENTIFIED,FIB_ACTIVE,4398.67,4378.57,4406.0,4378.57,4385.043479999999,4395.52174,4406.0,4422.95174,4395.52174,4385.043479999999,4406.0,4406.0,True,True
2026-08-28T03:59:29.596044+00:00,77f81087-95a7-4706-b5c0-628e2d1d0a97,NEW_VALID_HIGH,4398.67,FIB_ACTIVE,TP_DYNAMIC,4398.67,4378.57,4406.0,4378.57,4385.043479999999,4395.52174,4406.0,4422.95174,4395.52174,4385.043479999999,4406.0,4406.0,True,True
2026-08-28T03:59:29.596044+00:00,77f81087-95a7-4706-b5c0-628e2d1d0a97,TP_UPDATED,4398.67,TP_DYNAMIC,TP_DYNAMIC,4398.67,4378.57,4406.0,4378.57,4385.043479999999,4395.52174,4406.0,4422.95174,4395.52174,4385.043479999999,4406.0,4406.0,True,True
2026-08-28T03:59:29.596044+00:00,77f81087-95a7-4706-b5c0-628e2d1d0a97,NEW_VALID_HIGH,4406.0,TP_DYNAMIC,TP_DYNAMIC,4398.67,4378.57,4406.0,4378.57,4385.043479999999,4395.52174,4406.0,4422.95174,4395.52174,4385.043479999999,4406.0,4406.0,True,True
2026-08-28T03:59:29.596044+00:00,77f81087-95a7-4706-b5c0-628e2d1d0a97,TP_UPDATED,4406.0,TP_DYNAMIC,TP_DYNAMIC,4398.67,4378.57,4406.0,4378.57,4385.043479999999,4395.52174,4406.0,4422.95174,4395.52174,4385.043479999999,4406.0,4406.0,True,True
2026-08-28T03:59:29.601099+00:00,77f81087-95a7-4706-b5c0-628e2d1d0a97,ENTRY_TOUCHED,4395.29,TP_DYNAMIC,ENTRY_TOUCHED,4398.67,4378.57,4406.0,4378.57,4385.043479999999,4395.52174,4406.0,4422.95174,4395.52174,4385.043479999999,4406.0,4406.0,True,True
2026-08-28T03:59:29.601099+00:00,77f81087-95a7-4706-b5c0-628e2d1d0a97,TP_LOCKED,4406.0,ENTRY_TOUCHED,TP_FROZEN,4398.67,4378.57,4406.0,4378.57,4385.043479999999,4395.52174,4406.0,4422.95174,4395.52174,4385.043479999999,4406.0,4406.0,True,True
2026-08-28T03:59:29.601099+00:00,77f81087-95a7-4706-b5c0-628e2d1d0a97,SL_HIT,4388.01,TP_FROZEN,COMPLETED,4398.67,4378.57,4406.0,4378.57,4385.043479999999,4395.52174,4406.0,4422.95174,4395.52174,4385.043479999999,4406.0,4406.0,True,True
2026-08-28T03:59:29.601099+00:00,0799fbb4-1a1f-4ad7-a75f-50c9874b5181,BOS_DETECTED,4434.99,NO_SETUP,BOS_DETECTED,4406.0,4379.67,4594.83,4379.67,4430.44776,4512.63888,4594.83,4727.79888,4512.63888,4430.44776,4594.83,4594.83,True,True
2026-08-28T03:59:29.601099+00:00,0799fbb4-1a1f-4ad7-a75f-50c9874b5181,POINT_2_FOUND,4379.67,BOS_DETECTED,POINT_2_IDENTIFIED,4406.0,4379.67,4594.83,4379.67,4430.44776,4512.63888,4594.83,4727.79888,4512.63888,4430.44776,4594.83,4594.83,True,True
2026-08-28T03:59:29.601099+00:00,0799fbb4-1a1f-4ad7-a75f-50c9874b5181,SETUP_CREATED,4406.0,POINT_2_IDENTIFIED,FIB_ACTIVE,4406.0,4379.67,4594.83,4379.67,4430.44776,4512.63888,4594.83,4727.79888,4512.63888,4430.44776,4594.83,4594.83,True,True
2026-08-28T03:59:29.601099+00:00,0799fbb4-1a1f-4ad7-a75f-50c9874b5181,NEW_VALID_HIGH,4406.0,FIB_ACTIVE,TP_DYNAMIC,4406.0,4379.67,4594.83,4379.67,4430.44776,4512.63888,4594.83,4727.79888,4512.63888,4430.44776,4594.83,4594.83,True,True
2026-08-28T03:59:29.601099+00:00,0799fbb4-1a1f-4ad7-a75f-50c9874b5181,TP_UPDATED,4406.0,TP_DYNAMIC,TP_DYNAMIC,4406.0,4379.67,4594.83,4379.67,4430.44776,4512.63888,4594.83,4727.79888,4512.63888,4430.44776,4594.83,4594.83,True,True
2026-08-28T03:59:29.609502+00:00,0799fbb4-1a1f-4ad7-a75f-50c9874b5181,NEW_VALID_HIGH,4441.66,TP_DYNAMIC,TP_DYNAMIC,4406.0,4379.67,4594.83,4379.67,4430.44776,4512.63888,4594.83,4727.79888,4512.63888,4430.44776,4594.83,4594.83,True,True
2026-08-28T03:59:29.609502+00:00,0799fbb4-1a1f-4ad7-a75f-50c9874b5181,TP_UPDATED,4441.66,TP_DYNAMIC,TP_DYNAMIC,4406.0,4379.67,4594.83,4379.67,4430.44776,4512.63888,4594.83,4727.79888,4512.63888,4430.44776,4594.83,4594.83,True,True
2026-08-28T03:59:29.617276+00:00,0799fbb4-1a1f-4ad7-a75f-50c9874b5181,NEW_VALID_HIGH,4515.84,TP_DYNAMIC,TP_DYNAMIC,4406.0,4379.67,4594.83,4379.67,4430.44776,4512.63888,4594.83,4727.79888,4512.63888,4430.44776,4594.83,4594.83,True,True
2026-08-28T03:59:29.617276+00:00,0799fbb4-1a1f-4ad7-a75f-50c9874b5181,TP_UPDATED,4515.84,TP_DYNAMIC,TP_DYNAMIC,4406.0,4379.67,4594.83,4379.67,4430.44776,4512.63888,4594.83,4727.79888,4512.63888,4430.44776,4594.83,4594.83,True,True
2026-08-28T03:59:29.617276+00:00,0799fbb4-1a1f-4ad7-a75f-50c9874b5181,NEW_VALID_HIGH,4517.5,TP_DYNAMIC,TP_DYNAMIC,4406.0,4379.67,4594.83,4379.67,4430.44776,4512.63888,4594.83,4727.79888,4512.63888,4430.44776,4594.83,4594.83,True,True
2026-08-28T03:59:29.617276+00:00,0799fbb4-1a1f-4ad7-a75f-50c9874b5181,TP_UPDATED,4517.5,TP_DYNAMIC,TP_DYNAMIC,4406.0,4379.67,4594.83,4379.67,4430.44776,4512.63888,4594.83,4727.79888,4512.63888,4430.44776,4594.83,4594.83,True,True
2026-08-28T03:59:29.644549+00:00,0799fbb4-1a1f-4ad7-a75f-50c9874b5181,NEW_VALID_HIGH,4522.7,TP_DYNAMIC,TP_DYNAMIC,4406.0,4379.67,4594.83,4379.67,4430.44776,4512.63888,4594.83,4727.79888,4512.63888,4430.44776,4594.83,4594.83,True,True
2026-08-28T03:59:29.644549+00:00,0799fbb4-1a1f-4ad7-a75f-50c9874b5181,TP_UPDATED,4522.7,TP_DYNAMIC,TP_DYNAMIC,4406.0,4379.67,4594.83,4379.67,4430.44776,4512.63888,4594.83,4727.79888,4512.63888,4430.44776,4594.83,4594.83,True,True
2026-08-28T03:59:29.657841+00:00,0799fbb4-1a1f-4ad7-a75f-50c9874b5181,NEW_VALID_HIGH,4528.0,TP_DYNAMIC,TP_DYNAMIC,4406.0,4379.67,4594.83,4379.67,4430.44776,4512.63888,4594.83,4727.79888,4512.63888,4430.44776,4594.83,4594.83,True,True
2026-08-28T03:59:29.657841+00:00,0799fbb4-1a1f-4ad7-a75f-50c9874b5181,TP_UPDATED,4528.0,TP_DYNAMIC,TP_DYNAMIC,4406.0,4379.67,4594.83,4379.67,4430.44776,4512.63888,4594.83,4727.79888,4512.63888,4430.44776,4594.83,4594.83,True,True
2026-08-28T03:59:29.666005+00:00,0799fbb4-1a1f-4ad7-a75f-50c9874b5181,NEW_VALID_HIGH,4545.0,TP_DYNAMIC,TP_DYNAMIC,4406.0,4379.67,4594.83,4379.67,4430.44776,4512.63888,4594.83,4727.79888,4512.63888,4430.44776,4594.83,4594.83,True,True
2026-08-28T03:59:29.666005+00:00,0799fbb4-1a1f-4ad7-a75f-50c9874b5181,TP_UPDATED,4545.0,TP_DYNAMIC,TP_DYNAMIC,4406.0,4379.67,4594.83,4379.67,4430.44776,4512.63888,4594.83,4727.79888,4512.63888,4430.44776,4594.83,4594.83,True,True
2026-08-28T03:59:29.674113+00:00,0799fbb4-1a1f-4ad7-a75f-50c9874b5181,NEW_VALID_HIGH,4594.83,TP_DYNAMIC,TP_DYNAMIC,4406.0,4379.67,4594.83,4379.67,4430.44776,4512.63888,4594.83,4727.79888,4512.63888,4430.44776,4594.83,4594.83,True,True
2026-08-28T03:59:29.674113+00:00,0799fbb4-1a1f-4ad7-a75f-50c9874b5181,TP_UPDATED,4594.83,TP_DYNAMIC,TP_DYNAMIC,4406.0,4379.67,4594.83,4379.67,4430.44776,4512.63888,4594.83,4727.79888,4512.63888,4430.44776,4594.83,4594.83,True,True
2026-08-28T03:59:29.839369+00:00,0799fbb4-1a1f-4ad7-a75f-50c9874b5181,ENTRY_TOUCHED,4518.52,TP_DYNAMIC,ENTRY_TOUCHED,4406.0,4379.67,4594.83,4379.67,4430.44776,4512.63888,4594.83,4727.79888,4512.63888,4430.44776,4594.83,4594.83,True,True
2026-08-28T03:59:29.839369+00:00,0799fbb4-1a1f-4ad7-a75f-50c9874b5181,TP_LOCKED,4594.83,ENTRY_TOUCHED,TP_FROZEN,4406.0,4379.67,4594.83,4379.67,4430.44776,4512.63888,4594.83,4727.79888,4512.63888,4430.44776,4594.83,4594.83,True,True
2026-08-28T03:59:29.993932+00:00,0799fbb4-1a1f-4ad7-a75f-50c9874b5181,SL_HIT,4449.13,TP_FROZEN,COMPLETED,4406.0,4379.67,4594.83,4379.67,4430.44776,4512.63888,4594.83,4727.79888,4512.63888,4430.44776,4594.83,4594.83,True,True
2026-08-28T03:59:30.010408+00:00,380c2d1f-341c-44e5-8ad4-86079673908f,BOS_DETECTED,4452.39,NO_SETUP,BOS_DETECTED,4452.18,4436.38,4452.18,4436.38,4440.1088,4446.1444,4452.18,4461.9444,4446.1444,4440.1088,4452.18,4452.18,True,True
2026-08-28T03:59:30.010408+00:00,380c2d1f-341c-44e5-8ad4-86079673908f,POINT_2_FOUND,4436.38,BOS_DETECTED,POINT_2_IDENTIFIED,4452.18,4436.38,4452.18,4436.38,4440.1088,4446.1444,4452.18,4461.9444,4446.1444,4440.1088,4452.18,4452.18,True,True
2026-08-28T03:59:30.010408+00:00,380c2d1f-341c-44e5-8ad4-86079673908f,SETUP_CREATED,4452.18,POINT_2_IDENTIFIED,FIB_ACTIVE,4452.18,4436.38,4452.18,4436.38,4440.1088,4446.1444,4452.18,4461.9444,4446.1444,4440.1088,4452.18,4452.18,True,True
2026-08-28T03:59:30.010408+00:00,380c2d1f-341c-44e5-8ad4-86079673908f,NEW_VALID_HIGH,4452.18,FIB_ACTIVE,TP_DYNAMIC,4452.18,4436.38,4452.18,4436.38,4440.1088,4446.1444,4452.18,4461.9444,4446.1444,4440.1088,4452.18,4452.18,True,True
2026-08-28T03:59:30.010408+00:00,380c2d1f-341c-44e5-8ad4-86079673908f,TP_UPDATED,4452.18,TP_DYNAMIC,TP_DYNAMIC,4452.18,4436.38,4452.18,4436.38,4440.1088,4446.1444,4452.18,4461.9444,4446.1444,4440.1088,4452.18,4452.18,True,True
2026-08-28T03:59:30.010408+00:00,380c2d1f-341c-44e5-8ad4-86079673908f,ENTRY_TOUCHED,4452.39,TP_DYNAMIC,ENTRY_TOUCHED,4452.18,4436.38,4452.18,4436.38,4440.1088,4446.1444,4452.18,4461.9444,4446.1444,4440.1088,4452.18,4452.18,True,True
2026-08-28T03:59:30.010408+00:00,380c2d1f-341c-44e5-8ad4-86079673908f,TP_LOCKED,4452.18,ENTRY_TOUCHED,TP_FROZEN,4452.18,4436.38,4452.18,4436.38,4440.1088,4446.1444,4452.18,4461.9444,4446.1444,4440.1088,4452.18,4452.18,True,True
2026-08-28T03:59:30.010408+00:00,380c2d1f-341c-44e5-8ad4-86079673908f,TP_HIT,4450.43,TP_FROZEN,COMPLETED,4452.18,4436.38,4452.18,4436.38,4440.1088,4446.1444,4452.18,4461.9444,4446.1444,4440.1088,4452.18,4452.18,True,True
2026-08-28T03:59:30.019029+00:00,e25fb2e3-4988-423f-bc7e-976bbec07a65,BOS_DETECTED,4451.17,NO_SETUP,BOS_DETECTED,4448.32,4425.55,4448.32,4425.55,4430.92372,4439.62186,4448.32,4462.39186,4439.62186,4430.92372,4448.32,4448.32,True,True
2026-08-28T03:59:30.019029+00:00,e25fb2e3-4988-423f-bc7e-976bbec07a65,POINT_2_FOUND,4425.55,BOS_DETECTED,POINT_2_IDENTIFIED,4448.32,4425.55,4448.32,4425.55,4430.92372,4439.62186,4448.32,4462.39186,4439.62186,4430.92372,4448.32,4448.32,True,True
2026-08-28T03:59:30.019029+00:00,e25fb2e3-4988-423f-bc7e-976bbec07a65,SETUP_CREATED,4448.32,POINT_2_IDENTIFIED,FIB_ACTIVE,4448.32,4425.55,4448.32,4425.55,4430.92372,4439.62186,4448.32,4462.39186,4439.62186,4430.92372,4448.32,4448.32,True,True
2026-08-28T03:59:30.019029+00:00,e25fb2e3-4988-423f-bc7e-976bbec07a65,NEW_VALID_HIGH,4448.32,FIB_ACTIVE,TP_DYNAMIC,4448.32,4425.55,4448.32,4425.55,4430.92372,4439.62186,4448.32,4462.39186,4439.62186,4430.92372,4448.32,4448.32,True,True
2026-08-28T03:59:30.019029+00:00,e25fb2e3-4988-423f-bc7e-976bbec07a65,TP_UPDATED,4448.32,TP_DYNAMIC,TP_DYNAMIC,4448.32,4425.55,4448.32,4425.55,4430.92372,4439.62186,4448.32,4462.39186,4439.62186,4430.92372,4448.32,4448.32,True,True
2026-08-28T03:59:30.019029+00:00,e25fb2e3-4988-423f-bc7e-976bbec07a65,ENTRY_TOUCHED,4451.17,TP_DYNAMIC,ENTRY_TOUCHED,4448.32,4425.55,4448.32,4425.55,4430.92372,4439.62186,4448.32,4462.39186,4439.62186,4430.92372,4448.32,4448.32,True,True
2026-08-28T03:59:30.019029+00:00,e25fb2e3-4988-423f-bc7e-976bbec07a65,TP_LOCKED,4448.32,ENTRY_TOUCHED,TP_FROZEN,4448.32,4425.55,4448.32,4425.55,4430.92372,4439.62186,4448.32,4462.39186,4439.62186,4430.92372,4448.32,4448.32,True,True
2026-08-28T03:59:30.019029+00:00,e25fb2e3-4988-423f-bc7e-976bbec07a65,TP_HIT,4449.84,TP_FROZEN,COMPLETED,4448.32,4425.55,4448.32,4425.55,4430.92372,4439.62186,4448.32,4462.39186,4439.62186,4430.92372,4448.32,4448.32,True,True
2026-08-28T03:59:30.026968+00:00,dc738f1f-ae1f-4a1e-95ac-439e3e725ba7,BOS_DETECTED,4467.97,NO_SETUP,BOS_DETECTED,4467.6,4425.55,4486.53,4425.55,4439.94128,4463.23564,4486.53,4524.215639999999,4463.23564,4439.94128,4486.53,4486.53,True,True
2026-08-28T03:59:30.026968+00:00,dc738f1f-ae1f-4a1e-95ac-439e3e725ba7,POINT_2_FOUND,4425.55,BOS_DETECTED,POINT_2_IDENTIFIED,4467.6,4425.55,4486.53,4425.55,4439.94128,4463.23564,4486.53,4524.215639999999,4463.23564,4439.94128,4486.53,4486.53,True,True
2026-08-28T03:59:30.026968+00:00,dc738f1f-ae1f-4a1e-95ac-439e3e725ba7,SETUP_CREATED,4467.6,POINT_2_IDENTIFIED,FIB_ACTIVE,4467.6,4425.55,4486.53,4425.55,4439.94128,4463.23564,4486.53,4524.215639999999,4463.23564,4439.94128,4486.53,4486.53,True,True
2026-08-28T03:59:30.026968+00:00,dc738f1f-ae1f-4a1e-95ac-439e3e725ba7,NEW_VALID_HIGH,4467.6,FIB_ACTIVE,TP_DYNAMIC,4467.6,4425.55,4486.53,4425.55,4439.94128,4463.23564,4486.53,4524.215639999999,4463.23564,4439.94128,4486.53,4486.53,True,True
2026-08-28T03:59:30.026968+00:00,dc738f1f-ae1f-4a1e-95ac-439e3e725ba7,TP_UPDATED,4467.6,TP_DYNAMIC,TP_DYNAMIC,4467.6,4425.55,4486.53,4425.55,4439.94128,4463.23564,4486.53,4524.215639999999,4463.23564,4439.94128,4486.53,4486.53,True,True
2026-08-28T03:59:30.026968+00:00,dc738f1f-ae1f-4a1e-95ac-439e3e725ba7,NEW_VALID_HIGH,4474.84,TP_DYNAMIC,TP_DYNAMIC,4467.6,4425.55,4486.53,4425.55,4439.94128,4463.23564,4486.53,4524.215639999999,4463.23564,4439.94128,4486.53,4486.53,True,True
2026-08-28T03:59:30.026968+00:00,dc738f1f-ae1f-4a1e-95ac-439e3e725ba7,TP_UPDATED,4474.84,TP_DYNAMIC,TP_DYNAMIC,4467.6,4425.55,4486.53,4425.55,4439.94128,4463.23564,4486.53,4524.215639999999,4463.23564,4439.94128,4486.53,4486.53,True,True
2026-08-28T03:59:30.034996+00:00,dc738f1f-ae1f-4a1e-95ac-439e3e725ba7,NEW_VALID_HIGH,4479.9,TP_DYNAMIC,TP_DYNAMIC,4467.6,4425.55,4486.53,4425.55,4439.94128,4463.23564,4486.53,4524.215639999999,4463.23564,4439.94128,4486.53,4486.53,True,True
2026-08-28T03:59:30.034996+00:00,dc738f1f-ae1f-4a1e-95ac-439e3e725ba7,TP_UPDATED,4479.9,TP_DYNAMIC,TP_DYNAMIC,4467.6,4425.55,4486.53,4425.55,4439.94128,4463.23564,4486.53,4524.215639999999,4463.23564,4439.94128,4486.53,4486.53,True,True
2026-08-28T03:59:30.040751+00:00,dc738f1f-ae1f-4a1e-95ac-439e3e725ba7,NEW_VALID_HIGH,4486.53,TP_DYNAMIC,TP_DYNAMIC,4467.6,4425.55,4486.53,4425.55,4439.94128,4463.23564,4486.53,4524.215639999999,4463.23564,4439.94128,4486.53,4486.53,True,True
2026-08-28T03:59:30.040751+00:00,dc738f1f-ae1f-4a1e-95ac-439e3e725ba7,TP_UPDATED,4486.53,TP_DYNAMIC,TP_DYNAMIC,4467.6,4425.55,4486.53,4425.55,4439.94128,4463.23564,4486.53,4524.215639999999,4463.23564,4439.94128,4486.53,4486.53,True,True
2026-08-28T03:59:30.047188+00:00,dc738f1f-ae1f-4a1e-95ac-439e3e725ba7,ENTRY_TOUCHED,4463.8,TP_DYNAMIC,ENTRY_TOUCHED,4467.6,4425.55,4486.53,4425.55,4439.94128,4463.23564,4486.53,4524.215639999999,4463.23564,4439.94128,4486.53,4486.53,True,True
2026-08-28T03:59:30.047188+00:00,dc738f1f-ae1f-4a1e-95ac-439e3e725ba7,TP_LOCKED,4486.53,ENTRY_TOUCHED,TP_FROZEN,4467.6,4425.55,4486.53,4425.55,4439.94128,4463.23564,4486.53,4524.215639999999,4463.23564,4439.94128,4486.53,4486.53,True,True
2026-08-28T03:59:30.058899+00:00,dc738f1f-ae1f-4a1e-95ac-439e3e725ba7,TP_HIT,4491.93,TP_FROZEN,COMPLETED,4467.6,4425.55,4486.53,4425.55,4439.94128,4463.23564,4486.53,4524.215639999999,4463.23564,4439.94128,4486.53,4486.53,True,True
2026-08-28T03:59:30.116563+00:00,7cc930af-cad4-4987-828f-eef2458cbe6d,BOS_DETECTED,4455.55,NO_SETUP,BOS_DETECTED,4452.61,4430.99,4471.84,4430.99,4440.6305999999995,4456.2353,4471.84,4497.085300000001,4456.2353,4440.6305999999995,4471.84,4471.84,True,True
2026-08-28T03:59:30.116563+00:00,7cc930af-cad4-4987-828f-eef2458cbe6d,POINT_2_FOUND,4430.99,BOS_DETECTED,POINT_2_IDENTIFIED,4452.61,4430.99,4471.84,4430.99,4440.6305999999995,4456.2353,4471.84,4497.085300000001,4456.2353,4440.6305999999995,4471.84,4471.84,True,True
2026-08-28T03:59:30.116563+00:00,7cc930af-cad4-4987-828f-eef2458cbe6d,SETUP_CREATED,4452.61,POINT_2_IDENTIFIED,FIB_ACTIVE,4452.61,4430.99,4471.84,4430.99,4440.6305999999995,4456.2353,4471.84,4497.085300000001,4456.2353,4440.6305999999995,4471.84,4471.84,True,True
2026-08-28T03:59:30.116563+00:00,7cc930af-cad4-4987-828f-eef2458cbe6d,NEW_VALID_HIGH,4452.61,FIB_ACTIVE,TP_DYNAMIC,4452.61,4430.99,4471.84,4430.99,4440.6305999999995,4456.2353,4471.84,4497.085300000001,4456.2353,4440.6305999999995,4471.84,4471.84,True,True
2026-08-28T03:59:30.116563+00:00,7cc930af-cad4-4987-828f-eef2458cbe6d,TP_UPDATED,4452.61,TP_DYNAMIC,TP_DYNAMIC,4452.61,4430.99,4471.84,4430.99,4440.6305999999995,4456.2353,4471.84,4497.085300000001,4456.2353,4440.6305999999995,4471.84,4471.84,True,True
2026-08-28T03:59:30.116563+00:00,7cc930af-cad4-4987-828f-eef2458cbe6d,NEW_VALID_HIGH,4469.5,TP_DYNAMIC,TP_DYNAMIC,4452.61,4430.99,4471.84,4430.99,4440.6305999999995,4456.2353,4471.84,4497.085300000001,4456.2353,4440.6305999999995,4471.84,4471.84,True,True
2026-08-28T03:59:30.116563+00:00,7cc930af-cad4-4987-828f-eef2458cbe6d,TP_UPDATED,4469.5,TP_DYNAMIC,TP_DYNAMIC,4452.61,4430.99,4471.84,4430.99,4440.6305999999995,4456.2353,4471.84,4497.085300000001,4456.2353,4440.6305999999995,4471.84,4471.84,True,True
2026-08-28T03:59:30.124833+00:00,7cc930af-cad4-4987-828f-eef2458cbe6d,NEW_VALID_HIGH,4471.84,TP_DYNAMIC,TP_DYNAMIC,4452.61,4430.99,4471.84,4430.99,4440.6305999999995,4456.2353,4471.84,4497.085300000001,4456.2353,4440.6305999999995,4471.84,4471.84,True,True
2026-08-28T03:59:30.124833+00:00,7cc930af-cad4-4987-828f-eef2458cbe6d,TP_UPDATED,4471.84,TP_DYNAMIC,TP_DYNAMIC,4452.61,4430.99,4471.84,4430.99,4440.6305999999995,4456.2353,4471.84,4497.085300000001,4456.2353,4440.6305999999995,4471.84,4471.84,True,True
2026-08-28T03:59:30.133146+00:00,7cc930af-cad4-4987-828f-eef2458cbe6d,ENTRY_TOUCHED,4448.08,TP_DYNAMIC,ENTRY_TOUCHED,4452.61,4430.99,4471.84,4430.99,4440.6305999999995,4456.2353,4471.84,4497.085300000001,4456.2353,4440.6305999999995,4471.84,4471.84,True,True
2026-08-28T03:59:30.133146+00:00,7cc930af-cad4-4987-828f-eef2458cbe6d,TP_LOCKED,4471.84,ENTRY_TOUCHED,TP_FROZEN,4452.61,4430.99,4471.84,4430.99,4440.6305999999995,4456.2353,4471.84,4497.085300000001,4456.2353,4440.6305999999995,4471.84,4471.84,True,True
2026-08-28T03:59:30.133146+00:00,7cc930af-cad4-4987-828f-eef2458cbe6d,INVALIDATED,4409.35,TP_FROZEN,INVALIDATED,4452.61,4430.99,4471.84,4430.99,4440.6305999999995,4456.2353,4471.84,4497.085300000001,4456.2353,4440.6305999999995,4471.84,4471.84,True,True
2026-08-28T03:59:30.233128+00:00,b94b6298-d2b0-405f-9810-a7f12fcb0f86,BOS_DETECTED,4313.41,NO_SETUP,BOS_DETECTED,4311.89,4308.0,4323.75,4308.0,4311.717,4317.7335,4323.75,4333.4835,4317.7335,4311.717,4323.75,4323.75,True,True
2026-08-28T03:59:30.233128+00:00,b94b6298-d2b0-405f-9810-a7f12fcb0f86,POINT_2_FOUND,4308.0,BOS_DETECTED,POINT_2_IDENTIFIED,4311.89,4308.0,4323.75,4308.0,4311.717,4317.7335,4323.75,4333.4835,4317.7335,4311.717,4323.75,4323.75,True,True
2026-08-28T03:59:30.233128+00:00,b94b6298-d2b0-405f-9810-a7f12fcb0f86,SETUP_CREATED,4311.89,POINT_2_IDENTIFIED,FIB_ACTIVE,4311.89,4308.0,4323.75,4308.0,4311.717,4317.7335,4323.75,4333.4835,4317.7335,4311.717,4323.75,4323.75,True,True
2026-08-28T03:59:30.233128+00:00,b94b6298-d2b0-405f-9810-a7f12fcb0f86,NEW_VALID_HIGH,4311.89,FIB_ACTIVE,TP_DYNAMIC,4311.89,4308.0,4323.75,4308.0,4311.717,4317.7335,4323.75,4333.4835,4317.7335,4311.717,4323.75,4323.75,True,True
2026-08-28T03:59:30.233128+00:00,b94b6298-d2b0-405f-9810-a7f12fcb0f86,TP_UPDATED,4311.89,TP_DYNAMIC,TP_DYNAMIC,4311.89,4308.0,4323.75,4308.0,4311.717,4317.7335,4323.75,4333.4835,4317.7335,4311.717,4323.75,4323.75,True,True
2026-08-28T03:59:30.236714+00:00,b94b6298-d2b0-405f-9810-a7f12fcb0f86,NEW_VALID_HIGH,4315.8,TP_DYNAMIC,TP_DYNAMIC,4311.89,4308.0,4323.75,4308.0,4311.717,4317.7335,4323.75,4333.4835,4317.7335,4311.717,4323.75,4323.75,True,True
2026-08-28T03:59:30.236714+00:00,b94b6298-d2b0-405f-9810-a7f12fcb0f86,TP_UPDATED,4315.8,TP_DYNAMIC,TP_DYNAMIC,4311.89,4308.0,4323.75,4308.0,4311.717,4317.7335,4323.75,4333.4835,4317.7335,4311.717,4323.75,4323.75,True,True
2026-08-28T03:59:30.247119+00:00,b94b6298-d2b0-405f-9810-a7f12fcb0f86,NEW_VALID_HIGH,4322.53,TP_DYNAMIC,TP_DYNAMIC,4311.89,4308.0,4323.75,4308.0,4311.717,4317.7335,4323.75,4333.4835,4317.7335,4311.717,4323.75,4323.75,True,True
2026-08-28T03:59:30.247119+00:00,b94b6298-d2b0-405f-9810-a7f12fcb0f86,TP_UPDATED,4322.53,TP_DYNAMIC,TP_DYNAMIC,4311.89,4308.0,4323.75,4308.0,4311.717,4317.7335,4323.75,4333.4835,4317.7335,4311.717,4323.75,4323.75,True,True
2026-08-28T03:59:30.251982+00:00,b94b6298-d2b0-405f-9810-a7f12fcb0f86,NEW_VALID_HIGH,4323.75,TP_DYNAMIC,TP_DYNAMIC,4311.89,4308.0,4323.75,4308.0,4311.717,4317.7335,4323.75,4333.4835,4317.7335,4311.717,4323.75,4323.75,True,True
2026-08-28T03:59:30.251982+00:00,b94b6298-d2b0-405f-9810-a7f12fcb0f86,TP_UPDATED,4323.75,TP_DYNAMIC,TP_DYNAMIC,4311.89,4308.0,4323.75,4308.0,4311.717,4317.7335,4323.75,4333.4835,4317.7335,4311.717,4323.75,4323.75,True,True
2026-08-28T03:59:30.251982+00:00,b94b6298-d2b0-405f-9810-a7f12fcb0f86,ENTRY_TOUCHED,4319.71,TP_DYNAMIC,ENTRY_TOUCHED,4311.89,4308.0,4323.75,4308.0,4311.717,4317.7335,4323.75,4333.4835,4317.7335,4311.717,4323.75,4323.75,True,True
2026-08-28T03:59:30.251982+00:00,b94b6298-d2b0-405f-9810-a7f12fcb0f86,TP_LOCKED,4323.75,ENTRY_TOUCHED,TP_FROZEN,4311.89,4308.0,4323.75,4308.0,4311.717,4317.7335,4323.75,4333.4835,4317.7335,4311.717,4323.75,4323.75,True,True
2026-08-28T03:59:30.258295+00:00,b94b6298-d2b0-405f-9810-a7f12fcb0f86,TP_HIT,4324.49,TP_FROZEN,COMPLETED,4311.89,4308.0,4323.75,4308.0,4311.717,4317.7335,4323.75,4333.4835,4317.7335,4311.717,4323.75,4323.75,True,True
2026-08-28T03:59:30.258295+00:00,6cd77455-dc1e-4842-9e6d-5915be3e0c6f,BOS_DETECTED,4324.99,NO_SETUP,BOS_DETECTED,4324.81,4315.6,4329.9,4315.6,4318.9748,4324.4374,4329.9,4338.737399999999,4324.4374,4318.9748,4329.9,4329.9,True,True
2026-08-28T03:59:30.258295+00:00,6cd77455-dc1e-4842-9e6d-5915be3e0c6f,POINT_2_FOUND,4315.6,BOS_DETECTED,POINT_2_IDENTIFIED,4324.81,4315.6,4329.9,4315.6,4318.9748,4324.4374,4329.9,4338.737399999999,4324.4374,4318.9748,4329.9,4329.9,True,True
2026-08-28T03:59:30.258295+00:00,6cd77455-dc1e-4842-9e6d-5915be3e0c6f,SETUP_CREATED,4324.81,POINT_2_IDENTIFIED,FIB_ACTIVE,4324.81,4315.6,4329.9,4315.6,4318.9748,4324.4374,4329.9,4338.737399999999,4324.4374,4318.9748,4329.9,4329.9,True,True
2026-08-28T03:59:30.258295+00:00,6cd77455-dc1e-4842-9e6d-5915be3e0c6f,NEW_VALID_HIGH,4324.81,FIB_ACTIVE,TP_DYNAMIC,4324.81,4315.6,4329.9,4315.6,4318.9748,4324.4374,4329.9,4338.737399999999,4324.4374,4318.9748,4329.9,4329.9,True,True
2026-08-28T03:59:30.258295+00:00,6cd77455-dc1e-4842-9e6d-5915be3e0c6f,TP_UPDATED,4324.81,TP_DYNAMIC,TP_DYNAMIC,4324.81,4315.6,4329.9,4315.6,4318.9748,4324.4374,4329.9,4338.737399999999,4324.4374,4318.9748,4329.9,4329.9,True,True
2026-08-28T03:59:30.258295+00:00,6cd77455-dc1e-4842-9e6d-5915be3e0c6f,NEW_VALID_HIGH,4329.9,TP_DYNAMIC,TP_DYNAMIC,4324.81,4315.6,4329.9,4315.6,4318.9748,4324.4374,4329.9,4338.737399999999,4324.4374,4318.9748,4329.9,4329.9,True,True
2026-08-28T03:59:30.258295+00:00,6cd77455-dc1e-4842-9e6d-5915be3e0c6f,TP_UPDATED,4329.9,TP_DYNAMIC,TP_DYNAMIC,4324.81,4315.6,4329.9,4315.6,4318.9748,4324.4374,4329.9,4338.737399999999,4324.4374,4318.9748,4329.9,4329.9,True,True
2026-08-28T03:59:30.258295+00:00,6cd77455-dc1e-4842-9e6d-5915be3e0c6f,ENTRY_TOUCHED,4323.8,TP_DYNAMIC,ENTRY_TOUCHED,4324.81,4315.6,4329.9,4315.6,4318.9748,4324.4374,4329.9,4338.737399999999,4324.4374,4318.9748,4329.9,4329.9,True,True
2026-08-28T03:59:30.258295+00:00,6cd77455-dc1e-4842-9e6d-5915be3e0c6f,TP_LOCKED,4329.9,ENTRY_TOUCHED,TP_FROZEN,4324.81,4315.6,4329.9,4315.6,4318.9748,4324.4374,4329.9,4338.737399999999,4324.4374,4318.9748,4329.9,4329.9,True,True
2026-08-28T03:59:30.258295+00:00,6cd77455-dc1e-4842-9e6d-5915be3e0c6f,TP_HIT,4331.26,TP_FROZEN,COMPLETED,4324.81,4315.6,4329.9,4315.6,4318.9748,4324.4374,4329.9,4338.737399999999,4324.4374,4318.9748,4329.9,4329.9,True,True
2026-08-28T03:59:30.303672+00:00,a58508e9-4b96-4633-afac-c032e8b7a6f6,BOS_DETECTED,4328.01,NO_SETUP,BOS_DETECTED,4327.14,4309.25,4328.8,4309.25,4313.8638,4321.3319,4328.8,4340.8819,4321.3319,4313.8638,4328.8,4328.8,True,True
2026-08-28T03:59:30.303672+00:00,a58508e9-4b96-4633-afac-c032e8b7a6f6,POINT_2_FOUND,4309.25,BOS_DETECTED,POINT_2_IDENTIFIED,4327.14,4309.25,4328.8,4309.25,4313.8638,4321.3319,4328.8,4340.8819,4321.3319,4313.8638,4328.8,4328.8,True,True
2026-08-28T03:59:30.303672+00:00,a58508e9-4b96-4633-afac-c032e8b7a6f6,SETUP_CREATED,4327.14,POINT_2_IDENTIFIED,FIB_ACTIVE,4327.14,4309.25,4328.8,4309.25,4313.8638,4321.3319,4328.8,4340.8819,4321.3319,4313.8638,4328.8,4328.8,True,True
2026-08-28T03:59:30.303672+00:00,a58508e9-4b96-4633-afac-c032e8b7a6f6,NEW_VALID_HIGH,4327.14,FIB_ACTIVE,TP_DYNAMIC,4327.14,4309.25,4328.8,4309.25,4313.8638,4321.3319,4328.8,4340.8819,4321.3319,4313.8638,4328.8,4328.8,True,True
2026-08-28T03:59:30.303672+00:00,a58508e9-4b96-4633-afac-c032e8b7a6f6,TP_UPDATED,4327.14,TP_DYNAMIC,TP_DYNAMIC,4327.14,4309.25,4328.8,4309.25,4313.8638,4321.3319,4328.8,4340.8819,4321.3319,4313.8638,4328.8,4328.8,True,True
2026-08-28T03:59:30.310064+00:00,a58508e9-4b96-4633-afac-c032e8b7a6f6,NEW_VALID_HIGH,4328.8,TP_DYNAMIC,TP_DYNAMIC,4327.14,4309.25,4328.8,4309.25,4313.8638,4321.3319,4328.8,4340.8819,4321.3319,4313.8638,4328.8,4328.8,True,True
2026-08-28T03:59:30.310064+00:00,a58508e9-4b96-4633-afac-c032e8b7a6f6,TP_UPDATED,4328.8,TP_DYNAMIC,TP_DYNAMIC,4327.14,4309.25,4328.8,4309.25,4313.8638,4321.3319,4328.8,4340.8819,4321.3319,4313.8638,4328.8,4328.8,True,True
2026-08-28T03:59:30.312077+00:00,a58508e9-4b96-4633-afac-c032e8b7a6f6,ENTRY_TOUCHED,4317.8,TP_DYNAMIC,ENTRY_TOUCHED,4327.14,4309.25,4328.8,4309.25,4313.8638,4321.3319,4328.8,4340.8819,4321.3319,4313.8638,4328.8,4328.8,True,True
2026-08-28T03:59:30.312077+00:00,a58508e9-4b96-4633-afac-c032e8b7a6f6,TP_LOCKED,4328.8,ENTRY_TOUCHED,TP_FROZEN,4327.14,4309.25,4328.8,4309.25,4313.8638,4321.3319,4328.8,4340.8819,4321.3319,4313.8638,4328.8,4328.8,True,True
2026-08-28T03:59:30.317613+00:00,a58508e9-4b96-4633-afac-c032e8b7a6f6,TP_HIT,4330.19,TP_FROZEN,COMPLETED,4327.14,4309.25,4328.8,4309.25,4313.8638,4321.3319,4328.8,4340.8819,4321.3319,4313.8638,4328.8,4328.8,True,True
2026-08-28T03:59:30.324881+00:00,b839d932-a563-4ab5-8f0a-cde22203d4d3,BOS_DETECTED,4333.87,NO_SETUP,BOS_DETECTED,4328.8,4309.25,4328.8,4309.25,4313.8638,4321.3319,4328.8,4340.8819,4321.3319,4313.8638,4328.8,4328.8,True,True
2026-08-28T03:59:30.326899+00:00,b839d932-a563-4ab5-8f0a-cde22203d4d3,POINT_2_FOUND,4309.25,BOS_DETECTED,POINT_2_IDENTIFIED,4328.8,4309.25,4328.8,4309.25,4313.8638,4321.3319,4328.8,4340.8819,4321.3319,4313.8638,4328.8,4328.8,True,True
2026-08-28T03:59:30.326899+00:00,b839d932-a563-4ab5-8f0a-cde22203d4d3,SETUP_CREATED,4328.8,POINT_2_IDENTIFIED,FIB_ACTIVE,4328.8,4309.25,4328.8,4309.25,4313.8638,4321.3319,4328.8,4340.8819,4321.3319,4313.8638,4328.8,4328.8,True,True
2026-08-28T03:59:30.326899+00:00,b839d932-a563-4ab5-8f0a-cde22203d4d3,NEW_VALID_HIGH,4328.8,FIB_ACTIVE,TP_DYNAMIC,4328.8,4309.25,4328.8,4309.25,4313.8638,4321.3319,4328.8,4340.8819,4321.3319,4313.8638,4328.8,4328.8,True,True
2026-08-28T03:59:30.326899+00:00,b839d932-a563-4ab5-8f0a-cde22203d4d3,TP_UPDATED,4328.8,TP_DYNAMIC,TP_DYNAMIC,4328.8,4309.25,4328.8,4309.25,4313.8638,4321.3319,4328.8,4340.8819,4321.3319,4313.8638,4328.8,4328.8,True,True
2026-08-28T03:59:30.326899+00:00,b839d932-a563-4ab5-8f0a-cde22203d4d3,ENTRY_TOUCHED,4333.87,TP_DYNAMIC,ENTRY_TOUCHED,4328.8,4309.25,4328.8,4309.25,4313.8638,4321.3319,4328.8,4340.8819,4321.3319,4313.8638,4328.8,4328.8,True,True
2026-08-28T03:59:30.326899+00:00,b839d932-a563-4ab5-8f0a-cde22203d4d3,TP_LOCKED,4328.8,ENTRY_TOUCHED,TP_FROZEN,4328.8,4309.25,4328.8,4309.25,4313.8638,4321.3319,4328.8,4340.8819,4321.3319,4313.8638,4328.8,4328.8,True,True
2026-08-28T03:59:30.326899+00:00,b839d932-a563-4ab5-8f0a-cde22203d4d3,TP_HIT,4319.26,TP_FROZEN,COMPLETED,4328.8,4309.25,4328.8,4309.25,4313.8638,4321.3319,4328.8,4340.8819,4321.3319,4313.8638,4328.8,4328.8,True,True
2026-08-28T03:59:30.333256+00:00,8ec83a67-4a11-4cc7-b736-ee661cc00888,BOS_DETECTED,4342.01,NO_SETUP,BOS_DETECTED,4337.5,4313.59,4356.71,4313.59,4323.76632,4340.23816,4356.71,4383.35816,4340.23816,4323.76632,4356.71,4356.71,True,True
2026-08-28T03:59:30.333256+00:00,8ec83a67-4a11-4cc7-b736-ee661cc00888,POINT_2_FOUND,4313.59,BOS_DETECTED,POINT_2_IDENTIFIED,4337.5,4313.59,4356.71,4313.59,4323.76632,4340.23816,4356.71,4383.35816,4340.23816,4323.76632,4356.71,4356.71,True,True
2026-08-28T03:59:30.333256+00:00,8ec83a67-4a11-4cc7-b736-ee661cc00888,SETUP_CREATED,4337.5,POINT_2_IDENTIFIED,FIB_ACTIVE,4337.5,4313.59,4356.71,4313.59,4323.76632,4340.23816,4356.71,4383.35816,4340.23816,4323.76632,4356.71,4356.71,True,True
2026-08-28T03:59:30.333256+00:00,8ec83a67-4a11-4cc7-b736-ee661cc00888,NEW_VALID_HIGH,4337.5,FIB_ACTIVE,TP_DYNAMIC,4337.5,4313.59,4356.71,4313.59,4323.76632,4340.23816,4356.71,4383.35816,4340.23816,4323.76632,4356.71,4356.71,True,True
2026-08-28T03:59:30.333256+00:00,8ec83a67-4a11-4cc7-b736-ee661cc00888,TP_UPDATED,4337.5,TP_DYNAMIC,TP_DYNAMIC,4337.5,4313.59,4356.71,4313.59,4323.76632,4340.23816,4356.71,4383.35816,4340.23816,4323.76632,4356.71,4356.71,True,True
2026-08-28T03:59:30.342576+00:00,8ec83a67-4a11-4cc7-b736-ee661cc00888,NEW_VALID_HIGH,4356.71,TP_DYNAMIC,TP_DYNAMIC,4337.5,4313.59,4356.71,4313.59,4323.76632,4340.23816,4356.71,4383.35816,4340.23816,4323.76632,4356.71,4356.71,True,True
2026-08-28T03:59:30.342576+00:00,8ec83a67-4a11-4cc7-b736-ee661cc00888,TP_UPDATED,4356.71,TP_DYNAMIC,TP_DYNAMIC,4337.5,4313.59,4356.71,4313.59,4323.76632,4340.23816,4356.71,4383.35816,4340.23816,4323.76632,4356.71,4356.71,True,True
2026-08-28T03:59:30.342576+00:00,8ec83a67-4a11-4cc7-b736-ee661cc00888,ENTRY_TOUCHED,4329.9,TP_DYNAMIC,ENTRY_TOUCHED,4337.5,4313.59,4356.71,4313.59,4323.76632,4340.23816,4356.71,4383.35816,4340.23816,4323.76632,4356.71,4356.71,True,True
2026-08-28T03:59:30.342576+00:00,8ec83a67-4a11-4cc7-b736-ee661cc00888,TP_LOCKED,4356.71,ENTRY_TOUCHED,TP_FROZEN,4337.5,4313.59,4356.71,4313.59,4323.76632,4340.23816,4356.71,4383.35816,4340.23816,4323.76632,4356.71,4356.71,True,True
2026-08-28T03:59:30.342576+00:00,8ec83a67-4a11-4cc7-b736-ee661cc00888,SL_HIT,4317.04,TP_FROZEN,COMPLETED,4337.5,4313.59,4356.71,4313.59,4323.76632,4340.23816,4356.71,4383.35816,4340.23816,4323.76632,4356.71,4356.71,True,True
2026-08-28T03:59:30.375019+00:00,11073de2-9e3e-496d-b085-7aba7f3be3bc,BOS_DETECTED,4320.4,NO_SETUP,BOS_DETECTED,4319.72,4271.2,4319.72,4271.2,4282.65072,4301.18536,4319.72,4349.705360000001,4301.18536,4282.65072,4319.72,4319.72,True,True
2026-08-28T03:59:30.375019+00:00,11073de2-9e3e-496d-b085-7aba7f3be3bc,POINT_2_FOUND,4271.2,BOS_DETECTED,POINT_2_IDENTIFIED,4319.72,4271.2,4319.72,4271.2,4282.65072,4301.18536,4319.72,4349.705360000001,4301.18536,4282.65072,4319.72,4319.72,True,True
2026-08-28T03:59:30.375019+00:00,11073de2-9e3e-496d-b085-7aba7f3be3bc,SETUP_CREATED,4319.72,POINT_2_IDENTIFIED,FIB_ACTIVE,4319.72,4271.2,4319.72,4271.2,4282.65072,4301.18536,4319.72,4349.705360000001,4301.18536,4282.65072,4319.72,4319.72,True,True
2026-08-28T03:59:30.375019+00:00,11073de2-9e3e-496d-b085-7aba7f3be3bc,NEW_VALID_HIGH,4319.72,FIB_ACTIVE,TP_DYNAMIC,4319.72,4271.2,4319.72,4271.2,4282.65072,4301.18536,4319.72,4349.705360000001,4301.18536,4282.65072,4319.72,4319.72,True,True
2026-08-28T03:59:30.375019+00:00,11073de2-9e3e-496d-b085-7aba7f3be3bc,TP_UPDATED,4319.72,TP_DYNAMIC,TP_DYNAMIC,4319.72,4271.2,4319.72,4271.2,4282.65072,4301.18536,4319.72,4349.705360000001,4301.18536,4282.65072,4319.72,4319.72,True,True
2026-08-28T03:59:30.375019+00:00,11073de2-9e3e-496d-b085-7aba7f3be3bc,ENTRY_TOUCHED,4320.4,TP_DYNAMIC,ENTRY_TOUCHED,4319.72,4271.2,4319.72,4271.2,4282.65072,4301.18536,4319.72,4349.705360000001,4301.18536,4282.65072,4319.72,4319.72,True,True
2026-08-28T03:59:30.375019+00:00,11073de2-9e3e-496d-b085-7aba7f3be3bc,TP_LOCKED,4319.72,ENTRY_TOUCHED,TP_FROZEN,4319.72,4271.2,4319.72,4271.2,4282.65072,4301.18536,4319.72,4349.705360000001,4301.18536,4282.65072,4319.72,4319.72,True,True
2026-08-28T03:59:30.375019+00:00,11073de2-9e3e-496d-b085-7aba7f3be3bc,TP_HIT,4327.32,TP_FROZEN,COMPLETED,4319.72,4271.2,4319.72,4271.2,4282.65072,4301.18536,4319.72,4349.705360000001,4301.18536,4282.65072,4319.72,4319.72,True,True
2026-08-28T03:59:30.424671+00:00,6288184a-5fc3-494a-8362-df35111d8445,BOS_DETECTED,4338.18,NO_SETUP,BOS_DETECTED,4337.0,4315.6,4337.0,4315.6,4320.6504,4328.8252,4337.0,4350.2252,4328.8252,4320.6504,4337.0,4337.0,True,True
2026-08-28T03:59:30.424671+00:00,6288184a-5fc3-494a-8362-df35111d8445,POINT_2_FOUND,4315.6,BOS_DETECTED,POINT_2_IDENTIFIED,4337.0,4315.6,4337.0,4315.6,4320.6504,4328.8252,4337.0,4350.2252,4328.8252,4320.6504,4337.0,4337.0,True,True
2026-08-28T03:59:30.424671+00:00,6288184a-5fc3-494a-8362-df35111d8445,SETUP_CREATED,4337.0,POINT_2_IDENTIFIED,FIB_ACTIVE,4337.0,4315.6,4337.0,4315.6,4320.6504,4328.8252,4337.0,4350.2252,4328.8252,4320.6504,4337.0,4337.0,True,True
2026-08-28T03:59:30.424671+00:00,6288184a-5fc3-494a-8362-df35111d8445,NEW_VALID_HIGH,4337.0,FIB_ACTIVE,TP_DYNAMIC,4337.0,4315.6,4337.0,4315.6,4320.6504,4328.8252,4337.0,4350.2252,4328.8252,4320.6504,4337.0,4337.0,True,True
2026-08-28T03:59:30.424671+00:00,6288184a-5fc3-494a-8362-df35111d8445,TP_UPDATED,4337.0,TP_DYNAMIC,TP_DYNAMIC,4337.0,4315.6,4337.0,4315.6,4320.6504,4328.8252,4337.0,4350.2252,4328.8252,4320.6504,4337.0,4337.0,True,True
2026-08-28T03:59:30.424671+00:00,6288184a-5fc3-494a-8362-df35111d8445,ENTRY_TOUCHED,4338.18,TP_DYNAMIC,ENTRY_TOUCHED,4337.0,4315.6,4337.0,4315.6,4320.6504,4328.8252,4337.0,4350.2252,4328.8252,4320.6504,4337.0,4337.0,True,True
2026-08-28T03:59:30.424671+00:00,6288184a-5fc3-494a-8362-df35111d8445,TP_LOCKED,4337.0,ENTRY_TOUCHED,TP_FROZEN,4337.0,4315.6,4337.0,4315.6,4320.6504,4328.8252,4337.0,4350.2252,4328.8252,4320.6504,4337.0,4337.0,True,True
2026-08-28T03:59:30.424671+00:00,6288184a-5fc3-494a-8362-df35111d8445,TP_HIT,4337.99,TP_FROZEN,COMPLETED,4337.0,4315.6,4337.0,4315.6,4320.6504,4328.8252,4337.0,4350.2252,4328.8252,4320.6504,4337.0,4337.0,True,True
2026-08-28T03:59:30.441627+00:00,15064e7b-f8b9-4080-ae8e-c6363bb7337d,BOS_DETECTED,4351.38,NO_SETUP,BOS_DETECTED,4344.0,4317.31,4344.0,4317.31,4323.60884,4333.80442,4344.0,4360.49442,4333.80442,4323.60884,4344.0,4344.0,True,True
2026-08-28T03:59:30.441627+00:00,15064e7b-f8b9-4080-ae8e-c6363bb7337d,POINT_2_FOUND,4317.31,BOS_DETECTED,POINT_2_IDENTIFIED,4344.0,4317.31,4344.0,4317.31,4323.60884,4333.80442,4344.0,4360.49442,4333.80442,4323.60884,4344.0,4344.0,True,True
2026-08-28T03:59:30.441627+00:00,15064e7b-f8b9-4080-ae8e-c6363bb7337d,SETUP_CREATED,4344.0,POINT_2_IDENTIFIED,FIB_ACTIVE,4344.0,4317.31,4344.0,4317.31,4323.60884,4333.80442,4344.0,4360.49442,4333.80442,4323.60884,4344.0,4344.0,True,True
2026-08-28T03:59:30.441627+00:00,15064e7b-f8b9-4080-ae8e-c6363bb7337d,NEW_VALID_HIGH,4344.0,FIB_ACTIVE,TP_DYNAMIC,4344.0,4317.31,4344.0,4317.31,4323.60884,4333.80442,4344.0,4360.49442,4333.80442,4323.60884,4344.0,4344.0,True,True
2026-08-28T03:59:30.441627+00:00,15064e7b-f8b9-4080-ae8e-c6363bb7337d,TP_UPDATED,4344.0,TP_DYNAMIC,TP_DYNAMIC,4344.0,4317.31,4344.0,4317.31,4323.60884,4333.80442,4344.0,4360.49442,4333.80442,4323.60884,4344.0,4344.0,True,True
2026-08-28T03:59:30.441627+00:00,15064e7b-f8b9-4080-ae8e-c6363bb7337d,ENTRY_TOUCHED,4351.38,TP_DYNAMIC,ENTRY_TOUCHED,4344.0,4317.31,4344.0,4317.31,4323.60884,4333.80442,4344.0,4360.49442,4333.80442,4323.60884,4344.0,4344.0,True,True
2026-08-28T03:59:30.441627+00:00,15064e7b-f8b9-4080-ae8e-c6363bb7337d,TP_LOCKED,4344.0,ENTRY_TOUCHED,TP_FROZEN,4344.0,4317.31,4344.0,4317.31,4323.60884,4333.80442,4344.0,4360.49442,4333.80442,4323.60884,4344.0,4344.0,True,True
2026-08-28T03:59:30.443644+00:00,15064e7b-f8b9-4080-ae8e-c6363bb7337d,TP_HIT,4346.22,TP_FROZEN,COMPLETED,4344.0,4317.31,4344.0,4317.31,4323.60884,4333.80442,4344.0,4360.49442,4333.80442,4323.60884,4344.0,4344.0,True,True
2026-08-28T03:59:30.458392+00:00,7da761d7-21d1-4d81-af20-6d7ea3757230,BOS_DETECTED,4341.28,NO_SETUP,BOS_DETECTED,4339.14,4324.16,4339.14,4324.16,4327.69528,4333.417640000001,4339.14,4348.397640000001,4333.417640000001,4327.69528,4339.14,4339.14,True,True
2026-08-28T03:59:30.458392+00:00,7da761d7-21d1-4d81-af20-6d7ea3757230,POINT_2_FOUND,4324.16,BOS_DETECTED,POINT_2_IDENTIFIED,4339.14,4324.16,4339.14,4324.16,4327.69528,4333.417640000001,4339.14,4348.397640000001,4333.417640000001,4327.69528,4339.14,4339.14,True,True
2026-08-28T03:59:30.458392+00:00,7da761d7-21d1-4d81-af20-6d7ea3757230,SETUP_CREATED,4339.14,POINT_2_IDENTIFIED,FIB_ACTIVE,4339.14,4324.16,4339.14,4324.16,4327.69528,4333.417640000001,4339.14,4348.397640000001,4333.417640000001,4327.69528,4339.14,4339.14,True,True
2026-08-28T03:59:30.458392+00:00,7da761d7-21d1-4d81-af20-6d7ea3757230,NEW_VALID_HIGH,4339.14,FIB_ACTIVE,TP_DYNAMIC,4339.14,4324.16,4339.14,4324.16,4327.69528,4333.417640000001,4339.14,4348.397640000001,4333.417640000001,4327.69528,4339.14,4339.14,True,True
2026-08-28T03:59:30.458392+00:00,7da761d7-21d1-4d81-af20-6d7ea3757230,TP_UPDATED,4339.14,TP_DYNAMIC,TP_DYNAMIC,4339.14,4324.16,4339.14,4324.16,4327.69528,4333.417640000001,4339.14,4348.397640000001,4333.417640000001,4327.69528,4339.14,4339.14,True,True
2026-08-28T03:59:30.458392+00:00,7da761d7-21d1-4d81-af20-6d7ea3757230,ENTRY_TOUCHED,4341.28,TP_DYNAMIC,ENTRY_TOUCHED,4339.14,4324.16,4339.14,4324.16,4327.69528,4333.417640000001,4339.14,4348.397640000001,4333.417640000001,4327.69528,4339.14,4339.14,True,True
2026-08-28T03:59:30.458392+00:00,7da761d7-21d1-4d81-af20-6d7ea3757230,TP_LOCKED,4339.14,ENTRY_TOUCHED,TP_FROZEN,4339.14,4324.16,4339.14,4324.16,4327.69528,4333.417640000001,4339.14,4348.397640000001,4333.417640000001,4327.69528,4339.14,4339.14,True,True
2026-08-28T03:59:30.458392+00:00,7da761d7-21d1-4d81-af20-6d7ea3757230,TP_HIT,4339.89,TP_FROZEN,COMPLETED,4339.14,4324.16,4339.14,4324.16,4327.69528,4333.417640000001,4339.14,4348.397640000001,4333.417640000001,4327.69528,4339.14,4339.14,True,True
2026-08-28T03:59:30.466180+00:00,83431933-3484-4ba8-85cf-12446ca944a9,BOS_DETECTED,4343.0,NO_SETUP,BOS_DETECTED,4339.14,4324.16,4346.89,4324.16,4329.52428,4338.20714,4346.89,4360.937140000001,4338.20714,4329.52428,4346.89,4346.89,True,True
2026-08-28T03:59:30.466180+00:00,83431933-3484-4ba8-85cf-12446ca944a9,POINT_2_FOUND,4324.16,BOS_DETECTED,POINT_2_IDENTIFIED,4339.14,4324.16,4346.89,4324.16,4329.52428,4338.20714,4346.89,4360.937140000001,4338.20714,4329.52428,4346.89,4346.89,True,True
2026-08-28T03:59:30.466180+00:00,83431933-3484-4ba8-85cf-12446ca944a9,SETUP_CREATED,4339.14,POINT_2_IDENTIFIED,FIB_ACTIVE,4339.14,4324.16,4346.89,4324.16,4329.52428,4338.20714,4346.89,4360.937140000001,4338.20714,4329.52428,4346.89,4346.89,True,True
2026-08-28T03:59:30.466180+00:00,83431933-3484-4ba8-85cf-12446ca944a9,NEW_VALID_HIGH,4339.14,FIB_ACTIVE,TP_DYNAMIC,4339.14,4324.16,4346.89,4324.16,4329.52428,4338.20714,4346.89,4360.937140000001,4338.20714,4329.52428,4346.89,4346.89,True,True
2026-08-28T03:59:30.466180+00:00,83431933-3484-4ba8-85cf-12446ca944a9,TP_UPDATED,4339.14,TP_DYNAMIC,TP_DYNAMIC,4339.14,4324.16,4346.89,4324.16,4329.52428,4338.20714,4346.89,4360.937140000001,4338.20714,4329.52428,4346.89,4346.89,True,True
2026-08-28T03:59:30.466180+00:00,83431933-3484-4ba8-85cf-12446ca944a9,NEW_VALID_HIGH,4346.89,TP_DYNAMIC,TP_DYNAMIC,4339.14,4324.16,4346.89,4324.16,4329.52428,4338.20714,4346.89,4360.937140000001,4338.20714,4329.52428,4346.89,4346.89,True,True
2026-08-28T03:59:30.466180+00:00,83431933-3484-4ba8-85cf-12446ca944a9,TP_UPDATED,4346.89,TP_DYNAMIC,TP_DYNAMIC,4339.14,4324.16,4346.89,4324.16,4329.52428,4338.20714,4346.89,4360.937140000001,4338.20714,4329.52428,4346.89,4346.89,True,True
2026-08-28T03:59:30.469186+00:00,83431933-3484-4ba8-85cf-12446ca944a9,ENTRY_TOUCHED,4333.8,TP_DYNAMIC,ENTRY_TOUCHED,4339.14,4324.16,4346.89,4324.16,4329.52428,4338.20714,4346.89,4360.937140000001,4338.20714,4329.52428,4346.89,4346.89,True,True
2026-08-28T03:59:30.469186+00:00,83431933-3484-4ba8-85cf-12446ca944a9,TP_LOCKED,4346.89,ENTRY_TOUCHED,TP_FROZEN,4339.14,4324.16,4346.89,4324.16,4329.52428,4338.20714,4346.89,4360.937140000001,4338.20714,4329.52428,4346.89,4346.89,True,True
2026-08-28T03:59:30.469186+00:00,83431933-3484-4ba8-85cf-12446ca944a9,SL_HIT,4332.5,TP_FROZEN,COMPLETED,4339.14,4324.16,4346.89,4324.16,4329.52428,4338.20714,4346.89,4360.937140000001,4338.20714,4329.52428,4346.89,4346.89,True,True
2026-08-28T03:59:30.524273+00:00,578efad6-1536-4f98-82b2-07ee69742d60,BOS_DETECTED,4201.98,NO_SETUP,BOS_DETECTED,4191.18,4175.27,4223.94,4175.27,4186.75612,4205.34806,4223.94,4254.018059999999,4205.34806,4186.75612,4223.94,4223.94,True,True
2026-08-28T03:59:30.524273+00:00,578efad6-1536-4f98-82b2-07ee69742d60,POINT_2_FOUND,4175.27,BOS_DETECTED,POINT_2_IDENTIFIED,4191.18,4175.27,4223.94,4175.27,4186.75612,4205.34806,4223.94,4254.018059999999,4205.34806,4186.75612,4223.94,4223.94,True,True
2026-08-28T03:59:30.524273+00:00,578efad6-1536-4f98-82b2-07ee69742d60,SETUP_CREATED,4191.18,POINT_2_IDENTIFIED,FIB_ACTIVE,4191.18,4175.27,4223.94,4175.27,4186.75612,4205.34806,4223.94,4254.018059999999,4205.34806,4186.75612,4223.94,4223.94,True,True
2026-08-28T03:59:30.524273+00:00,578efad6-1536-4f98-82b2-07ee69742d60,NEW_VALID_HIGH,4191.18,FIB_ACTIVE,TP_DYNAMIC,4191.18,4175.27,4223.94,4175.27,4186.75612,4205.34806,4223.94,4254.018059999999,4205.34806,4186.75612,4223.94,4223.94,True,True
2026-08-28T03:59:30.524273+00:00,578efad6-1536-4f98-82b2-07ee69742d60,TP_UPDATED,4191.18,TP_DYNAMIC,TP_DYNAMIC,4191.18,4175.27,4223.94,4175.27,4186.75612,4205.34806,4223.94,4254.018059999999,4205.34806,4186.75612,4223.94,4223.94,True,True
2026-08-28T03:59:30.526326+00:00,578efad6-1536-4f98-82b2-07ee69742d60,NEW_VALID_HIGH,4223.94,TP_DYNAMIC,TP_DYNAMIC,4191.18,4175.27,4223.94,4175.27,4186.75612,4205.34806,4223.94,4254.018059999999,4205.34806,4186.75612,4223.94,4223.94,True,True
2026-08-28T03:59:30.526326+00:00,578efad6-1536-4f98-82b2-07ee69742d60,TP_UPDATED,4223.94,TP_DYNAMIC,TP_DYNAMIC,4191.18,4175.27,4223.94,4175.27,4186.75612,4205.34806,4223.94,4254.018059999999,4205.34806,4186.75612,4223.94,4223.94,True,True
2026-08-28T03:59:30.526326+00:00,578efad6-1536-4f98-82b2-07ee69742d60,ENTRY_TOUCHED,4206.05,TP_DYNAMIC,ENTRY_TOUCHED,4191.18,4175.27,4223.94,4175.27,4186.75612,4205.34806,4223.94,4254.018059999999,4205.34806,4186.75612,4223.94,4223.94,True,True
2026-08-28T03:59:30.526326+00:00,578efad6-1536-4f98-82b2-07ee69742d60,TP_LOCKED,4223.94,ENTRY_TOUCHED,TP_FROZEN,4191.18,4175.27,4223.94,4175.27,4186.75612,4205.34806,4223.94,4254.018059999999,4205.34806,4186.75612,4223.94,4223.94,True,True
2026-08-28T03:59:30.526326+00:00,578efad6-1536-4f98-82b2-07ee69742d60,SL_HIT,4189.01,TP_FROZEN,COMPLETED,4191.18,4175.27,4223.94,4175.27,4186.75612,4205.34806,4223.94,4254.018059999999,4205.34806,4186.75612,4223.94,4223.94,True,True
2026-08-28T03:59:30.551596+00:00,93b41dba-4425-4512-8da5-b80034ec74a7,BOS_DETECTED,4181.88,NO_SETUP,BOS_DETECTED,4180.0,4134.01,4180.0,4134.01,4144.8636400000005,4162.43182,4180.0,4208.42182,4162.43182,4144.8636400000005,4180.0,4180.0,True,True
2026-08-28T03:59:30.551596+00:00,93b41dba-4425-4512-8da5-b80034ec74a7,POINT_2_FOUND,4134.01,BOS_DETECTED,POINT_2_IDENTIFIED,4180.0,4134.01,4180.0,4134.01,4144.8636400000005,4162.43182,4180.0,4208.42182,4162.43182,4144.8636400000005,4180.0,4180.0,True,True
2026-08-28T03:59:30.551596+00:00,93b41dba-4425-4512-8da5-b80034ec74a7,SETUP_CREATED,4180.0,POINT_2_IDENTIFIED,FIB_ACTIVE,4180.0,4134.01,4180.0,4134.01,4144.8636400000005,4162.43182,4180.0,4208.42182,4162.43182,4144.8636400000005,4180.0,4180.0,True,True
2026-08-28T03:59:30.551596+00:00,93b41dba-4425-4512-8da5-b80034ec74a7,NEW_VALID_HIGH,4180.0,FIB_ACTIVE,TP_DYNAMIC,4180.0,4134.01,4180.0,4134.01,4144.8636400000005,4162.43182,4180.0,4208.42182,4162.43182,4144.8636400000005,4180.0,4180.0,True,True
2026-08-28T03:59:30.551596+00:00,93b41dba-4425-4512-8da5-b80034ec74a7,TP_UPDATED,4180.0,TP_DYNAMIC,TP_DYNAMIC,4180.0,4134.01,4180.0,4134.01,4144.8636400000005,4162.43182,4180.0,4208.42182,4162.43182,4144.8636400000005,4180.0,4180.0,True,True
2026-08-28T03:59:30.551596+00:00,93b41dba-4425-4512-8da5-b80034ec74a7,ENTRY_TOUCHED,4181.88,TP_DYNAMIC,ENTRY_TOUCHED,4180.0,4134.01,4180.0,4134.01,4144.8636400000005,4162.43182,4180.0,4208.42182,4162.43182,4144.8636400000005,4180.0,4180.0,True,True
2026-08-28T03:59:30.551596+00:00,93b41dba-4425-4512-8da5-b80034ec74a7,TP_LOCKED,4180.0,ENTRY_TOUCHED,TP_FROZEN,4180.0,4134.01,4180.0,4134.01,4144.8636400000005,4162.43182,4180.0,4208.42182,4162.43182,4144.8636400000005,4180.0,4180.0,True,True
2026-08-28T03:59:30.553549+00:00,93b41dba-4425-4512-8da5-b80034ec74a7,TP_HIT,4182.6,TP_FROZEN,COMPLETED,4180.0,4134.01,4180.0,4134.01,4144.8636400000005,4162.43182,4180.0,4208.42182,4162.43182,4144.8636400000005,4180.0,4180.0,True,True
2026-08-28T03:59:30.591492+00:00,46a3ce43-850e-4bcc-b86f-0ebe88a6af4b,BOS_DETECTED,4090.09,NO_SETUP,BOS_DETECTED,4080.37,4025.67,4121.0,4025.67,4048.16788,4084.58394,4121.0,4179.91394,4084.58394,4048.16788,4121.0,4121.0,True,True
2026-08-28T03:59:30.591492+00:00,46a3ce43-850e-4bcc-b86f-0ebe88a6af4b,POINT_2_FOUND,4025.67,BOS_DETECTED,POINT_2_IDENTIFIED,4080.37,4025.67,4121.0,4025.67,4048.16788,4084.58394,4121.0,4179.91394,4084.58394,4048.16788,4121.0,4121.0,True,True
2026-08-28T03:59:30.591492+00:00,46a3ce43-850e-4bcc-b86f-0ebe88a6af4b,SETUP_CREATED,4080.37,POINT_2_IDENTIFIED,FIB_ACTIVE,4080.37,4025.67,4121.0,4025.67,4048.16788,4084.58394,4121.0,4179.91394,4084.58394,4048.16788,4121.0,4121.0,True,True
2026-08-28T03:59:30.591492+00:00,46a3ce43-850e-4bcc-b86f-0ebe88a6af4b,NEW_VALID_HIGH,4080.37,FIB_ACTIVE,TP_DYNAMIC,4080.37,4025.67,4121.0,4025.67,4048.16788,4084.58394,4121.0,4179.91394,4084.58394,4048.16788,4121.0,4121.0,True,True
2026-08-28T03:59:30.591492+00:00,46a3ce43-850e-4bcc-b86f-0ebe88a6af4b,TP_UPDATED,4080.37,TP_DYNAMIC,TP_DYNAMIC,4080.37,4025.67,4121.0,4025.67,4048.16788,4084.58394,4121.0,4179.91394,4084.58394,4048.16788,4121.0,4121.0,True,True
2026-08-28T03:59:30.591492+00:00,46a3ce43-850e-4bcc-b86f-0ebe88a6af4b,NEW_VALID_HIGH,4121.0,TP_DYNAMIC,TP_DYNAMIC,4080.37,4025.67,4121.0,4025.67,4048.16788,4084.58394,4121.0,4179.91394,4084.58394,4048.16788,4121.0,4121.0,True,True
2026-08-28T03:59:30.591492+00:00,46a3ce43-850e-4bcc-b86f-0ebe88a6af4b,TP_UPDATED,4121.0,TP_DYNAMIC,TP_DYNAMIC,4080.37,4025.67,4121.0,4025.67,4048.16788,4084.58394,4121.0,4179.91394,4084.58394,4048.16788,4121.0,4121.0,True,True
2026-08-28T03:59:30.591492+00:00,46a3ce43-850e-4bcc-b86f-0ebe88a6af4b,ENTRY_TOUCHED,4063.23,TP_DYNAMIC,ENTRY_TOUCHED,4080.37,4025.67,4121.0,4025.67,4048.16788,4084.58394,4121.0,4179.91394,4084.58394,4048.16788,4121.0,4121.0,True,True
2026-08-28T03:59:30.591492+00:00,46a3ce43-850e-4bcc-b86f-0ebe88a6af4b,TP_LOCKED,4121.0,ENTRY_TOUCHED,TP_FROZEN,4080.37,4025.67,4121.0,4025.67,4048.16788,4084.58394,4121.0,4179.91394,4084.58394,4048.16788,4121.0,4121.0,True,True
2026-08-28T03:59:30.644371+00:00,46a3ce43-850e-4bcc-b86f-0ebe88a6af4b,TP_HIT,4168.54,TP_FROZEN,COMPLETED,4080.37,4025.67,4121.0,4025.67,4048.16788,4084.58394,4121.0,4179.91394,4084.58394,4048.16788,4121.0,4121.0,True,True
2026-08-28T03:59:30.644371+00:00,413f5ba0-692f-4035-ab96-acf8e9b78931,BOS_DETECTED,4190.36,NO_SETUP,BOS_DETECTED,4171.71,4074.56,4247.5,4074.56,4115.37384,4181.43692,4247.5,4354.37692,4181.43692,4115.37384,4247.5,4247.5,True,True
2026-08-28T03:59:30.644371+00:00,413f5ba0-692f-4035-ab96-acf8e9b78931,POINT_2_FOUND,4074.56,BOS_DETECTED,POINT_2_IDENTIFIED,4171.71,4074.56,4247.5,4074.56,4115.37384,4181.43692,4247.5,4354.37692,4181.43692,4115.37384,4247.5,4247.5,True,True
2026-08-28T03:59:30.644371+00:00,413f5ba0-692f-4035-ab96-acf8e9b78931,SETUP_CREATED,4171.71,POINT_2_IDENTIFIED,FIB_ACTIVE,4171.71,4074.56,4247.5,4074.56,4115.37384,4181.43692,4247.5,4354.37692,4181.43692,4115.37384,4247.5,4247.5,True,True
2026-08-28T03:59:30.644371+00:00,413f5ba0-692f-4035-ab96-acf8e9b78931,NEW_VALID_HIGH,4171.71,FIB_ACTIVE,TP_DYNAMIC,4171.71,4074.56,4247.5,4074.56,4115.37384,4181.43692,4247.5,4354.37692,4181.43692,4115.37384,4247.5,4247.5,True,True
2026-08-28T03:59:30.644371+00:00,413f5ba0-692f-4035-ab96-acf8e9b78931,TP_UPDATED,4171.71,TP_DYNAMIC,TP_DYNAMIC,4171.71,4074.56,4247.5,4074.56,4115.37384,4181.43692,4247.5,4354.37692,4181.43692,4115.37384,4247.5,4247.5,True,True
2026-08-28T03:59:30.644371+00:00,413f5ba0-692f-4035-ab96-acf8e9b78931,NEW_VALID_HIGH,4221.25,TP_DYNAMIC,TP_DYNAMIC,4171.71,4074.56,4247.5,4074.56,4115.37384,4181.43692,4247.5,4354.37692,4181.43692,4115.37384,4247.5,4247.5,True,True
2026-08-28T03:59:30.644371+00:00,413f5ba0-692f-4035-ab96-acf8e9b78931,TP_UPDATED,4221.25,TP_DYNAMIC,TP_DYNAMIC,4171.71,4074.56,4247.5,4074.56,4115.37384,4181.43692,4247.5,4354.37692,4181.43692,4115.37384,4247.5,4247.5,True,True
2026-08-28T03:59:30.661237+00:00,413f5ba0-692f-4035-ab96-acf8e9b78931,NEW_VALID_HIGH,4247.5,TP_DYNAMIC,TP_DYNAMIC,4171.71,4074.56,4247.5,4074.56,4115.37384,4181.43692,4247.5,4354.37692,4181.43692,4115.37384,4247.5,4247.5,True,True
2026-08-28T03:59:30.661237+00:00,413f5ba0-692f-4035-ab96-acf8e9b78931,TP_UPDATED,4247.5,TP_DYNAMIC,TP_DYNAMIC,4171.71,4074.56,4247.5,4074.56,4115.37384,4181.43692,4247.5,4354.37692,4181.43692,4115.37384,4247.5,4247.5,True,True
2026-08-28T03:59:30.662803+00:00,413f5ba0-692f-4035-ab96-acf8e9b78931,ENTRY_TOUCHED,4182.53,TP_DYNAMIC,ENTRY_TOUCHED,4171.71,4074.56,4247.5,4074.56,4115.37384,4181.43692,4247.5,4354.37692,4181.43692,4115.37384,4247.5,4247.5,True,True
2026-08-28T03:59:30.662803+00:00,413f5ba0-692f-4035-ab96-acf8e9b78931,TP_LOCKED,4247.5,ENTRY_TOUCHED,TP_FROZEN,4171.71,4074.56,4247.5,4074.56,4115.37384,4181.43692,4247.5,4354.37692,4181.43692,4115.37384,4247.5,4247.5,True,True
2026-08-28T03:59:30.856653+00:00,413f5ba0-692f-4035-ab96-acf8e9b78931,TP_HIT,4253.56,TP_FROZEN,COMPLETED,4171.71,4074.56,4247.5,4074.56,4115.37384,4181.43692,4247.5,4354.37692,4181.43692,4115.37384,4247.5,4247.5,True,True
2026-08-28T03:59:30.865027+00:00,8d024f57-c6b7-4b7f-885c-1dfbc9b29d84,BOS_DETECTED,4319.4,NO_SETUP,BOS_DETECTED,4309.42,4226.88,4371.13,4226.88,4260.923,4316.0265,4371.13,4460.2765,4316.0265,4260.923,4371.13,4371.13,True,True
2026-08-28T03:59:30.865027+00:00,8d024f57-c6b7-4b7f-885c-1dfbc9b29d84,POINT_2_FOUND,4226.88,BOS_DETECTED,POINT_2_IDENTIFIED,4309.42,4226.88,4371.13,4226.88,4260.923,4316.0265,4371.13,4460.2765,4316.0265,4260.923,4371.13,4371.13,True,True
2026-08-28T03:59:30.865027+00:00,8d024f57-c6b7-4b7f-885c-1dfbc9b29d84,SETUP_CREATED,4309.42,POINT_2_IDENTIFIED,FIB_ACTIVE,4309.42,4226.88,4371.13,4226.88,4260.923,4316.0265,4371.13,4460.2765,4316.0265,4260.923,4371.13,4371.13,True,True
2026-08-28T03:59:30.865027+00:00,8d024f57-c6b7-4b7f-885c-1dfbc9b29d84,NEW_VALID_HIGH,4309.42,FIB_ACTIVE,TP_DYNAMIC,4309.42,4226.88,4371.13,4226.88,4260.923,4316.0265,4371.13,4460.2765,4316.0265,4260.923,4371.13,4371.13,True,True
2026-08-28T03:59:30.865027+00:00,8d024f57-c6b7-4b7f-885c-1dfbc9b29d84,TP_UPDATED,4309.42,TP_DYNAMIC,TP_DYNAMIC,4309.42,4226.88,4371.13,4226.88,4260.923,4316.0265,4371.13,4460.2765,4316.0265,4260.923,4371.13,4371.13,True,True
2026-08-28T03:59:30.873493+00:00,8d024f57-c6b7-4b7f-885c-1dfbc9b29d84,NEW_VALID_HIGH,4336.15,TP_DYNAMIC,TP_DYNAMIC,4309.42,4226.88,4371.13,4226.88,4260.923,4316.0265,4371.13,4460.2765,4316.0265,4260.923,4371.13,4371.13,True,True
2026-08-28T03:59:30.873493+00:00,8d024f57-c6b7-4b7f-885c-1dfbc9b29d84,TP_UPDATED,4336.15,TP_DYNAMIC,TP_DYNAMIC,4309.42,4226.88,4371.13,4226.88,4260.923,4316.0265,4371.13,4460.2765,4316.0265,4260.923,4371.13,4371.13,True,True
2026-08-28T03:59:30.890202+00:00,8d024f57-c6b7-4b7f-885c-1dfbc9b29d84,NEW_VALID_HIGH,4346.78,TP_DYNAMIC,TP_DYNAMIC,4309.42,4226.88,4371.13,4226.88,4260.923,4316.0265,4371.13,4460.2765,4316.0265,4260.923,4371.13,4371.13,True,True
2026-08-28T03:59:30.890202+00:00,8d024f57-c6b7-4b7f-885c-1dfbc9b29d84,TP_UPDATED,4346.78,TP_DYNAMIC,TP_DYNAMIC,4309.42,4226.88,4371.13,4226.88,4260.923,4316.0265,4371.13,4460.2765,4316.0265,4260.923,4371.13,4371.13,True,True
2026-08-28T03:59:30.901825+00:00,8d024f57-c6b7-4b7f-885c-1dfbc9b29d84,NEW_VALID_HIGH,4349.0,TP_DYNAMIC,TP_DYNAMIC,4309.42,4226.88,4371.13,4226.88,4260.923,4316.0265,4371.13,4460.2765,4316.0265,4260.923,4371.13,4371.13,True,True
2026-08-28T03:59:30.901825+00:00,8d024f57-c6b7-4b7f-885c-1dfbc9b29d84,TP_UPDATED,4349.0,TP_DYNAMIC,TP_DYNAMIC,4309.42,4226.88,4371.13,4226.88,4260.923,4316.0265,4371.13,4460.2765,4316.0265,4260.923,4371.13,4371.13,True,True
2026-08-28T03:59:30.910245+00:00,8d024f57-c6b7-4b7f-885c-1dfbc9b29d84,NEW_VALID_HIGH,4371.13,TP_DYNAMIC,TP_DYNAMIC,4309.42,4226.88,4371.13,4226.88,4260.923,4316.0265,4371.13,4460.2765,4316.0265,4260.923,4371.13,4371.13,True,True
2026-08-28T03:59:30.910245+00:00,8d024f57-c6b7-4b7f-885c-1dfbc9b29d84,TP_UPDATED,4371.13,TP_DYNAMIC,TP_DYNAMIC,4309.42,4226.88,4371.13,4226.88,4260.923,4316.0265,4371.13,4460.2765,4316.0265,4260.923,4371.13,4371.13,True,True
2026-08-28T03:59:30.926144+00:00,8d024f57-c6b7-4b7f-885c-1dfbc9b29d84,ENTRY_TOUCHED,4315.57,TP_DYNAMIC,ENTRY_TOUCHED,4309.42,4226.88,4371.13,4226.88,4260.923,4316.0265,4371.13,4460.2765,4316.0265,4260.923,4371.13,4371.13,True,True
2026-08-28T03:59:30.926144+00:00,8d024f57-c6b7-4b7f-885c-1dfbc9b29d84,TP_LOCKED,4371.13,ENTRY_TOUCHED,TP_FROZEN,4309.42,4226.88,4371.13,4226.88,4260.923,4316.0265,4371.13,4460.2765,4316.0265,4260.923,4371.13,4371.13,True,True
2026-08-28T03:59:31.069117+00:00,8d024f57-c6b7-4b7f-885c-1dfbc9b29d84,TP_HIT,4378.01,TP_FROZEN,COMPLETED,4309.42,4226.88,4371.13,4226.88,4260.923,4316.0265,4371.13,4460.2765,4316.0265,4260.923,4371.13,4371.13,True,True
2026-08-28T03:59:31.086571+00:00,e62c3b33-99ba-4244-8a67-f6bfd9556913,BOS_DETECTED,4283.35,NO_SETUP,BOS_DETECTED,4271.2,4222.16,4331.5,4222.16,4247.96424,4289.73212,4331.5,4399.07212,4289.73212,4247.96424,4331.5,4331.5,True,True
2026-08-28T03:59:31.091917+00:00,e62c3b33-99ba-4244-8a67-f6bfd9556913,POINT_2_FOUND,4222.16,BOS_DETECTED,POINT_2_IDENTIFIED,4271.2,4222.16,4331.5,4222.16,4247.96424,4289.73212,4331.5,4399.07212,4289.73212,4247.96424,4331.5,4331.5,True,True
2026-08-28T03:59:31.091917+00:00,e62c3b33-99ba-4244-8a67-f6bfd9556913,SETUP_CREATED,4271.2,POINT_2_IDENTIFIED,FIB_ACTIVE,4271.2,4222.16,4331.5,4222.16,4247.96424,4289.73212,4331.5,4399.07212,4289.73212,4247.96424,4331.5,4331.5,True,True
2026-08-28T03:59:31.091917+00:00,e62c3b33-99ba-4244-8a67-f6bfd9556913,NEW_VALID_HIGH,4271.2,FIB_ACTIVE,TP_DYNAMIC,4271.2,4222.16,4331.5,4222.16,4247.96424,4289.73212,4331.5,4399.07212,4289.73212,4247.96424,4331.5,4331.5,True,True
2026-08-28T03:59:31.091917+00:00,e62c3b33-99ba-4244-8a67-f6bfd9556913,TP_UPDATED,4271.2,TP_DYNAMIC,TP_DYNAMIC,4271.2,4222.16,4331.5,4222.16,4247.96424,4289.73212,4331.5,4399.07212,4289.73212,4247.96424,4331.5,4331.5,True,True
2026-08-28T03:59:31.099475+00:00,e62c3b33-99ba-4244-8a67-f6bfd9556913,NEW_VALID_HIGH,4329.13,TP_DYNAMIC,TP_DYNAMIC,4271.2,4222.16,4331.5,4222.16,4247.96424,4289.73212,4331.5,4399.07212,4289.73212,4247.96424,4331.5,4331.5,True,True
2026-08-28T03:59:31.099475+00:00,e62c3b33-99ba-4244-8a67-f6bfd9556913,TP_UPDATED,4329.13,TP_DYNAMIC,TP_DYNAMIC,4271.2,4222.16,4331.5,4222.16,4247.96424,4289.73212,4331.5,4399.07212,4289.73212,4247.96424,4331.5,4331.5,True,True
2026-08-28T03:59:31.103236+00:00,e62c3b33-99ba-4244-8a67-f6bfd9556913,NEW_VALID_HIGH,4331.5,TP_DYNAMIC,TP_DYNAMIC,4271.2,4222.16,4331.5,4222.16,4247.96424,4289.73212,4331.5,4399.07212,4289.73212,4247.96424,4331.5,4331.5,True,True
2026-08-28T03:59:31.103236+00:00,e62c3b33-99ba-4244-8a67-f6bfd9556913,TP_UPDATED,4331.5,TP_DYNAMIC,TP_DYNAMIC,4271.2,4222.16,4331.5,4222.16,4247.96424,4289.73212,4331.5,4399.07212,4289.73212,4247.96424,4331.5,4331.5,True,True
2026-08-28T03:59:31.111511+00:00,e62c3b33-99ba-4244-8a67-f6bfd9556913,ENTRY_TOUCHED,4290.74,TP_DYNAMIC,ENTRY_TOUCHED,4271.2,4222.16,4331.5,4222.16,4247.96424,4289.73212,4331.5,4399.07212,4289.73212,4247.96424,4331.5,4331.5,True,True
2026-08-28T03:59:31.111511+00:00,e62c3b33-99ba-4244-8a67-f6bfd9556913,TP_LOCKED,4331.5,ENTRY_TOUCHED,TP_FROZEN,4271.2,4222.16,4331.5,4222.16,4247.96424,4289.73212,4331.5,4399.07212,4289.73212,4247.96424,4331.5,4331.5,True,True
2026-08-28T03:59:31.130474+00:00,e62c3b33-99ba-4244-8a67-f6bfd9556913,SL_HIT,4248.83,TP_FROZEN,COMPLETED,4271.2,4222.16,4331.5,4222.16,4247.96424,4289.73212,4331.5,4399.07212,4289.73212,4247.96424,4331.5,4331.5,True,True
2026-08-28T03:59:31.207860+00:00,7671a7e3-df44-48a7-94fb-a878feb818df,BOS_DETECTED,4183.0,NO_SETUP,BOS_DETECTED,4181.29,4136.1,4181.29,4136.1,4146.76484,4164.02742,4181.29,4209.21742,4164.02742,4146.76484,4181.29,4181.29,True,True
2026-08-28T03:59:31.207860+00:00,7671a7e3-df44-48a7-94fb-a878feb818df,POINT_2_FOUND,4136.1,BOS_DETECTED,POINT_2_IDENTIFIED,4181.29,4136.1,4181.29,4136.1,4146.76484,4164.02742,4181.29,4209.21742,4164.02742,4146.76484,4181.29,4181.29,True,True
2026-08-28T03:59:31.207860+00:00,7671a7e3-df44-48a7-94fb-a878feb818df,SETUP_CREATED,4181.29,POINT_2_IDENTIFIED,FIB_ACTIVE,4181.29,4136.1,4181.29,4136.1,4146.76484,4164.02742,4181.29,4209.21742,4164.02742,4146.76484,4181.29,4181.29,True,True
2026-08-28T03:59:31.207860+00:00,7671a7e3-df44-48a7-94fb-a878feb818df,NEW_VALID_HIGH,4181.29,FIB_ACTIVE,TP_DYNAMIC,4181.29,4136.1,4181.29,4136.1,4146.76484,4164.02742,4181.29,4209.21742,4164.02742,4146.76484,4181.29,4181.29,True,True
2026-08-28T03:59:31.207860+00:00,7671a7e3-df44-48a7-94fb-a878feb818df,TP_UPDATED,4181.29,TP_DYNAMIC,TP_DYNAMIC,4181.29,4136.1,4181.29,4136.1,4146.76484,4164.02742,4181.29,4209.21742,4164.02742,4146.76484,4181.29,4181.29,True,True
2026-08-28T03:59:31.207860+00:00,7671a7e3-df44-48a7-94fb-a878feb818df,ENTRY_TOUCHED,4183.0,TP_DYNAMIC,ENTRY_TOUCHED,4181.29,4136.1,4181.29,4136.1,4146.76484,4164.02742,4181.29,4209.21742,4164.02742,4146.76484,4181.29,4181.29,True,True
2026-08-28T03:59:31.207860+00:00,7671a7e3-df44-48a7-94fb-a878feb818df,TP_LOCKED,4181.29,ENTRY_TOUCHED,TP_FROZEN,4181.29,4136.1,4181.29,4136.1,4146.76484,4164.02742,4181.29,4209.21742,4164.02742,4146.76484,4181.29,4181.29,True,True
2026-08-28T03:59:31.207860+00:00,7671a7e3-df44-48a7-94fb-a878feb818df,TP_HIT,4173.22,TP_FROZEN,COMPLETED,4181.29,4136.1,4181.29,4136.1,4146.76484,4164.02742,4181.29,4209.21742,4164.02742,4146.76484,4181.29,4181.29,True,True
2026-08-28T03:59:31.224693+00:00,e559934b-9989-4d42-a9de-de2e4292bbc9,BOS_DETECTED,4158.81,NO_SETUP,BOS_DETECTED,4157.64,4145.56,4161.93,4145.56,4149.3714,4155.5407000000005,4161.71,4171.6907,4155.5407000000005,4149.3714,4161.71,4161.71,True,True
2026-08-28T03:59:31.224693+00:00,e559934b-9989-4d42-a9de-de2e4292bbc9,POINT_2_FOUND,4145.56,BOS_DETECTED,POINT_2_IDENTIFIED,4157.64,4145.56,4161.93,4145.56,4149.3714,4155.5407000000005,4161.71,4171.6907,4155.5407000000005,4149.3714,4161.71,4161.71,True,True
2026-08-28T03:59:31.224693+00:00,e559934b-9989-4d42-a9de-de2e4292bbc9,SETUP_CREATED,4157.64,POINT_2_IDENTIFIED,FIB_ACTIVE,4157.64,4145.56,4161.93,4145.56,4149.3714,4155.5407000000005,4161.71,4171.6907,4155.5407000000005,4149.3714,4161.71,4161.71,True,True
2026-08-28T03:59:31.224693+00:00,e559934b-9989-4d42-a9de-de2e4292bbc9,NEW_VALID_HIGH,4157.64,FIB_ACTIVE,TP_DYNAMIC,4157.64,4145.56,4161.93,4145.56,4149.3714,4155.5407000000005,4161.71,4171.6907,4155.5407000000005,4149.3714,4161.71,4161.71,True,True
2026-08-28T03:59:31.224693+00:00,e559934b-9989-4d42-a9de-de2e4292bbc9,TP_UPDATED,4157.64,TP_DYNAMIC,TP_DYNAMIC,4157.64,4145.56,4161.93,4145.56,4149.3714,4155.5407000000005,4161.71,4171.6907,4155.5407000000005,4149.3714,4161.71,4161.71,True,True
2026-08-28T03:59:31.224693+00:00,e559934b-9989-4d42-a9de-de2e4292bbc9,NEW_VALID_HIGH,4161.71,TP_DYNAMIC,TP_DYNAMIC,4157.64,4145.56,4161.93,4145.56,4149.3714,4155.5407000000005,4161.71,4171.6907,4155.5407000000005,4149.3714,4161.71,4161.71,True,True
2026-08-28T03:59:31.224693+00:00,e559934b-9989-4d42-a9de-de2e4292bbc9,TP_UPDATED,4161.71,TP_DYNAMIC,TP_DYNAMIC,4157.64,4145.56,4161.93,4145.56,4149.3714,4155.5407000000005,4161.71,4171.6907,4155.5407000000005,4149.3714,4161.71,4161.71,True,True
2026-08-28T03:59:31.224693+00:00,e559934b-9989-4d42-a9de-de2e4292bbc9,ENTRY_TOUCHED,4158.97,TP_DYNAMIC,ENTRY_TOUCHED,4157.64,4145.56,4161.93,4145.56,4149.3714,4155.5407000000005,4161.71,4171.6907,4155.5407000000005,4149.3714,4161.71,4161.71,True,True
2026-08-28T03:59:31.224693+00:00,e559934b-9989-4d42-a9de-de2e4292bbc9,TP_LOCKED,4161.71,ENTRY_TOUCHED,TP_FROZEN,4157.64,4145.56,4161.93,4145.56,4149.3714,4155.5407000000005,4161.71,4171.6907,4155.5407000000005,4149.3714,4161.71,4161.71,True,True
2026-08-28T03:59:31.224693+00:00,e559934b-9989-4d42-a9de-de2e4292bbc9,POST_ENTRY_HIGH_IGNORED,4161.93,TP_FROZEN,TP_FROZEN,4157.64,4145.56,4161.93,4145.56,4149.3714,4155.5407000000005,4161.71,4171.6907,4155.5407000000005,4149.3714,4161.71,4161.71,True,True
2026-08-28T03:59:31.235104+00:00,e559934b-9989-4d42-a9de-de2e4292bbc9,TP_HIT,4162.5,TP_FROZEN,COMPLETED,4157.64,4145.56,4161.93,4145.56,4149.3714,4155.5407000000005,4161.71,4171.6907,4155.5407000000005,4149.3714,4161.71,4161.71,True,True
2026-08-28T03:59:31.293431+00:00,a05b4e1b-d91a-407a-9fc6-d9b6b27be947,BOS_DETECTED,4161.05,NO_SETUP,BOS_DETECTED,4160.39,4157.5,4161.47,4157.5,4158.43692,4159.95346,4161.47,4163.92346,4159.95346,4158.43692,4161.47,,False,False
2026-08-28T03:59:31.293431+00:00,a05b4e1b-d91a-407a-9fc6-d9b6b27be947,POINT_2_FOUND,4157.5,BOS_DETECTED,POINT_2_IDENTIFIED,4160.39,4157.5,4161.47,4157.5,4158.43692,4159.95346,4161.47,4163.92346,4159.95346,4158.43692,4161.47,,False,False
2026-08-28T03:59:31.293431+00:00,a05b4e1b-d91a-407a-9fc6-d9b6b27be947,SETUP_CREATED,4160.39,POINT_2_IDENTIFIED,FIB_ACTIVE,4160.39,4157.5,4161.47,4157.5,4158.43692,4159.95346,4161.47,4163.92346,4159.95346,4158.43692,4161.47,,False,False
2026-08-28T03:59:31.293431+00:00,a05b4e1b-d91a-407a-9fc6-d9b6b27be947,NEW_VALID_HIGH,4160.39,FIB_ACTIVE,TP_DYNAMIC,4160.39,4157.5,4161.47,4157.5,4158.43692,4159.95346,4161.47,4163.92346,4159.95346,4158.43692,4161.47,,False,False
2026-08-28T03:59:31.293431+00:00,a05b4e1b-d91a-407a-9fc6-d9b6b27be947,TP_UPDATED,4160.39,TP_DYNAMIC,TP_DYNAMIC,4160.39,4157.5,4161.47,4157.5,4158.43692,4159.95346,4161.47,4163.92346,4159.95346,4158.43692,4161.47,,False,False
2026-08-28T03:59:31.293431+00:00,a05b4e1b-d91a-407a-9fc6-d9b6b27be947,NEW_VALID_HIGH,4161.47,TP_DYNAMIC,TP_DYNAMIC,4160.39,4157.5,4161.47,4157.5,4158.43692,4159.95346,4161.47,4163.92346,4159.95346,4158.43692,4161.47,,False,False
2026-08-28T03:59:31.293431+00:00,a05b4e1b-d91a-407a-9fc6-d9b6b27be947,TP_UPDATED,4161.47,TP_DYNAMIC,TP_DYNAMIC,4160.39,4157.5,4161.47,4157.5,4158.43692,4159.95346,4161.47,4163.92346,4159.95346,4158.43692,4161.47,,False,False
2026-08-28T03:59:31.293431+00:00,a05b4e1b-d91a-407a-9fc6-d9b6b27be947,INVALIDATED,4155.58,TP_DYNAMIC,INVALIDATED,4160.39,4157.5,4161.47,4157.5,4158.43692,4159.95346,4161.47,4163.92346,4159.95346,4158.43692,4161.47,,False,False
2026-08-28T03:59:31.340742+00:00,fe30c77b-139f-42fe-90e0-34f2cff878fa,BOS_DETECTED,4157.49,NO_SETUP,BOS_DETECTED,4157.3,4155.07,4157.5,4155.07,4155.64348,4156.57174,4157.5,4159.001740000001,4156.57174,4155.64348,4157.5,4157.5,True,True
2026-08-28T03:59:31.340742+00:00,fe30c77b-139f-42fe-90e0-34f2cff878fa,POINT_2_FOUND,4155.07,BOS_DETECTED,POINT_2_IDENTIFIED,4157.3,4155.07,4157.5,4155.07,4155.64348,4156.57174,4157.5,4159.001740000001,4156.57174,4155.64348,4157.5,4157.5,True,True
2026-08-28T03:59:31.340742+00:00,fe30c77b-139f-42fe-90e0-34f2cff878fa,SETUP_CREATED,4157.3,POINT_2_IDENTIFIED,FIB_ACTIVE,4157.3,4155.07,4157.5,4155.07,4155.64348,4156.57174,4157.5,4159.001740000001,4156.57174,4155.64348,4157.5,4157.5,True,True
2026-08-28T03:59:31.340742+00:00,fe30c77b-139f-42fe-90e0-34f2cff878fa,NEW_VALID_HIGH,4157.3,FIB_ACTIVE,TP_DYNAMIC,4157.3,4155.07,4157.5,4155.07,4155.64348,4156.57174,4157.5,4159.001740000001,4156.57174,4155.64348,4157.5,4157.5,True,True
2026-08-28T03:59:31.340742+00:00,fe30c77b-139f-42fe-90e0-34f2cff878fa,TP_UPDATED,4157.3,TP_DYNAMIC,TP_DYNAMIC,4157.3,4155.07,4157.5,4155.07,4155.64348,4156.57174,4157.5,4159.001740000001,4156.57174,4155.64348,4157.5,4157.5,True,True
2026-08-28T03:59:31.340742+00:00,fe30c77b-139f-42fe-90e0-34f2cff878fa,NEW_VALID_HIGH,4157.5,TP_DYNAMIC,TP_DYNAMIC,4157.3,4155.07,4157.5,4155.07,4155.64348,4156.57174,4157.5,4159.001740000001,4156.57174,4155.64348,4157.5,4157.5,True,True
2026-08-28T03:59:31.340742+00:00,fe30c77b-139f-42fe-90e0-34f2cff878fa,TP_UPDATED,4157.5,TP_DYNAMIC,TP_DYNAMIC,4157.3,4155.07,4157.5,4155.07,4155.64348,4156.57174,4157.5,4159.001740000001,4156.57174,4155.64348,4157.5,4157.5,True,True
2026-08-28T03:59:31.340742+00:00,fe30c77b-139f-42fe-90e0-34f2cff878fa,ENTRY_TOUCHED,4156.49,TP_DYNAMIC,ENTRY_TOUCHED,4157.3,4155.07,4157.5,4155.07,4155.64348,4156.57174,4157.5,4159.001740000001,4156.57174,4155.64348,4157.5,4157.5,True,True
2026-08-28T03:59:31.340742+00:00,fe30c77b-139f-42fe-90e0-34f2cff878fa,TP_LOCKED,4157.5,ENTRY_TOUCHED,TP_FROZEN,4157.3,4155.07,4157.5,4155.07,4155.64348,4156.57174,4157.5,4159.001740000001,4156.57174,4155.64348,4157.5,4157.5,True,True
2026-08-28T03:59:31.346573+00:00,fe30c77b-139f-42fe-90e0-34f2cff878fa,TP_HIT,4157.5,TP_FROZEN,COMPLETED,4157.3,4155.07,4157.5,4155.07,4155.64348,4156.57174,4157.5,4159.001740000001,4156.57174,4155.64348,4157.5,4157.5,True,True
2026-08-28T03:59:31.348582+00:00,ee1041e7-ad6b-4495-a950-ab19ad19d025,BOS_DETECTED,4159.0,NO_SETUP,BOS_DETECTED,4157.5,4155.07,4163.62,4155.07,4157.087799999999,4160.3539,4163.62,4168.9039,4160.3539,4157.087799999999,4163.62,4163.62,True,True
2026-08-28T03:59:31.348582+00:00,ee1041e7-ad6b-4495-a950-ab19ad19d025,POINT_2_FOUND,4155.07,BOS_DETECTED,POINT_2_IDENTIFIED,4157.5,4155.07,4163.62,4155.07,4157.087799999999,4160.3539,4163.62,4168.9039,4160.3539,4157.087799999999,4163.62,4163.62,True,True
2026-08-28T03:59:31.348582+00:00,ee1041e7-ad6b-4495-a950-ab19ad19d025,SETUP_CREATED,4157.5,POINT_2_IDENTIFIED,FIB_ACTIVE,4157.5,4155.07,4163.62,4155.07,4157.087799999999,4160.3539,4163.62,4168.9039,4160.3539,4157.087799999999,4163.62,4163.62,True,True
2026-08-28T03:59:31.348582+00:00,ee1041e7-ad6b-4495-a950-ab19ad19d025,NEW_VALID_HIGH,4157.5,FIB_ACTIVE,TP_DYNAMIC,4157.5,4155.07,4163.62,4155.07,4157.087799999999,4160.3539,4163.62,4168.9039,4160.3539,4157.087799999999,4163.62,4163.62,True,True
2026-08-28T03:59:31.348582+00:00,ee1041e7-ad6b-4495-a950-ab19ad19d025,TP_UPDATED,4157.5,TP_DYNAMIC,TP_DYNAMIC,4157.5,4155.07,4163.62,4155.07,4157.087799999999,4160.3539,4163.62,4168.9039,4160.3539,4157.087799999999,4163.62,4163.62,True,True
2026-08-28T03:59:31.353714+00:00,ee1041e7-ad6b-4495-a950-ab19ad19d025,NEW_VALID_HIGH,4163.62,TP_DYNAMIC,TP_DYNAMIC,4157.5,4155.07,4163.62,4155.07,4157.087799999999,4160.3539,4163.62,4168.9039,4160.3539,4157.087799999999,4163.62,4163.62,True,True
2026-08-28T03:59:31.353714+00:00,ee1041e7-ad6b-4495-a950-ab19ad19d025,TP_UPDATED,4163.62,TP_DYNAMIC,TP_DYNAMIC,4157.5,4155.07,4163.62,4155.07,4157.087799999999,4160.3539,4163.62,4168.9039,4160.3539,4157.087799999999,4163.62,4163.62,True,True
2026-08-28T03:59:31.353714+00:00,ee1041e7-ad6b-4495-a950-ab19ad19d025,ENTRY_TOUCHED,4161.28,TP_DYNAMIC,ENTRY_TOUCHED,4157.5,4155.07,4163.62,4155.07,4157.087799999999,4160.3539,4163.62,4168.9039,4160.3539,4157.087799999999,4163.62,4163.62,True,True
2026-08-28T03:59:31.353714+00:00,ee1041e7-ad6b-4495-a950-ab19ad19d025,TP_LOCKED,4163.62,ENTRY_TOUCHED,TP_FROZEN,4157.5,4155.07,4163.62,4155.07,4157.087799999999,4160.3539,4163.62,4168.9039,4160.3539,4157.087799999999,4163.62,4163.62,True,True
2026-08-28T03:59:31.358033+00:00,ee1041e7-ad6b-4495-a950-ab19ad19d025,TP_HIT,4163.68,TP_FROZEN,COMPLETED,4157.5,4155.07,4163.62,4155.07,4157.087799999999,4160.3539,4163.62,4168.9039,4160.3539,4157.087799999999,4163.62,4163.62,True,True
2026-08-28T03:59:31.407384+00:00,be32657f-1852-479f-9fc9-e0f18c61eda9,BOS_DETECTED,4171.31,NO_SETUP,BOS_DETECTED,4169.95,4163.55,4169.95,4163.55,4165.0604,4167.5052,4169.95,4173.905199999999,4167.5052,4165.0604,4169.95,4169.95,True,True
2026-08-28T03:59:31.407384+00:00,be32657f-1852-479f-9fc9-e0f18c61eda9,POINT_2_FOUND,4163.55,BOS_DETECTED,POINT_2_IDENTIFIED,4169.95,4163.55,4169.95,4163.55,4165.0604,4167.5052,4169.95,4173.905199999999,4167.5052,4165.0604,4169.95,4169.95,True,True
2026-08-28T03:59:31.407384+00:00,be32657f-1852-479f-9fc9-e0f18c61eda9,SETUP_CREATED,4169.95,POINT_2_IDENTIFIED,FIB_ACTIVE,4169.95,4163.55,4169.95,4163.55,4165.0604,4167.5052,4169.95,4173.905199999999,4167.5052,4165.0604,4169.95,4169.95,True,True
2026-08-28T03:59:31.407384+00:00,be32657f-1852-479f-9fc9-e0f18c61eda9,NEW_VALID_HIGH,4169.95,FIB_ACTIVE,TP_DYNAMIC,4169.95,4163.55,4169.95,4163.55,4165.0604,4167.5052,4169.95,4173.905199999999,4167.5052,4165.0604,4169.95,4169.95,True,True
2026-08-28T03:59:31.407384+00:00,be32657f-1852-479f-9fc9-e0f18c61eda9,TP_UPDATED,4169.95,TP_DYNAMIC,TP_DYNAMIC,4169.95,4163.55,4169.95,4163.55,4165.0604,4167.5052,4169.95,4173.905199999999,4167.5052,4165.0604,4169.95,4169.95,True,True
2026-08-28T03:59:31.407384+00:00,be32657f-1852-479f-9fc9-e0f18c61eda9,ENTRY_TOUCHED,4171.31,TP_DYNAMIC,ENTRY_TOUCHED,4169.95,4163.55,4169.95,4163.55,4165.0604,4167.5052,4169.95,4173.905199999999,4167.5052,4165.0604,4169.95,4169.95,True,True
2026-08-28T03:59:31.407384+00:00,be32657f-1852-479f-9fc9-e0f18c61eda9,TP_LOCKED,4169.95,ENTRY_TOUCHED,TP_FROZEN,4169.95,4163.55,4169.95,4163.55,4165.0604,4167.5052,4169.95,4173.905199999999,4167.5052,4165.0604,4169.95,4169.95,True,True
2026-08-28T03:59:31.407384+00:00,be32657f-1852-479f-9fc9-e0f18c61eda9,TP_HIT,4170.68,TP_FROZEN,COMPLETED,4169.95,4163.55,4169.95,4163.55,4165.0604,4167.5052,4169.95,4173.905199999999,4167.5052,4165.0604,4169.95,4169.95,True,True
2026-08-28T03:59:31.426723+00:00,adca3491-7221-47f9-9bbe-1bae15088b8a,BOS_DETECTED,4170.07,NO_SETUP,BOS_DETECTED,4167.29,4139.16,4222.29,4139.16,4158.778679999999,4190.53434,4222.29,4273.66434,4190.53434,4158.778679999999,4222.29,4222.29,True,True
2026-08-28T03:59:31.426723+00:00,adca3491-7221-47f9-9bbe-1bae15088b8a,POINT_2_FOUND,4139.16,BOS_DETECTED,POINT_2_IDENTIFIED,4167.29,4139.16,4222.29,4139.16,4158.778679999999,4190.53434,4222.29,4273.66434,4190.53434,4158.778679999999,4222.29,4222.29,True,True
2026-08-28T03:59:31.426723+00:00,adca3491-7221-47f9-9bbe-1bae15088b8a,SETUP_CREATED,4167.29,POINT_2_IDENTIFIED,FIB_ACTIVE,4167.29,4139.16,4222.29,4139.16,4158.778679999999,4190.53434,4222.29,4273.66434,4190.53434,4158.778679999999,4222.29,4222.29,True,True
2026-08-28T03:59:31.426723+00:00,adca3491-7221-47f9-9bbe-1bae15088b8a,NEW_VALID_HIGH,4167.29,FIB_ACTIVE,TP_DYNAMIC,4167.29,4139.16,4222.29,4139.16,4158.778679999999,4190.53434,4222.29,4273.66434,4190.53434,4158.778679999999,4222.29,4222.29,True,True
2026-08-28T03:59:31.426723+00:00,adca3491-7221-47f9-9bbe-1bae15088b8a,TP_UPDATED,4167.29,TP_DYNAMIC,TP_DYNAMIC,4167.29,4139.16,4222.29,4139.16,4158.778679999999,4190.53434,4222.29,4273.66434,4190.53434,4158.778679999999,4222.29,4222.29,True,True
2026-08-28T03:59:31.426723+00:00,adca3491-7221-47f9-9bbe-1bae15088b8a,NEW_VALID_HIGH,4222.29,TP_DYNAMIC,TP_DYNAMIC,4167.29,4139.16,4222.29,4139.16,4158.778679999999,4190.53434,4222.29,4273.66434,4190.53434,4158.778679999999,4222.29,4222.29,True,True
2026-08-28T03:59:31.426723+00:00,adca3491-7221-47f9-9bbe-1bae15088b8a,TP_UPDATED,4222.29,TP_DYNAMIC,TP_DYNAMIC,4167.29,4139.16,4222.29,4139.16,4158.778679999999,4190.53434,4222.29,4273.66434,4190.53434,4158.778679999999,4222.29,4222.29,True,True
2026-08-28T03:59:31.426723+00:00,adca3491-7221-47f9-9bbe-1bae15088b8a,ENTRY_TOUCHED,4186.51,TP_DYNAMIC,ENTRY_TOUCHED,4167.29,4139.16,4222.29,4139.16,4158.778679999999,4190.53434,4222.29,4273.66434,4190.53434,4158.778679999999,4222.29,4222.29,True,True
2026-08-28T03:59:31.426723+00:00,adca3491-7221-47f9-9bbe-1bae15088b8a,TP_LOCKED,4222.29,ENTRY_TOUCHED,TP_FROZEN,4167.29,4139.16,4222.29,4139.16,4158.778679999999,4190.53434,4222.29,4273.66434,4190.53434,4158.778679999999,4222.29,4222.29,True,True
2026-08-28T03:59:31.510224+00:00,adca3491-7221-47f9-9bbe-1bae15088b8a,SL_HIT,4156.6,TP_FROZEN,COMPLETED,4167.29,4139.16,4222.29,4139.16,4158.778679999999,4190.53434,4222.29,4273.66434,4190.53434,4158.778679999999,4222.29,4222.29,True,True
2026-08-28T03:59:31.540418+00:00,8ef8e622-4365-40ed-940a-7e338dbe534c,BOS_DETECTED,4138.4,NO_SETUP,BOS_DETECTED,4134.24,4108.4,4148.75,4108.4,4117.9226,4133.3363,4148.75,4173.6863,4133.3363,4117.9226,4148.75,4148.75,True,True
2026-08-28T03:59:31.540418+00:00,8ef8e622-4365-40ed-940a-7e338dbe534c,POINT_2_FOUND,4108.4,BOS_DETECTED,POINT_2_IDENTIFIED,4134.24,4108.4,4148.75,4108.4,4117.9226,4133.3363,4148.75,4173.6863,4133.3363,4117.9226,4148.75,4148.75,True,True
2026-08-28T03:59:31.540418+00:00,8ef8e622-4365-40ed-940a-7e338dbe534c,SETUP_CREATED,4134.24,POINT_2_IDENTIFIED,FIB_ACTIVE,4134.24,4108.4,4148.75,4108.4,4117.9226,4133.3363,4148.75,4173.6863,4133.3363,4117.9226,4148.75,4148.75,True,True
2026-08-28T03:59:31.540418+00:00,8ef8e622-4365-40ed-940a-7e338dbe534c,NEW_VALID_HIGH,4134.24,FIB_ACTIVE,TP_DYNAMIC,4134.24,4108.4,4148.75,4108.4,4117.9226,4133.3363,4148.75,4173.6863,4133.3363,4117.9226,4148.75,4148.75,True,True
2026-08-28T03:59:31.540418+00:00,8ef8e622-4365-40ed-940a-7e338dbe534c,TP_UPDATED,4134.24,TP_DYNAMIC,TP_DYNAMIC,4134.24,4108.4,4148.75,4108.4,4117.9226,4133.3363,4148.75,4173.6863,4133.3363,4117.9226,4148.75,4148.75,True,True
2026-08-28T03:59:31.550518+00:00,8ef8e622-4365-40ed-940a-7e338dbe534c,NEW_VALID_HIGH,4148.75,TP_DYNAMIC,TP_DYNAMIC,4134.24,4108.4,4148.75,4108.4,4117.9226,4133.3363,4148.75,4173.6863,4133.3363,4117.9226,4148.75,4148.75,True,True
2026-08-28T03:59:31.550518+00:00,8ef8e622-4365-40ed-940a-7e338dbe534c,TP_UPDATED,4148.75,TP_DYNAMIC,TP_DYNAMIC,4134.24,4108.4,4148.75,4108.4,4117.9226,4133.3363,4148.75,4173.6863,4133.3363,4117.9226,4148.75,4148.75,True,True
2026-08-28T03:59:31.552341+00:00,8ef8e622-4365-40ed-940a-7e338dbe534c,ENTRY_TOUCHED,4130.36,TP_DYNAMIC,ENTRY_TOUCHED,4134.24,4108.4,4148.75,4108.4,4117.9226,4133.3363,4148.75,4173.6863,4133.3363,4117.9226,4148.75,4148.75,True,True
2026-08-28T03:59:31.552341+00:00,8ef8e622-4365-40ed-940a-7e338dbe534c,TP_LOCKED,4148.75,ENTRY_TOUCHED,TP_FROZEN,4134.24,4108.4,4148.75,4108.4,4117.9226,4133.3363,4148.75,4173.6863,4133.3363,4117.9226,4148.75,4148.75,True,True
2026-08-28T03:59:31.562987+00:00,8ef8e622-4365-40ed-940a-7e338dbe534c,SL_HIT,4120.24,TP_FROZEN,COMPLETED,4134.24,4108.4,4148.75,4108.4,4117.9226,4133.3363,4148.75,4173.6863,4133.3363,4117.9226,4148.75,4148.75,True,True
2026-08-28T03:59:31.589683+00:00,2ea0ff7e-f253-4a1c-b799-1c9da6c7c0ea,BOS_DETECTED,4076.99,NO_SETUP,BOS_DETECTED,4073.24,4053.41,4099.63,4053.41,4064.31792,4081.97396,4099.63,4128.1939600000005,4081.97396,4064.31792,4099.63,4099.63,True,True
2026-08-28T03:59:31.589683+00:00,2ea0ff7e-f253-4a1c-b799-1c9da6c7c0ea,POINT_2_FOUND,4053.41,BOS_DETECTED,POINT_2_IDENTIFIED,4073.24,4053.41,4099.63,4053.41,4064.31792,4081.97396,4099.63,4128.1939600000005,4081.97396,4064.31792,4099.63,4099.63,True,True
2026-08-28T03:59:31.589683+00:00,2ea0ff7e-f253-4a1c-b799-1c9da6c7c0ea,SETUP_CREATED,4073.24,POINT_2_IDENTIFIED,FIB_ACTIVE,4073.24,4053.41,4099.63,4053.41,4064.31792,4081.97396,4099.63,4128.1939600000005,4081.97396,4064.31792,4099.63,4099.63,True,True
2026-08-28T03:59:31.589683+00:00,2ea0ff7e-f253-4a1c-b799-1c9da6c7c0ea,NEW_VALID_HIGH,4073.24,FIB_ACTIVE,TP_DYNAMIC,4073.24,4053.41,4099.63,4053.41,4064.31792,4081.97396,4099.63,4128.1939600000005,4081.97396,4064.31792,4099.63,4099.63,True,True
2026-08-28T03:59:31.589683+00:00,2ea0ff7e-f253-4a1c-b799-1c9da6c7c0ea,TP_UPDATED,4073.24,TP_DYNAMIC,TP_DYNAMIC,4073.24,4053.41,4099.63,4053.41,4064.31792,4081.97396,4099.63,4128.1939600000005,4081.97396,4064.31792,4099.63,4099.63,True,True
2026-08-28T03:59:31.601526+00:00,2ea0ff7e-f253-4a1c-b799-1c9da6c7c0ea,NEW_VALID_HIGH,4099.63,TP_DYNAMIC,TP_DYNAMIC,4073.24,4053.41,4099.63,4053.41,4064.31792,4081.97396,4099.63,4128.1939600000005,4081.97396,4064.31792,4099.63,4099.63,True,True
2026-08-28T03:59:31.601526+00:00,2ea0ff7e-f253-4a1c-b799-1c9da6c7c0ea,TP_UPDATED,4099.63,TP_DYNAMIC,TP_DYNAMIC,4073.24,4053.41,4099.63,4053.41,4064.31792,4081.97396,4099.63,4128.1939600000005,4081.97396,4064.31792,4099.63,4099.63,True,True
2026-08-28T03:59:31.601526+00:00,2ea0ff7e-f253-4a1c-b799-1c9da6c7c0ea,ENTRY_TOUCHED,4085.12,TP_DYNAMIC,ENTRY_TOUCHED,4073.24,4053.41,4099.63,4053.41,4064.31792,4081.97396,4099.63,4128.1939600000005,4081.97396,4064.31792,4099.63,4099.63,True,True
2026-08-28T03:59:31.601526+00:00,2ea0ff7e-f253-4a1c-b799-1c9da6c7c0ea,TP_LOCKED,4099.63,ENTRY_TOUCHED,TP_FROZEN,4073.24,4053.41,4099.63,4053.41,4064.31792,4081.97396,4099.63,4128.1939600000005,4081.97396,4064.31792,4099.63,4099.63,True,True
2026-08-28T03:59:31.610369+00:00,2ea0ff7e-f253-4a1c-b799-1c9da6c7c0ea,SL_HIT,4064.51,TP_FROZEN,COMPLETED,4073.24,4053.41,4099.63,4053.41,4064.31792,4081.97396,4099.63,4128.1939600000005,4081.97396,4064.31792,4099.63,4099.63,True,True
2026-08-28T03:59:31.642727+00:00,b62af27e-c048-491a-803b-15bebfbaca1c,BOS_DETECTED,3999.92,NO_SETUP,BOS_DETECTED,3998.8,3962.48,4014.07,3962.48,3974.65524,3994.36262,4014.07,4045.9526200000005,3994.36262,3974.65524,4014.07,4014.07,True,True
2026-08-28T03:59:31.642727+00:00,b62af27e-c048-491a-803b-15bebfbaca1c,POINT_2_FOUND,3962.48,BOS_DETECTED,POINT_2_IDENTIFIED,3998.8,3962.48,4014.07,3962.48,3974.65524,3994.36262,4014.07,4045.9526200000005,3994.36262,3974.65524,4014.07,4014.07,True,True
2026-08-28T03:59:31.642727+00:00,b62af27e-c048-491a-803b-15bebfbaca1c,SETUP_CREATED,3998.8,POINT_2_IDENTIFIED,FIB_ACTIVE,3998.8,3962.48,4014.07,3962.48,3974.65524,3994.36262,4014.07,4045.9526200000005,3994.36262,3974.65524,4014.07,4014.07,True,True
2026-08-28T03:59:31.642727+00:00,b62af27e-c048-491a-803b-15bebfbaca1c,NEW_VALID_HIGH,3998.8,FIB_ACTIVE,TP_DYNAMIC,3998.8,3962.48,4014.07,3962.48,3974.65524,3994.36262,4014.07,4045.9526200000005,3994.36262,3974.65524,4014.07,4014.07,True,True
2026-08-28T03:59:31.642727+00:00,b62af27e-c048-491a-803b-15bebfbaca1c,TP_UPDATED,3998.8,TP_DYNAMIC,TP_DYNAMIC,3998.8,3962.48,4014.07,3962.48,3974.65524,3994.36262,4014.07,4045.9526200000005,3994.36262,3974.65524,4014.07,4014.07,True,True
2026-08-28T03:59:31.642727+00:00,b62af27e-c048-491a-803b-15bebfbaca1c,NEW_VALID_HIGH,4008.0,TP_DYNAMIC,TP_DYNAMIC,3998.8,3962.48,4014.07,3962.48,3974.65524,3994.36262,4014.07,4045.9526200000005,3994.36262,3974.65524,4014.07,4014.07,True,True
2026-08-28T03:59:31.642727+00:00,b62af27e-c048-491a-803b-15bebfbaca1c,TP_UPDATED,4008.0,TP_DYNAMIC,TP_DYNAMIC,3998.8,3962.48,4014.07,3962.48,3974.65524,3994.36262,4014.07,4045.9526200000005,3994.36262,3974.65524,4014.07,4014.07,True,True
2026-08-28T03:59:31.648758+00:00,b62af27e-c048-491a-803b-15bebfbaca1c,NEW_VALID_HIGH,4014.07,TP_DYNAMIC,TP_DYNAMIC,3998.8,3962.48,4014.07,3962.48,3974.65524,3994.36262,4014.07,4045.9526200000005,3994.36262,3974.65524,4014.07,4014.07,True,True
2026-08-28T03:59:31.648758+00:00,b62af27e-c048-491a-803b-15bebfbaca1c,TP_UPDATED,4014.07,TP_DYNAMIC,TP_DYNAMIC,3998.8,3962.48,4014.07,3962.48,3974.65524,3994.36262,4014.07,4045.9526200000005,3994.36262,3974.65524,4014.07,4014.07,True,True
2026-08-28T03:59:31.648758+00:00,b62af27e-c048-491a-803b-15bebfbaca1c,ENTRY_TOUCHED,3998.18,TP_DYNAMIC,ENTRY_TOUCHED,3998.8,3962.48,4014.07,3962.48,3974.65524,3994.36262,4014.07,4045.9526200000005,3994.36262,3974.65524,4014.07,4014.07,True,True
2026-08-28T03:59:31.648758+00:00,b62af27e-c048-491a-803b-15bebfbaca1c,TP_LOCKED,4014.07,ENTRY_TOUCHED,TP_FROZEN,3998.8,3962.48,4014.07,3962.48,3974.65524,3994.36262,4014.07,4045.9526200000005,3994.36262,3974.65524,4014.07,4014.07,True,True
2026-08-28T03:59:31.648758+00:00,b62af27e-c048-491a-803b-15bebfbaca1c,TP_HIT,4017.93,TP_FROZEN,COMPLETED,3998.8,3962.48,4014.07,3962.48,3974.65524,3994.36262,4014.07,4045.9526200000005,3994.36262,3974.65524,4014.07,4014.07,True,True
2026-08-28T03:59:31.692663+00:00,c7695f45-f54e-413d-a65b-a9d324c53d02,BOS_DETECTED,4008.36,NO_SETUP,BOS_DETECTED,4004.5,3975.41,4004.5,3975.41,3982.27524,3993.38762,4004.5,4022.47762,3993.38762,3982.27524,4004.5,4004.5,True,True
2026-08-28T03:59:31.692663+00:00,c7695f45-f54e-413d-a65b-a9d324c53d02,POINT_2_FOUND,3975.41,BOS_DETECTED,POINT_2_IDENTIFIED,4004.5,3975.41,4004.5,3975.41,3982.27524,3993.38762,4004.5,4022.47762,3993.38762,3982.27524,4004.5,4004.5,True,True
2026-08-28T03:59:31.692663+00:00,c7695f45-f54e-413d-a65b-a9d324c53d02,SETUP_CREATED,4004.5,POINT_2_IDENTIFIED,FIB_ACTIVE,4004.5,3975.41,4004.5,3975.41,3982.27524,3993.38762,4004.5,4022.47762,3993.38762,3982.27524,4004.5,4004.5,True,True
2026-08-28T03:59:31.692663+00:00,c7695f45-f54e-413d-a65b-a9d324c53d02,NEW_VALID_HIGH,4004.5,FIB_ACTIVE,TP_DYNAMIC,4004.5,3975.41,4004.5,3975.41,3982.27524,3993.38762,4004.5,4022.47762,3993.38762,3982.27524,4004.5,4004.5,True,True
2026-08-28T03:59:31.692663+00:00,c7695f45-f54e-413d-a65b-a9d324c53d02,TP_UPDATED,4004.5,TP_DYNAMIC,TP_DYNAMIC,4004.5,3975.41,4004.5,3975.41,3982.27524,3993.38762,4004.5,4022.47762,3993.38762,3982.27524,4004.5,4004.5,True,True
2026-08-28T03:59:31.692663+00:00,c7695f45-f54e-413d-a65b-a9d324c53d02,ENTRY_TOUCHED,4008.36,TP_DYNAMIC,ENTRY_TOUCHED,4004.5,3975.41,4004.5,3975.41,3982.27524,3993.38762,4004.5,4022.47762,3993.38762,3982.27524,4004.5,4004.5,True,True
2026-08-28T03:59:31.692663+00:00,c7695f45-f54e-413d-a65b-a9d324c53d02,TP_LOCKED,4004.5,ENTRY_TOUCHED,TP_FROZEN,4004.5,3975.41,4004.5,3975.41,3982.27524,3993.38762,4004.5,4022.47762,3993.38762,3982.27524,4004.5,4004.5,True,True
2026-08-28T03:59:31.692663+00:00,c7695f45-f54e-413d-a65b-a9d324c53d02,TP_HIT,4015.17,TP_FROZEN,COMPLETED,4004.5,3975.41,4004.5,3975.41,3982.27524,3993.38762,4004.5,4022.47762,3993.38762,3982.27524,4004.5,4004.5,True,True
2026-08-28T03:59:31.701174+00:00,179022f3-1bdd-4209-becd-96e7f4d9d9d0,BOS_DETECTED,4043.85,NO_SETUP,BOS_DETECTED,4036.72,3977.08,4047.0,3977.08,3993.58112,4020.29056,4047.0,4090.21056,4020.29056,3993.58112,4047.0,4047.0,True,True
2026-08-28T03:59:31.701174+00:00,179022f3-1bdd-4209-becd-96e7f4d9d9d0,POINT_2_FOUND,3977.08,BOS_DETECTED,POINT_2_IDENTIFIED,4036.72,3977.08,4047.0,3977.08,3993.58112,4020.29056,4047.0,4090.21056,4020.29056,3993.58112,4047.0,4047.0,True,True
2026-08-28T03:59:31.701174+00:00,179022f3-1bdd-4209-becd-96e7f4d9d9d0,SETUP_CREATED,4036.72,POINT_2_IDENTIFIED,FIB_ACTIVE,4036.72,3977.08,4047.0,3977.08,3993.58112,4020.29056,4047.0,4090.21056,4020.29056,3993.58112,4047.0,4047.0,True,True
2026-08-28T03:59:31.701174+00:00,179022f3-1bdd-4209-becd-96e7f4d9d9d0,NEW_VALID_HIGH,4036.72,FIB_ACTIVE,TP_DYNAMIC,4036.72,3977.08,4047.0,3977.08,3993.58112,4020.29056,4047.0,4090.21056,4020.29056,3993.58112,4047.0,4047.0,True,True
2026-08-28T03:59:31.701174+00:00,179022f3-1bdd-4209-becd-96e7f4d9d9d0,TP_UPDATED,4036.72,TP_DYNAMIC,TP_DYNAMIC,4036.72,3977.08,4047.0,3977.08,3993.58112,4020.29056,4047.0,4090.21056,4020.29056,3993.58112,4047.0,4047.0,True,True
2026-08-28T03:59:31.701174+00:00,179022f3-1bdd-4209-becd-96e7f4d9d9d0,NEW_VALID_HIGH,4047.0,TP_DYNAMIC,TP_DYNAMIC,4036.72,3977.08,4047.0,3977.08,3993.58112,4020.29056,4047.0,4090.21056,4020.29056,3993.58112,4047.0,4047.0,True,True
2026-08-28T03:59:31.701174+00:00,179022f3-1bdd-4209-becd-96e7f4d9d9d0,TP_UPDATED,4047.0,TP_DYNAMIC,TP_DYNAMIC,4036.72,3977.08,4047.0,3977.08,3993.58112,4020.29056,4047.0,4090.21056,4020.29056,3993.58112,4047.0,4047.0,True,True
2026-08-28T03:59:31.725797+00:00,179022f3-1bdd-4209-becd-96e7f4d9d9d0,ENTRY_TOUCHED,4017.38,TP_DYNAMIC,ENTRY_TOUCHED,4036.72,3977.08,4047.0,3977.08,3993.58112,4020.29056,4047.0,4090.21056,4020.29056,3993.58112,4047.0,4047.0,True,True
2026-08-28T03:59:31.725797+00:00,179022f3-1bdd-4209-becd-96e7f4d9d9d0,TP_LOCKED,4047.0,ENTRY_TOUCHED,TP_FROZEN,4036.72,3977.08,4047.0,3977.08,3993.58112,4020.29056,4047.0,4090.21056,4020.29056,3993.58112,4047.0,4047.0,True,True
2026-08-28T03:59:31.733841+00:00,179022f3-1bdd-4209-becd-96e7f4d9d9d0,SL_HIT,3993.41,TP_FROZEN,COMPLETED,4036.72,3977.08,4047.0,3977.08,3993.58112,4020.29056,4047.0,4090.21056,4020.29056,3993.58112,4047.0,4047.0,True,True
2026-08-28T03:59:31.750022+00:00,3a237a29-cfa4-4422-ad05-45650326de32,BOS_DETECTED,4034.78,NO_SETUP,BOS_DETECTED,4032.0,3985.35,4097.77,3985.35,4011.88112,4054.82556,4097.77,4167.245560000001,4054.82556,4011.88112,4097.77,4097.77,True,True
2026-08-28T03:59:31.750022+00:00,3a237a29-cfa4-4422-ad05-45650326de32,POINT_2_FOUND,3985.35,BOS_DETECTED,POINT_2_IDENTIFIED,4032.0,3985.35,4097.77,3985.35,4011.88112,4054.82556,4097.77,4167.245560000001,4054.82556,4011.88112,4097.77,4097.77,True,True
2026-08-28T03:59:31.750022+00:00,3a237a29-cfa4-4422-ad05-45650326de32,SETUP_CREATED,4032.0,POINT_2_IDENTIFIED,FIB_ACTIVE,4032.0,3985.35,4097.77,3985.35,4011.88112,4054.82556,4097.77,4167.245560000001,4054.82556,4011.88112,4097.77,4097.77,True,True
2026-08-28T03:59:31.750022+00:00,3a237a29-cfa4-4422-ad05-45650326de32,NEW_VALID_HIGH,4032.0,FIB_ACTIVE,TP_DYNAMIC,4032.0,3985.35,4097.77,3985.35,4011.88112,4054.82556,4097.77,4167.245560000001,4054.82556,4011.88112,4097.77,4097.77,True,True
2026-08-28T03:59:31.750022+00:00,3a237a29-cfa4-4422-ad05-45650326de32,TP_UPDATED,4032.0,TP_DYNAMIC,TP_DYNAMIC,4032.0,3985.35,4097.77,3985.35,4011.88112,4054.82556,4097.77,4167.245560000001,4054.82556,4011.88112,4097.77,4097.77,True,True
2026-08-28T03:59:31.750022+00:00,3a237a29-cfa4-4422-ad05-45650326de32,NEW_VALID_HIGH,4042.22,TP_DYNAMIC,TP_DYNAMIC,4032.0,3985.35,4097.77,3985.35,4011.88112,4054.82556,4097.77,4167.245560000001,4054.82556,4011.88112,4097.77,4097.77,True,True
2026-08-28T03:59:31.750022+00:00,3a237a29-cfa4-4422-ad05-45650326de32,TP_UPDATED,4042.22,TP_DYNAMIC,TP_DYNAMIC,4032.0,3985.35,4097.77,3985.35,4011.88112,4054.82556,4097.77,4167.245560000001,4054.82556,4011.88112,4097.77,4097.77,True,True
2026-08-28T03:59:31.758414+00:00,3a237a29-cfa4-4422-ad05-45650326de32,NEW_VALID_HIGH,4057.53,TP_DYNAMIC,TP_DYNAMIC,4032.0,3985.35,4097.77,3985.35,4011.88112,4054.82556,4097.77,4167.245560000001,4054.82556,4011.88112,4097.77,4097.77,True,True
2026-08-28T03:59:31.758414+00:00,3a237a29-cfa4-4422-ad05-45650326de32,TP_UPDATED,4057.53,TP_DYNAMIC,TP_DYNAMIC,4032.0,3985.35,4097.77,3985.35,4011.88112,4054.82556,4097.77,4167.245560000001,4054.82556,4011.88112,4097.77,4097.77,True,True
2026-08-28T03:59:31.758414+00:00,3a237a29-cfa4-4422-ad05-45650326de32,NEW_VALID_HIGH,4057.79,TP_DYNAMIC,TP_DYNAMIC,4032.0,3985.35,4097.77,3985.35,4011.88112,4054.82556,4097.77,4167.245560000001,4054.82556,4011.88112,4097.77,4097.77,True,True
2026-08-28T03:59:31.758414+00:00,3a237a29-cfa4-4422-ad05-45650326de32,TP_UPDATED,4057.79,TP_DYNAMIC,TP_DYNAMIC,4032.0,3985.35,4097.77,3985.35,4011.88112,4054.82556,4097.77,4167.245560000001,4054.82556,4011.88112,4097.77,4097.77,True,True
2026-08-28T03:59:31.774157+00:00,3a237a29-cfa4-4422-ad05-45650326de32,NEW_VALID_HIGH,4094.96,TP_DYNAMIC,TP_DYNAMIC,4032.0,3985.35,4097.77,3985.35,4011.88112,4054.82556,4097.77,4167.245560000001,4054.82556,4011.88112,4097.77,4097.77,True,True
2026-08-28T03:59:31.774157+00:00,3a237a29-cfa4-4422-ad05-45650326de32,TP_UPDATED,4094.96,TP_DYNAMIC,TP_DYNAMIC,4032.0,3985.35,4097.77,3985.35,4011.88112,4054.82556,4097.77,4167.245560000001,4054.82556,4011.88112,4097.77,4097.77,True,True
2026-08-28T03:59:31.776180+00:00,3a237a29-cfa4-4422-ad05-45650326de32,NEW_VALID_HIGH,4097.77,TP_DYNAMIC,TP_DYNAMIC,4032.0,3985.35,4097.77,3985.35,4011.88112,4054.82556,4097.77,4167.245560000001,4054.82556,4011.88112,4097.77,4097.77,True,True
2026-08-28T03:59:31.776180+00:00,3a237a29-cfa4-4422-ad05-45650326de32,TP_UPDATED,4097.77,TP_DYNAMIC,TP_DYNAMIC,4032.0,3985.35,4097.77,3985.35,4011.88112,4054.82556,4097.77,4167.245560000001,4054.82556,4011.88112,4097.77,4097.77,True,True
2026-08-28T03:59:31.930017+00:00,3a237a29-cfa4-4422-ad05-45650326de32,ENTRY_TOUCHED,4065.25,TP_DYNAMIC,ENTRY_TOUCHED,4032.0,3985.35,4097.77,3985.35,4011.88112,4054.82556,4097.77,4167.245560000001,4054.82556,4011.88112,4097.77,4097.77,True,True
2026-08-28T03:59:31.930017+00:00,3a237a29-cfa4-4422-ad05-45650326de32,TP_LOCKED,4097.77,ENTRY_TOUCHED,TP_FROZEN,4032.0,3985.35,4097.77,3985.35,4011.88112,4054.82556,4097.77,4167.245560000001,4054.82556,4011.88112,4097.77,4097.77,True,True
2026-08-28T03:59:31.963577+00:00,3a237a29-cfa4-4422-ad05-45650326de32,SL_HIT,4011.46,TP_FROZEN,COMPLETED,4032.0,3985.35,4097.77,3985.35,4011.88112,4054.82556,4097.77,4167.245560000001,4054.82556,4011.88112,4097.77,4097.77,True,True
2026-08-28T03:59:32.013131+00:00,0e3d6713-3c13-47ca-b937-f42e73847152,BOS_DETECTED,4015.9,NO_SETUP,BOS_DETECTED,3999.76,3948.18,4066.2,3948.18,3976.0327199999997,4021.11636,4066.2,4139.1363599999995,4021.11636,3976.0327199999997,4066.2,4066.2,True,True
2026-08-28T03:59:32.013131+00:00,0e3d6713-3c13-47ca-b937-f42e73847152,POINT_2_FOUND,3948.18,BOS_DETECTED,POINT_2_IDENTIFIED,3999.76,3948.18,4066.2,3948.18,3976.0327199999997,4021.11636,4066.2,4139.1363599999995,4021.11636,3976.0327199999997,4066.2,4066.2,True,True
2026-08-28T03:59:32.013131+00:00,0e3d6713-3c13-47ca-b937-f42e73847152,SETUP_CREATED,3999.76,POINT_2_IDENTIFIED,FIB_ACTIVE,3999.76,3948.18,4066.2,3948.18,3976.0327199999997,4021.11636,4066.2,4139.1363599999995,4021.11636,3976.0327199999997,4066.2,4066.2,True,True
2026-08-28T03:59:32.013131+00:00,0e3d6713-3c13-47ca-b937-f42e73847152,NEW_VALID_HIGH,3999.76,FIB_ACTIVE,TP_DYNAMIC,3999.76,3948.18,4066.2,3948.18,3976.0327199999997,4021.11636,4066.2,4139.1363599999995,4021.11636,3976.0327199999997,4066.2,4066.2,True,True
2026-08-28T03:59:32.013131+00:00,0e3d6713-3c13-47ca-b937-f42e73847152,TP_UPDATED,3999.76,TP_DYNAMIC,TP_DYNAMIC,3999.76,3948.18,4066.2,3948.18,3976.0327199999997,4021.11636,4066.2,4139.1363599999995,4021.11636,3976.0327199999997,4066.2,4066.2,True,True
2026-08-28T03:59:32.025685+00:00,0e3d6713-3c13-47ca-b937-f42e73847152,NEW_VALID_HIGH,4040.0,TP_DYNAMIC,TP_DYNAMIC,3999.76,3948.18,4066.2,3948.18,3976.0327199999997,4021.11636,4066.2,4139.1363599999995,4021.11636,3976.0327199999997,4066.2,4066.2,True,True
2026-08-28T03:59:32.025685+00:00,0e3d6713-3c13-47ca-b937-f42e73847152,TP_UPDATED,4040.0,TP_DYNAMIC,TP_DYNAMIC,3999.76,3948.18,4066.2,3948.18,3976.0327199999997,4021.11636,4066.2,4139.1363599999995,4021.11636,3976.0327199999997,4066.2,4066.2,True,True
2026-08-28T03:59:32.039978+00:00,0e3d6713-3c13-47ca-b937-f42e73847152,NEW_VALID_HIGH,4066.2,TP_DYNAMIC,TP_DYNAMIC,3999.76,3948.18,4066.2,3948.18,3976.0327199999997,4021.11636,4066.2,4139.1363599999995,4021.11636,3976.0327199999997,4066.2,4066.2,True,True
2026-08-28T03:59:32.039978+00:00,0e3d6713-3c13-47ca-b937-f42e73847152,TP_UPDATED,4066.2,TP_DYNAMIC,TP_DYNAMIC,3999.76,3948.18,4066.2,3948.18,3976.0327199999997,4021.11636,4066.2,4139.1363599999995,4021.11636,3976.0327199999997,4066.2,4066.2,True,True
2026-08-28T03:59:32.059608+00:00,0e3d6713-3c13-47ca-b937-f42e73847152,ENTRY_TOUCHED,4019.5,TP_DYNAMIC,ENTRY_TOUCHED,3999.76,3948.18,4066.2,3948.18,3976.0327199999997,4021.11636,4066.2,4139.1363599999995,4021.11636,3976.0327199999997,4066.2,4066.2,True,True
2026-08-28T03:59:32.059608+00:00,0e3d6713-3c13-47ca-b937-f42e73847152,TP_LOCKED,4066.2,ENTRY_TOUCHED,TP_FROZEN,3999.76,3948.18,4066.2,3948.18,3976.0327199999997,4021.11636,4066.2,4139.1363599999995,4021.11636,3976.0327199999997,4066.2,4066.2,True,True
2026-08-28T03:59:32.079013+00:00,0e3d6713-3c13-47ca-b937-f42e73847152,SL_HIT,3979.64,TP_FROZEN,COMPLETED,3999.76,3948.18,4066.2,3948.18,3976.0327199999997,4021.11636,4066.2,4139.1363599999995,4021.11636,3976.0327199999997,4066.2,4066.2,True,True
2026-08-28T03:59:32.095857+00:00,2c61b8a1-ebbd-455c-8b8c-a3723c4550b5,BOS_DETECTED,3987.01,NO_SETUP,BOS_DETECTED,3986.53,3962.75,4116.82,3962.75,3999.1105199999997,4057.96526,4116.82,4212.03526,4057.96526,3999.1105199999997,4116.82,4116.82,True,True
2026-08-28T03:59:32.095857+00:00,2c61b8a1-ebbd-455c-8b8c-a3723c4550b5,POINT_2_FOUND,3962.75,BOS_DETECTED,POINT_2_IDENTIFIED,3986.53,3962.75,4116.82,3962.75,3999.1105199999997,4057.96526,4116.82,4212.03526,4057.96526,3999.1105199999997,4116.82,4116.82,True,True
2026-08-28T03:59:32.103639+00:00,2c61b8a1-ebbd-455c-8b8c-a3723c4550b5,SETUP_CREATED,3986.53,POINT_2_IDENTIFIED,FIB_ACTIVE,3986.53,3962.75,4116.82,3962.75,3999.1105199999997,4057.96526,4116.82,4212.03526,4057.96526,3999.1105199999997,4116.82,4116.82,True,True
2026-08-28T03:59:32.103639+00:00,2c61b8a1-ebbd-455c-8b8c-a3723c4550b5,NEW_VALID_HIGH,3986.53,FIB_ACTIVE,TP_DYNAMIC,3986.53,3962.75,4116.82,3962.75,3999.1105199999997,4057.96526,4116.82,4212.03526,4057.96526,3999.1105199999997,4116.82,4116.82,True,True
2026-08-28T03:59:32.103639+00:00,2c61b8a1-ebbd-455c-8b8c-a3723c4550b5,TP_UPDATED,3986.53,TP_DYNAMIC,TP_DYNAMIC,3986.53,3962.75,4116.82,3962.75,3999.1105199999997,4057.96526,4116.82,4212.03526,4057.96526,3999.1105199999997,4116.82,4116.82,True,True
2026-08-28T03:59:32.111709+00:00,2c61b8a1-ebbd-455c-8b8c-a3723c4550b5,NEW_VALID_HIGH,4037.1,TP_DYNAMIC,TP_DYNAMIC,3986.53,3962.75,4116.82,3962.75,3999.1105199999997,4057.96526,4116.82,4212.03526,4057.96526,3999.1105199999997,4116.82,4116.82,True,True
2026-08-28T03:59:32.111709+00:00,2c61b8a1-ebbd-455c-8b8c-a3723c4550b5,TP_UPDATED,4037.1,TP_DYNAMIC,TP_DYNAMIC,3986.53,3962.75,4116.82,3962.75,3999.1105199999997,4057.96526,4116.82,4212.03526,4057.96526,3999.1105199999997,4116.82,4116.82,True,True
2026-08-28T03:59:32.111709+00:00,2c61b8a1-ebbd-455c-8b8c-a3723c4550b5,NEW_VALID_HIGH,4116.82,TP_DYNAMIC,TP_DYNAMIC,3986.53,3962.75,4116.82,3962.75,3999.1105199999997,4057.96526,4116.82,4212.03526,4057.96526,3999.1105199999997,4116.82,4116.82,True,True
2026-08-28T03:59:32.111709+00:00,2c61b8a1-ebbd-455c-8b8c-a3723c4550b5,TP_UPDATED,4116.82,TP_DYNAMIC,TP_DYNAMIC,3986.53,3962.75,4116.82,3962.75,3999.1105199999997,4057.96526,4116.82,4212.03526,4057.96526,3999.1105199999997,4116.82,4116.82,True,True
2026-08-28T03:59:32.127938+00:00,2c61b8a1-ebbd-455c-8b8c-a3723c4550b5,ENTRY_TOUCHED,4056.19,TP_DYNAMIC,ENTRY_TOUCHED,3986.53,3962.75,4116.82,3962.75,3999.1105199999997,4057.96526,4116.82,4212.03526,4057.96526,3999.1105199999997,4116.82,4116.82,True,True
2026-08-28T03:59:32.127938+00:00,2c61b8a1-ebbd-455c-8b8c-a3723c4550b5,TP_LOCKED,4116.82,ENTRY_TOUCHED,TP_FROZEN,3986.53,3962.75,4116.82,3962.75,3999.1105199999997,4057.96526,4116.82,4212.03526,4057.96526,3999.1105199999997,4116.82,4116.82,True,True
2026-08-28T03:59:32.177869+00:00,2c61b8a1-ebbd-455c-8b8c-a3723c4550b5,TP_HIT,4134.82,TP_FROZEN,COMPLETED,3986.53,3962.75,4116.82,3962.75,3999.1105199999997,4057.96526,4116.82,4212.03526,4057.96526,3999.1105199999997,4116.82,4116.82,True,True
2026-08-28T03:59:32.194096+00:00,250d29b9-e0ec-424e-9caf-26323def9323,BOS_DETECTED,4127.58,NO_SETUP,BOS_DETECTED,4127.18,4111.18,4196.86,4111.18,4131.40048,4164.1302399999995,4196.86,4249.810239999999,4164.1302399999995,4131.40048,4196.86,4196.86,True,True
2026-08-28T03:59:32.194096+00:00,250d29b9-e0ec-424e-9caf-26323def9323,POINT_2_FOUND,4111.18,BOS_DETECTED,POINT_2_IDENTIFIED,4127.18,4111.18,4196.86,4111.18,4131.40048,4164.1302399999995,4196.86,4249.810239999999,4164.1302399999995,4131.40048,4196.86,4196.86,True,True
2026-08-28T03:59:32.194096+00:00,250d29b9-e0ec-424e-9caf-26323def9323,SETUP_CREATED,4127.18,POINT_2_IDENTIFIED,FIB_ACTIVE,4127.18,4111.18,4196.86,4111.18,4131.40048,4164.1302399999995,4196.86,4249.810239999999,4164.1302399999995,4131.40048,4196.86,4196.86,True,True
2026-08-28T03:59:32.194096+00:00,250d29b9-e0ec-424e-9caf-26323def9323,NEW_VALID_HIGH,4127.18,FIB_ACTIVE,TP_DYNAMIC,4127.18,4111.18,4196.86,4111.18,4131.40048,4164.1302399999995,4196.86,4249.810239999999,4164.1302399999995,4131.40048,4196.86,4196.86,True,True
2026-08-28T03:59:32.194096+00:00,250d29b9-e0ec-424e-9caf-26323def9323,TP_UPDATED,4127.18,TP_DYNAMIC,TP_DYNAMIC,4127.18,4111.18,4196.86,4111.18,4131.40048,4164.1302399999995,4196.86,4249.810239999999,4164.1302399999995,4131.40048,4196.86,4196.86,True,True
2026-08-28T03:59:32.204436+00:00,250d29b9-e0ec-424e-9caf-26323def9323,NEW_VALID_HIGH,4130.0,TP_DYNAMIC,TP_DYNAMIC,4127.18,4111.18,4196.86,4111.18,4131.40048,4164.1302399999995,4196.86,4249.810239999999,4164.1302399999995,4131.40048,4196.86,4196.86,True,True
2026-08-28T03:59:32.204436+00:00,250d29b9-e0ec-424e-9caf-26323def9323,TP_UPDATED,4130.0,TP_DYNAMIC,TP_DYNAMIC,4127.18,4111.18,4196.86,4111.18,4131.40048,4164.1302399999995,4196.86,4249.810239999999,4164.1302399999995,4131.40048,4196.86,4196.86,True,True
2026-08-28T03:59:32.210507+00:00,250d29b9-e0ec-424e-9caf-26323def9323,NEW_VALID_HIGH,4196.86,TP_DYNAMIC,TP_DYNAMIC,4127.18,4111.18,4196.86,4111.18,4131.40048,4164.1302399999995,4196.86,4249.810239999999,4164.1302399999995,4131.40048,4196.86,4196.86,True,True
2026-08-28T03:59:32.210507+00:00,250d29b9-e0ec-424e-9caf-26323def9323,TP_UPDATED,4196.86,TP_DYNAMIC,TP_DYNAMIC,4127.18,4111.18,4196.86,4111.18,4131.40048,4164.1302399999995,4196.86,4249.810239999999,4164.1302399999995,4131.40048,4196.86,4196.86,True,True
2026-08-28T03:59:32.226941+00:00,250d29b9-e0ec-424e-9caf-26323def9323,ENTRY_TOUCHED,4163.91,TP_DYNAMIC,ENTRY_TOUCHED,4127.18,4111.18,4196.86,4111.18,4131.40048,4164.1302399999995,4196.86,4249.810239999999,4164.1302399999995,4131.40048,4196.86,4196.86,True,True
2026-08-28T03:59:32.226941+00:00,250d29b9-e0ec-424e-9caf-26323def9323,TP_LOCKED,4196.86,ENTRY_TOUCHED,TP_FROZEN,4127.18,4111.18,4196.86,4111.18,4131.40048,4164.1302399999995,4196.86,4249.810239999999,4164.1302399999995,4131.40048,4196.86,4196.86,True,True
2026-08-28T03:59:32.406666+00:00,250d29b9-e0ec-424e-9caf-26323def9323,TP_HIT,4201.82,TP_FROZEN,COMPLETED,4127.18,4111.18,4196.86,4111.18,4131.40048,4164.1302399999995,4196.86,4249.810239999999,4164.1302399999995,4131.40048,4196.86,4196.86,True,True
2026-08-28T03:59:32.428639+00:00,3a12eec2-9437-4f94-a935-675d0807eb4f,BOS_DETECTED,4165.33,NO_SETUP,BOS_DETECTED,4161.15,4147.0,4161.15,4147.0,4150.3394,4155.7447,4161.15,4169.8947,4155.7447,4150.3394,4161.15,4161.15,True,True
2026-08-28T03:59:32.428639+00:00,3a12eec2-9437-4f94-a935-675d0807eb4f,POINT_2_FOUND,4147.0,BOS_DETECTED,POINT_2_IDENTIFIED,4161.15,4147.0,4161.15,4147.0,4150.3394,4155.7447,4161.15,4169.8947,4155.7447,4150.3394,4161.15,4161.15,True,True
2026-08-28T03:59:32.428639+00:00,3a12eec2-9437-4f94-a935-675d0807eb4f,SETUP_CREATED,4161.15,POINT_2_IDENTIFIED,FIB_ACTIVE,4161.15,4147.0,4161.15,4147.0,4150.3394,4155.7447,4161.15,4169.8947,4155.7447,4150.3394,4161.15,4161.15,True,True
2026-08-28T03:59:32.428639+00:00,3a12eec2-9437-4f94-a935-675d0807eb4f,NEW_VALID_HIGH,4161.15,FIB_ACTIVE,TP_DYNAMIC,4161.15,4147.0,4161.15,4147.0,4150.3394,4155.7447,4161.15,4169.8947,4155.7447,4150.3394,4161.15,4161.15,True,True
2026-08-28T03:59:32.428639+00:00,3a12eec2-9437-4f94-a935-675d0807eb4f,TP_UPDATED,4161.15,TP_DYNAMIC,TP_DYNAMIC,4161.15,4147.0,4161.15,4147.0,4150.3394,4155.7447,4161.15,4169.8947,4155.7447,4150.3394,4161.15,4161.15,True,True
2026-08-28T03:59:32.428639+00:00,3a12eec2-9437-4f94-a935-675d0807eb4f,ENTRY_TOUCHED,4165.33,TP_DYNAMIC,ENTRY_TOUCHED,4161.15,4147.0,4161.15,4147.0,4150.3394,4155.7447,4161.15,4169.8947,4155.7447,4150.3394,4161.15,4161.15,True,True
2026-08-28T03:59:32.428639+00:00,3a12eec2-9437-4f94-a935-675d0807eb4f,TP_LOCKED,4161.15,ENTRY_TOUCHED,TP_FROZEN,4161.15,4147.0,4161.15,4147.0,4150.3394,4155.7447,4161.15,4169.8947,4155.7447,4150.3394,4161.15,4161.15,True,True
2026-08-28T03:59:32.430652+00:00,3a12eec2-9437-4f94-a935-675d0807eb4f,TP_HIT,4166.15,TP_FROZEN,COMPLETED,4161.15,4147.0,4161.15,4147.0,4150.3394,4155.7447,4161.15,4169.8947,4155.7447,4150.3394,4161.15,4161.15,True,True
2026-08-28T03:59:32.447135+00:00,976a5f07-999a-4d72-b0a2-8e13a020e9a4,BOS_DETECTED,4157.72,NO_SETUP,BOS_DETECTED,4154.39,4131.45,4173.93,4131.45,4141.47528,4157.70264,4173.93,4200.182640000001,4157.70264,4141.47528,4173.93,4173.93,True,True
2026-08-28T03:59:32.447135+00:00,976a5f07-999a-4d72-b0a2-8e13a020e9a4,POINT_2_FOUND,4131.45,BOS_DETECTED,POINT_2_IDENTIFIED,4154.39,4131.45,4173.93,4131.45,4141.47528,4157.70264,4173.93,4200.182640000001,4157.70264,4141.47528,4173.93,4173.93,True,True
2026-08-28T03:59:32.447135+00:00,976a5f07-999a-4d72-b0a2-8e13a020e9a4,SETUP_CREATED,4154.39,POINT_2_IDENTIFIED,FIB_ACTIVE,4154.39,4131.45,4173.93,4131.45,4141.47528,4157.70264,4173.93,4200.182640000001,4157.70264,4141.47528,4173.93,4173.93,True,True
2026-08-28T03:59:32.447135+00:00,976a5f07-999a-4d72-b0a2-8e13a020e9a4,NEW_VALID_HIGH,4154.39,FIB_ACTIVE,TP_DYNAMIC,4154.39,4131.45,4173.93,4131.45,4141.47528,4157.70264,4173.93,4200.182640000001,4157.70264,4141.47528,4173.93,4173.93,True,True
2026-08-28T03:59:32.447135+00:00,976a5f07-999a-4d72-b0a2-8e13a020e9a4,TP_UPDATED,4154.39,TP_DYNAMIC,TP_DYNAMIC,4154.39,4131.45,4173.93,4131.45,4141.47528,4157.70264,4173.93,4200.182640000001,4157.70264,4141.47528,4173.93,4173.93,True,True
2026-08-28T03:59:32.455668+00:00,976a5f07-999a-4d72-b0a2-8e13a020e9a4,NEW_VALID_HIGH,4170.0,TP_DYNAMIC,TP_DYNAMIC,4154.39,4131.45,4173.93,4131.45,4141.47528,4157.70264,4173.93,4200.182640000001,4157.70264,4141.47528,4173.93,4173.93,True,True
2026-08-28T03:59:32.455668+00:00,976a5f07-999a-4d72-b0a2-8e13a020e9a4,TP_UPDATED,4170.0,TP_DYNAMIC,TP_DYNAMIC,4154.39,4131.45,4173.93,4131.45,4141.47528,4157.70264,4173.93,4200.182640000001,4157.70264,4141.47528,4173.93,4173.93,True,True
2026-08-28T03:59:32.548851+00:00,976a5f07-999a-4d72-b0a2-8e13a020e9a4,NEW_VALID_HIGH,4173.93,TP_DYNAMIC,TP_DYNAMIC,4154.39,4131.45,4173.93,4131.45,4141.47528,4157.70264,4173.93,4200.182640000001,4157.70264,4141.47528,4173.93,4173.93,True,True
2026-08-28T03:59:32.548851+00:00,976a5f07-999a-4d72-b0a2-8e13a020e9a4,TP_UPDATED,4173.93,TP_DYNAMIC,TP_DYNAMIC,4154.39,4131.45,4173.93,4131.45,4141.47528,4157.70264,4173.93,4200.182640000001,4157.70264,4141.47528,4173.93,4173.93,True,True
2026-08-28T03:59:32.558073+00:00,976a5f07-999a-4d72-b0a2-8e13a020e9a4,ENTRY_TOUCHED,4157.91,TP_DYNAMIC,ENTRY_TOUCHED,4154.39,4131.45,4173.93,4131.45,4141.47528,4157.70264,4173.93,4200.182640000001,4157.70264,4141.47528,4173.93,4173.93,True,True
2026-08-28T03:59:32.558073+00:00,976a5f07-999a-4d72-b0a2-8e13a020e9a4,TP_LOCKED,4173.93,ENTRY_TOUCHED,TP_FROZEN,4154.39,4131.45,4173.93,4131.45,4141.47528,4157.70264,4173.93,4200.182640000001,4157.70264,4141.47528,4173.93,4173.93,True,True
2026-08-28T03:59:32.563736+00:00,976a5f07-999a-4d72-b0a2-8e13a020e9a4,SL_HIT,4143.88,TP_FROZEN,COMPLETED,4154.39,4131.45,4173.93,4131.45,4141.47528,4157.70264,4173.93,4200.182640000001,4157.70264,4141.47528,4173.93,4173.93,True,True
2026-08-28T03:59:32.584042+00:00,2aa8b5e1-680c-48fa-ad85-87c0af99041f,BOS_DETECTED,4138.66,NO_SETUP,BOS_DETECTED,4135.34,4118.74,4135.34,4118.74,4122.6576,4128.9988,4135.34,4145.598800000001,4128.9988,4122.6576,4135.34,4135.34,True,True
2026-08-28T03:59:32.584042+00:00,2aa8b5e1-680c-48fa-ad85-87c0af99041f,POINT_2_FOUND,4118.74,BOS_DETECTED,POINT_2_IDENTIFIED,4135.34,4118.74,4135.34,4118.74,4122.6576,4128.9988,4135.34,4145.598800000001,4128.9988,4122.6576,4135.34,4135.34,True,True
2026-08-28T03:59:32.584042+00:00,2aa8b5e1-680c-48fa-ad85-87c0af99041f,SETUP_CREATED,4135.34,POINT_2_IDENTIFIED,FIB_ACTIVE,4135.34,4118.74,4135.34,4118.74,4122.6576,4128.9988,4135.34,4145.598800000001,4128.9988,4122.6576,4135.34,4135.34,True,True
2026-08-28T03:59:32.584042+00:00,2aa8b5e1-680c-48fa-ad85-87c0af99041f,NEW_VALID_HIGH,4135.34,FIB_ACTIVE,TP_DYNAMIC,4135.34,4118.74,4135.34,4118.74,4122.6576,4128.9988,4135.34,4145.598800000001,4128.9988,4122.6576,4135.34,4135.34,True,True
2026-08-28T03:59:32.584042+00:00,2aa8b5e1-680c-48fa-ad85-87c0af99041f,TP_UPDATED,4135.34,TP_DYNAMIC,TP_DYNAMIC,4135.34,4118.74,4135.34,4118.74,4122.6576,4128.9988,4135.34,4145.598800000001,4128.9988,4122.6576,4135.34,4135.34,True,True
2026-08-28T03:59:32.584042+00:00,2aa8b5e1-680c-48fa-ad85-87c0af99041f,ENTRY_TOUCHED,4138.66,TP_DYNAMIC,ENTRY_TOUCHED,4135.34,4118.74,4135.34,4118.74,4122.6576,4128.9988,4135.34,4145.598800000001,4128.9988,4122.6576,4135.34,4135.34,True,True
2026-08-28T03:59:32.584042+00:00,2aa8b5e1-680c-48fa-ad85-87c0af99041f,TP_LOCKED,4135.34,ENTRY_TOUCHED,TP_FROZEN,4135.34,4118.74,4135.34,4118.74,4122.6576,4128.9988,4135.34,4145.598800000001,4128.9988,4122.6576,4135.34,4135.34,True,True
2026-08-28T03:59:32.585061+00:00,2aa8b5e1-680c-48fa-ad85-87c0af99041f,TP_HIT,4140.3,TP_FROZEN,COMPLETED,4135.34,4118.74,4135.34,4118.74,4122.6576,4128.9988,4135.34,4145.598800000001,4128.9988,4122.6576,4135.34,4135.34,True,True
2026-08-28T03:59:32.588084+00:00,7ceb91c1-aa6e-4207-99ad-0f4df3689a8f,BOS_DETECTED,4145.87,NO_SETUP,BOS_DETECTED,4141.62,4122.58,4182.91,4122.58,4135.40188,4156.15594,4176.91,4210.48594,4156.15594,4135.40188,4176.91,4176.91,True,True
2026-08-28T03:59:32.588084+00:00,7ceb91c1-aa6e-4207-99ad-0f4df3689a8f,POINT_2_FOUND,4122.58,BOS_DETECTED,POINT_2_IDENTIFIED,4141.62,4122.58,4182.91,4122.58,4135.40188,4156.15594,4176.91,4210.48594,4156.15594,4135.40188,4176.91,4176.91,True,True
2026-08-28T03:59:32.588084+00:00,7ceb91c1-aa6e-4207-99ad-0f4df3689a8f,SETUP_CREATED,4141.62,POINT_2_IDENTIFIED,FIB_ACTIVE,4141.62,4122.58,4182.91,4122.58,4135.40188,4156.15594,4176.91,4210.48594,4156.15594,4135.40188,4176.91,4176.91,True,True
2026-08-28T03:59:32.588084+00:00,7ceb91c1-aa6e-4207-99ad-0f4df3689a8f,NEW_VALID_HIGH,4141.62,FIB_ACTIVE,TP_DYNAMIC,4141.62,4122.58,4182.91,4122.58,4135.40188,4156.15594,4176.91,4210.48594,4156.15594,4135.40188,4176.91,4176.91,True,True
2026-08-28T03:59:32.588084+00:00,7ceb91c1-aa6e-4207-99ad-0f4df3689a8f,TP_UPDATED,4141.62,TP_DYNAMIC,TP_DYNAMIC,4141.62,4122.58,4182.91,4122.58,4135.40188,4156.15594,4176.91,4210.48594,4156.15594,4135.40188,4176.91,4176.91,True,True
2026-08-28T03:59:32.596388+00:00,7ceb91c1-aa6e-4207-99ad-0f4df3689a8f,NEW_VALID_HIGH,4176.91,TP_DYNAMIC,TP_DYNAMIC,4141.62,4122.58,4182.91,4122.58,4135.40188,4156.15594,4176.91,4210.48594,4156.15594,4135.40188,4176.91,4176.91,True,True
2026-08-28T03:59:32.596388+00:00,7ceb91c1-aa6e-4207-99ad-0f4df3689a8f,TP_UPDATED,4176.91,TP_DYNAMIC,TP_DYNAMIC,4141.62,4122.58,4182.91,4122.58,4135.40188,4156.15594,4176.91,4210.48594,4156.15594,4135.40188,4176.91,4176.91,True,True
2026-08-28T03:59:32.596388+00:00,7ceb91c1-aa6e-4207-99ad-0f4df3689a8f,ENTRY_TOUCHED,4154.82,TP_DYNAMIC,ENTRY_TOUCHED,4141.62,4122.58,4182.91,4122.58,4135.40188,4156.15594,4176.91,4210.48594,4156.15594,4135.40188,4176.91,4176.91,True,True
2026-08-28T03:59:32.596388+00:00,7ceb91c1-aa6e-4207-99ad-0f4df3689a8f,TP_LOCKED,4176.91,ENTRY_TOUCHED,TP_FROZEN,4141.62,4122.58,4182.91,4122.58,4135.40188,4156.15594,4176.91,4210.48594,4156.15594,4135.40188,4176.91,4176.91,True,True
2026-08-28T03:59:32.596388+00:00,7ceb91c1-aa6e-4207-99ad-0f4df3689a8f,POST_ENTRY_HIGH_IGNORED,4182.91,TP_FROZEN,TP_FROZEN,4141.62,4122.58,4182.91,4122.58,4135.40188,4156.15594,4176.91,4210.48594,4156.15594,4135.40188,4176.91,4176.91,True,True
2026-08-28T03:59:32.613203+00:00,7ceb91c1-aa6e-4207-99ad-0f4df3689a8f,SL_HIT,4129.41,TP_FROZEN,COMPLETED,4141.62,4122.58,4182.91,4122.58,4135.40188,4156.15594,4176.91,4210.48594,4156.15594,4135.40188,4176.91,4176.91,True,True
2026-08-28T03:59:32.629614+00:00,593af4fa-eda9-4132-be67-23d5e5cbab54,BOS_DETECTED,4125.82,NO_SETUP,BOS_DETECTED,4109.8,4093.34,4128.4,4093.34,4097.224560000001,4103.51228,4109.8,4119.97228,4103.51228,4097.224560000001,4109.8,4109.8,True,True
2026-08-28T03:59:32.629614+00:00,593af4fa-eda9-4132-be67-23d5e5cbab54,POINT_2_FOUND,4093.34,BOS_DETECTED,POINT_2_IDENTIFIED,4109.8,4093.34,4128.4,4093.34,4097.224560000001,4103.51228,4109.8,4119.97228,4103.51228,4097.224560000001,4109.8,4109.8,True,True
2026-08-28T03:59:32.629614+00:00,593af4fa-eda9-4132-be67-23d5e5cbab54,SETUP_CREATED,4109.8,POINT_2_IDENTIFIED,FIB_ACTIVE,4109.8,4093.34,4128.4,4093.34,4097.224560000001,4103.51228,4109.8,4119.97228,4103.51228,4097.224560000001,4109.8,4109.8,True,True
2026-08-28T03:59:32.629614+00:00,593af4fa-eda9-4132-be67-23d5e5cbab54,NEW_VALID_HIGH,4109.8,FIB_ACTIVE,TP_DYNAMIC,4109.8,4093.34,4128.4,4093.34,4097.224560000001,4103.51228,4109.8,4119.97228,4103.51228,4097.224560000001,4109.8,4109.8,True,True
2026-08-28T03:59:32.629614+00:00,593af4fa-eda9-4132-be67-23d5e5cbab54,TP_UPDATED,4109.8,TP_DYNAMIC,TP_DYNAMIC,4109.8,4093.34,4128.4,4093.34,4097.224560000001,4103.51228,4109.8,4119.97228,4103.51228,4097.224560000001,4109.8,4109.8,True,True
2026-08-28T03:59:32.629614+00:00,593af4fa-eda9-4132-be67-23d5e5cbab54,ENTRY_TOUCHED,4111.45,TP_DYNAMIC,ENTRY_TOUCHED,4109.8,4093.34,4128.4,4093.34,4097.224560000001,4103.51228,4109.8,4119.97228,4103.51228,4097.224560000001,4109.8,4109.8,True,True
2026-08-28T03:59:32.629614+00:00,593af4fa-eda9-4132-be67-23d5e5cbab54,TP_LOCKED,4109.8,ENTRY_TOUCHED,TP_FROZEN,4109.8,4093.34,4128.4,4093.34,4097.224560000001,4103.51228,4109.8,4119.97228,4103.51228,4097.224560000001,4109.8,4109.8,True,True
2026-08-28T03:59:32.629614+00:00,593af4fa-eda9-4132-be67-23d5e5cbab54,POST_ENTRY_HIGH_IGNORED,4128.4,TP_FROZEN,TP_FROZEN,4109.8,4093.34,4128.4,4093.34,4097.224560000001,4103.51228,4109.8,4119.97228,4103.51228,4097.224560000001,4109.8,4109.8,True,True
2026-08-28T03:59:32.629614+00:00,593af4fa-eda9-4132-be67-23d5e5cbab54,TP_HIT,4105.21,TP_FROZEN,COMPLETED,4109.8,4093.34,4128.4,4093.34,4097.224560000001,4103.51228,4109.8,4119.97228,4103.51228,4097.224560000001,4109.8,4109.8,True,True
2026-08-28T03:59:32.629614+00:00,e7dd2ac0-749d-415e-94b9-5d7e66f4bf21,BOS_DETECTED,4129.94,NO_SETUP,BOS_DETECTED,4128.4,4098.15,4128.4,4098.15,4105.289,4116.844499999999,4128.4,4147.094499999999,4116.844499999999,4105.289,4128.4,4128.4,True,True
2026-08-28T03:59:32.629614+00:00,e7dd2ac0-749d-415e-94b9-5d7e66f4bf21,POINT_2_FOUND,4098.15,BOS_DETECTED,POINT_2_IDENTIFIED,4128.4,4098.15,4128.4,4098.15,4105.289,4116.844499999999,4128.4,4147.094499999999,4116.844499999999,4105.289,4128.4,4128.4,True,True
2026-08-28T03:59:32.629614+00:00,e7dd2ac0-749d-415e-94b9-5d7e66f4bf21,SETUP_CREATED,4128.4,POINT_2_IDENTIFIED,FIB_ACTIVE,4128.4,4098.15,4128.4,4098.15,4105.289,4116.844499999999,4128.4,4147.094499999999,4116.844499999999,4105.289,4128.4,4128.4,True,True
2026-08-28T03:59:32.629614+00:00,e7dd2ac0-749d-415e-94b9-5d7e66f4bf21,NEW_VALID_HIGH,4128.4,FIB_ACTIVE,TP_DYNAMIC,4128.4,4098.15,4128.4,4098.15,4105.289,4116.844499999999,4128.4,4147.094499999999,4116.844499999999,4105.289,4128.4,4128.4,True,True
2026-08-28T03:59:32.629614+00:00,e7dd2ac0-749d-415e-94b9-5d7e66f4bf21,TP_UPDATED,4128.4,TP_DYNAMIC,TP_DYNAMIC,4128.4,4098.15,4128.4,4098.15,4105.289,4116.844499999999,4128.4,4147.094499999999,4116.844499999999,4105.289,4128.4,4128.4,True,True
2026-08-28T03:59:32.629614+00:00,e7dd2ac0-749d-415e-94b9-5d7e66f4bf21,ENTRY_TOUCHED,4129.94,TP_DYNAMIC,ENTRY_TOUCHED,4128.4,4098.15,4128.4,4098.15,4105.289,4116.844499999999,4128.4,4147.094499999999,4116.844499999999,4105.289,4128.4,4128.4,True,True
2026-08-28T03:59:32.629614+00:00,e7dd2ac0-749d-415e-94b9-5d7e66f4bf21,TP_LOCKED,4128.4,ENTRY_TOUCHED,TP_FROZEN,4128.4,4098.15,4128.4,4098.15,4105.289,4116.844499999999,4128.4,4147.094499999999,4116.844499999999,4105.289,4128.4,4128.4,True,True
2026-08-28T03:59:32.637644+00:00,e7dd2ac0-749d-415e-94b9-5d7e66f4bf21,TP_HIT,4131.74,TP_FROZEN,COMPLETED,4128.4,4098.15,4128.4,4098.15,4105.289,4116.844499999999,4128.4,4147.094499999999,4116.844499999999,4105.289,4128.4,4128.4,True,True
2026-08-28T03:59:32.682111+00:00,9881196a-b570-46d8-be2d-46de66c5a8b9,BOS_DETECTED,4081.4,NO_SETUP,BOS_DETECTED,4078.6,4024.54,4093.34,4024.54,4040.7768,4067.0584,4093.34,4135.8584,4067.0584,4040.7768,4093.34,4093.34,True,True
2026-08-28T03:59:32.682111+00:00,9881196a-b570-46d8-be2d-46de66c5a8b9,POINT_2_FOUND,4024.54,BOS_DETECTED,POINT_2_IDENTIFIED,4078.6,4024.54,4093.34,4024.54,4040.7768,4067.0584,4093.34,4135.8584,4067.0584,4040.7768,4093.34,4093.34,True,True
2026-08-28T03:59:32.682111+00:00,9881196a-b570-46d8-be2d-46de66c5a8b9,SETUP_CREATED,4078.6,POINT_2_IDENTIFIED,FIB_ACTIVE,4078.6,4024.54,4093.34,4024.54,4040.7768,4067.0584,4093.34,4135.8584,4067.0584,4040.7768,4093.34,4093.34,True,True
2026-08-28T03:59:32.682111+00:00,9881196a-b570-46d8-be2d-46de66c5a8b9,NEW_VALID_HIGH,4078.6,FIB_ACTIVE,TP_DYNAMIC,4078.6,4024.54,4093.34,4024.54,4040.7768,4067.0584,4093.34,4135.8584,4067.0584,4040.7768,4093.34,4093.34,True,True
2026-08-28T03:59:32.682111+00:00,9881196a-b570-46d8-be2d-46de66c5a8b9,TP_UPDATED,4078.6,TP_DYNAMIC,TP_DYNAMIC,4078.6,4024.54,4093.34,4024.54,4040.7768,4067.0584,4093.34,4135.8584,4067.0584,4040.7768,4093.34,4093.34,True,True
2026-08-28T03:59:32.684123+00:00,9881196a-b570-46d8-be2d-46de66c5a8b9,NEW_VALID_HIGH,4093.34,TP_DYNAMIC,TP_DYNAMIC,4078.6,4024.54,4093.34,4024.54,4040.7768,4067.0584,4093.34,4135.8584,4067.0584,4040.7768,4093.34,4093.34,True,True
2026-08-28T03:59:32.684123+00:00,9881196a-b570-46d8-be2d-46de66c5a8b9,TP_UPDATED,4093.34,TP_DYNAMIC,TP_DYNAMIC,4078.6,4024.54,4093.34,4024.54,4040.7768,4067.0584,4093.34,4135.8584,4067.0584,4040.7768,4093.34,4093.34,True,True
2026-08-28T03:59:32.694639+00:00,9881196a-b570-46d8-be2d-46de66c5a8b9,ENTRY_TOUCHED,4075.29,TP_DYNAMIC,ENTRY_TOUCHED,4078.6,4024.54,4093.34,4024.54,4040.7768,4067.0584,4093.34,4135.8584,4067.0584,4040.7768,4093.34,4093.34,True,True
2026-08-28T03:59:32.694639+00:00,9881196a-b570-46d8-be2d-46de66c5a8b9,TP_LOCKED,4093.34,ENTRY_TOUCHED,TP_FROZEN,4078.6,4024.54,4093.34,4024.54,4040.7768,4067.0584,4093.34,4135.8584,4067.0584,4040.7768,4093.34,4093.34,True,True
2026-08-28T03:59:32.710987+00:00,9881196a-b570-46d8-be2d-46de66c5a8b9,TP_HIT,4094.52,TP_FROZEN,COMPLETED,4078.6,4024.54,4093.34,4024.54,4040.7768,4067.0584,4093.34,4135.8584,4067.0584,4040.7768,4093.34,4093.34,True,True
2026-08-28T03:59:32.727521+00:00,57a717f6-dade-4721-955a-3caa43d94541,BOS_DETECTED,4122.58,NO_SETUP,BOS_DETECTED,4119.35,4059.0,4139.53,4059.0,4078.00508,4108.76754,4139.53,4189.29754,4108.76754,4078.00508,4139.53,4139.53,True,True
2026-08-28T03:59:32.727521+00:00,57a717f6-dade-4721-955a-3caa43d94541,POINT_2_FOUND,4059.0,BOS_DETECTED,POINT_2_IDENTIFIED,4119.35,4059.0,4139.53,4059.0,4078.00508,4108.76754,4139.53,4189.29754,4108.76754,4078.00508,4139.53,4139.53,True,True
2026-08-28T03:59:32.727521+00:00,57a717f6-dade-4721-955a-3caa43d94541,SETUP_CREATED,4119.35,POINT_2_IDENTIFIED,FIB_ACTIVE,4119.35,4059.0,4139.53,4059.0,4078.00508,4108.76754,4139.53,4189.29754,4108.76754,4078.00508,4139.53,4139.53,True,True
2026-08-28T03:59:32.727521+00:00,57a717f6-dade-4721-955a-3caa43d94541,NEW_VALID_HIGH,4119.35,FIB_ACTIVE,TP_DYNAMIC,4119.35,4059.0,4139.53,4059.0,4078.00508,4108.76754,4139.53,4189.29754,4108.76754,4078.00508,4139.53,4139.53,True,True
2026-08-28T03:59:32.727521+00:00,57a717f6-dade-4721-955a-3caa43d94541,TP_UPDATED,4119.35,TP_DYNAMIC,TP_DYNAMIC,4119.35,4059.0,4139.53,4059.0,4078.00508,4108.76754,4139.53,4189.29754,4108.76754,4078.00508,4139.53,4139.53,True,True
2026-08-28T03:59:32.736130+00:00,57a717f6-dade-4721-955a-3caa43d94541,NEW_VALID_HIGH,4138.77,TP_DYNAMIC,TP_DYNAMIC,4119.35,4059.0,4139.53,4059.0,4078.00508,4108.76754,4139.53,4189.29754,4108.76754,4078.00508,4139.53,4139.53,True,True
2026-08-28T03:59:32.736130+00:00,57a717f6-dade-4721-955a-3caa43d94541,TP_UPDATED,4138.77,TP_DYNAMIC,TP_DYNAMIC,4119.35,4059.0,4139.53,4059.0,4078.00508,4108.76754,4139.53,4189.29754,4108.76754,4078.00508,4139.53,4139.53,True,True
2026-08-28T03:59:32.746618+00:00,57a717f6-dade-4721-955a-3caa43d94541,NEW_VALID_HIGH,4139.53,TP_DYNAMIC,TP_DYNAMIC,4119.35,4059.0,4139.53,4059.0,4078.00508,4108.76754,4139.53,4189.29754,4108.76754,4078.00508,4139.53,4139.53,True,True
2026-08-28T03:59:32.746618+00:00,57a717f6-dade-4721-955a-3caa43d94541,TP_UPDATED,4139.53,TP_DYNAMIC,TP_DYNAMIC,4119.35,4059.0,4139.53,4059.0,4078.00508,4108.76754,4139.53,4189.29754,4108.76754,4078.00508,4139.53,4139.53,True,True
2026-08-28T03:59:32.785120+00:00,57a717f6-dade-4721-955a-3caa43d94541,ENTRY_TOUCHED,4108.88,TP_DYNAMIC,ENTRY_TOUCHED,4119.35,4059.0,4139.53,4059.0,4078.00508,4108.76754,4139.53,4189.29754,4108.76754,4078.00508,4139.53,4139.53,True,True
2026-08-28T03:59:32.785120+00:00,57a717f6-dade-4721-955a-3caa43d94541,TP_LOCKED,4139.53,ENTRY_TOUCHED,TP_FROZEN,4119.35,4059.0,4139.53,4059.0,4078.00508,4108.76754,4139.53,4189.29754,4108.76754,4078.00508,4139.53,4139.53,True,True
2026-08-28T03:59:32.801016+00:00,57a717f6-dade-4721-955a-3caa43d94541,SL_HIT,4101.76,TP_FROZEN,COMPLETED,4119.35,4059.0,4139.53,4059.0,4078.00508,4108.76754,4139.53,4189.29754,4108.76754,4078.00508,4139.53,4139.53,True,True
2026-08-28T03:59:32.809318+00:00,803a8514-2ff3-410e-926c-4e20582e7376,BOS_DETECTED,4115.1,NO_SETUP,BOS_DETECTED,4111.14,4075.34,4117.27,4075.34,4085.2354800000003,4101.25274,4117.27,4143.18274,4101.25274,4085.2354800000003,4117.27,4117.27,True,True
2026-08-28T03:59:32.809318+00:00,803a8514-2ff3-410e-926c-4e20582e7376,POINT_2_FOUND,4075.34,BOS_DETECTED,POINT_2_IDENTIFIED,4111.14,4075.34,4117.27,4075.34,4085.2354800000003,4101.25274,4117.27,4143.18274,4101.25274,4085.2354800000003,4117.27,4117.27,True,True
2026-08-28T03:59:32.809318+00:00,803a8514-2ff3-410e-926c-4e20582e7376,SETUP_CREATED,4111.14,POINT_2_IDENTIFIED,FIB_ACTIVE,4111.14,4075.34,4117.27,4075.34,4085.2354800000003,4101.25274,4117.27,4143.18274,4101.25274,4085.2354800000003,4117.27,4117.27,True,True
2026-08-28T03:59:32.809318+00:00,803a8514-2ff3-410e-926c-4e20582e7376,NEW_VALID_HIGH,4111.14,FIB_ACTIVE,TP_DYNAMIC,4111.14,4075.34,4117.27,4075.34,4085.2354800000003,4101.25274,4117.27,4143.18274,4101.25274,4085.2354800000003,4117.27,4117.27,True,True
2026-08-28T03:59:32.809318+00:00,803a8514-2ff3-410e-926c-4e20582e7376,TP_UPDATED,4111.14,TP_DYNAMIC,TP_DYNAMIC,4111.14,4075.34,4117.27,4075.34,4085.2354800000003,4101.25274,4117.27,4143.18274,4101.25274,4085.2354800000003,4117.27,4117.27,True,True
2026-08-28T03:59:32.815300+00:00,803a8514-2ff3-410e-926c-4e20582e7376,NEW_VALID_HIGH,4117.27,TP_DYNAMIC,TP_DYNAMIC,4111.14,4075.34,4117.27,4075.34,4085.2354800000003,4101.25274,4117.27,4143.18274,4101.25274,4085.2354800000003,4117.27,4117.27,True,True
2026-08-28T03:59:32.815300+00:00,803a8514-2ff3-410e-926c-4e20582e7376,TP_UPDATED,4117.27,TP_DYNAMIC,TP_DYNAMIC,4111.14,4075.34,4117.27,4075.34,4085.2354800000003,4101.25274,4117.27,4143.18274,4101.25274,4085.2354800000003,4117.27,4117.27,True,True
2026-08-28T03:59:32.817673+00:00,803a8514-2ff3-410e-926c-4e20582e7376,ENTRY_TOUCHED,4101.08,TP_DYNAMIC,ENTRY_TOUCHED,4111.14,4075.34,4117.27,4075.34,4085.2354800000003,4101.25274,4117.27,4143.18274,4101.25274,4085.2354800000003,4117.27,4117.27,True,True
2026-08-28T03:59:32.817673+00:00,803a8514-2ff3-410e-926c-4e20582e7376,TP_LOCKED,4117.27,ENTRY_TOUCHED,TP_FROZEN,4111.14,4075.34,4117.27,4075.34,4085.2354800000003,4101.25274,4117.27,4143.18274,4101.25274,4085.2354800000003,4117.27,4117.27,True,True
2026-08-28T03:59:32.825642+00:00,803a8514-2ff3-410e-926c-4e20582e7376,TP_HIT,4121.33,TP_FROZEN,COMPLETED,4111.14,4075.34,4117.27,4075.34,4085.2354800000003,4101.25274,4117.27,4143.18274,4101.25274,4085.2354800000003,4117.27,4117.27,True,True
2026-08-28T03:59:32.863494+00:00,fbfae4b8-c365-4ff2-b3ef-2a78f8b84940,BOS_DETECTED,4120.92,NO_SETUP,BOS_DETECTED,4119.7,4117.12,4119.7,4117.12,4117.72888,4118.71444,4119.7,4121.29444,4118.71444,4117.72888,4119.7,4119.7,True,True
2026-08-28T03:59:32.865503+00:00,fbfae4b8-c365-4ff2-b3ef-2a78f8b84940,POINT_2_FOUND,4117.12,BOS_DETECTED,POINT_2_IDENTIFIED,4119.7,4117.12,4119.7,4117.12,4117.72888,4118.71444,4119.7,4121.29444,4118.71444,4117.72888,4119.7,4119.7,True,True
2026-08-28T03:59:32.865503+00:00,fbfae4b8-c365-4ff2-b3ef-2a78f8b84940,SETUP_CREATED,4119.7,POINT_2_IDENTIFIED,FIB_ACTIVE,4119.7,4117.12,4119.7,4117.12,4117.72888,4118.71444,4119.7,4121.29444,4118.71444,4117.72888,4119.7,4119.7,True,True
2026-08-28T03:59:32.865503+00:00,fbfae4b8-c365-4ff2-b3ef-2a78f8b84940,NEW_VALID_HIGH,4119.7,FIB_ACTIVE,TP_DYNAMIC,4119.7,4117.12,4119.7,4117.12,4117.72888,4118.71444,4119.7,4121.29444,4118.71444,4117.72888,4119.7,4119.7,True,True
2026-08-28T03:59:32.865503+00:00,fbfae4b8-c365-4ff2-b3ef-2a78f8b84940,TP_UPDATED,4119.7,TP_DYNAMIC,TP_DYNAMIC,4119.7,4117.12,4119.7,4117.12,4117.72888,4118.71444,4119.7,4121.29444,4118.71444,4117.72888,4119.7,4119.7,True,True
2026-08-28T03:59:32.865503+00:00,fbfae4b8-c365-4ff2-b3ef-2a78f8b84940,ENTRY_TOUCHED,4120.92,TP_DYNAMIC,ENTRY_TOUCHED,4119.7,4117.12,4119.7,4117.12,4117.72888,4118.71444,4119.7,4121.29444,4118.71444,4117.72888,4119.7,4119.7,True,True
2026-08-28T03:59:32.865503+00:00,fbfae4b8-c365-4ff2-b3ef-2a78f8b84940,TP_LOCKED,4119.7,ENTRY_TOUCHED,TP_FROZEN,4119.7,4117.12,4119.7,4117.12,4117.72888,4118.71444,4119.7,4121.29444,4118.71444,4117.72888,4119.7,4119.7,True,True
2026-08-28T03:59:32.865503+00:00,fbfae4b8-c365-4ff2-b3ef-2a78f8b84940,TP_HIT,4120.86,TP_FROZEN,COMPLETED,4119.7,4117.12,4119.7,4117.12,4117.72888,4118.71444,4119.7,4121.29444,4118.71444,4117.72888,4119.7,4119.7,True,True
2026-08-28T03:59:32.996991+00:00,6dd58d69-7109-4e26-9f40-a0c24fd0061c,BOS_DETECTED,4076.23,NO_SETUP,BOS_DETECTED,4074.9,4046.43,4082.69,4046.43,4054.98736,4068.83868,4082.69,4105.09868,4068.83868,4054.98736,4082.69,4082.69,True,True
2026-08-28T03:59:32.996991+00:00,6dd58d69-7109-4e26-9f40-a0c24fd0061c,POINT_2_FOUND,4046.43,BOS_DETECTED,POINT_2_IDENTIFIED,4074.9,4046.43,4082.69,4046.43,4054.98736,4068.83868,4082.69,4105.09868,4068.83868,4054.98736,4082.69,4082.69,True,True
2026-08-28T03:59:32.996991+00:00,6dd58d69-7109-4e26-9f40-a0c24fd0061c,SETUP_CREATED,4074.9,POINT_2_IDENTIFIED,FIB_ACTIVE,4074.9,4046.43,4082.69,4046.43,4054.98736,4068.83868,4082.69,4105.09868,4068.83868,4054.98736,4082.69,4082.69,True,True
2026-08-28T03:59:32.996991+00:00,6dd58d69-7109-4e26-9f40-a0c24fd0061c,NEW_VALID_HIGH,4074.9,FIB_ACTIVE,TP_DYNAMIC,4074.9,4046.43,4082.69,4046.43,4054.98736,4068.83868,4082.69,4105.09868,4068.83868,4054.98736,4082.69,4082.69,True,True
2026-08-28T03:59:32.996991+00:00,6dd58d69-7109-4e26-9f40-a0c24fd0061c,TP_UPDATED,4074.9,TP_DYNAMIC,TP_DYNAMIC,4074.9,4046.43,4082.69,4046.43,4054.98736,4068.83868,4082.69,4105.09868,4068.83868,4054.98736,4082.69,4082.69,True,True
2026-08-28T03:59:32.996991+00:00,6dd58d69-7109-4e26-9f40-a0c24fd0061c,NEW_VALID_HIGH,4082.69,TP_DYNAMIC,TP_DYNAMIC,4074.9,4046.43,4082.69,4046.43,4054.98736,4068.83868,4082.69,4105.09868,4068.83868,4054.98736,4082.69,4082.69,True,True
2026-08-28T03:59:32.996991+00:00,6dd58d69-7109-4e26-9f40-a0c24fd0061c,TP_UPDATED,4082.69,TP_DYNAMIC,TP_DYNAMIC,4074.9,4046.43,4082.69,4046.43,4054.98736,4068.83868,4082.69,4105.09868,4068.83868,4054.98736,4082.69,4082.69,True,True
2026-08-28T03:59:33.009401+00:00,6dd58d69-7109-4e26-9f40-a0c24fd0061c,ENTRY_TOUCHED,4067.54,TP_DYNAMIC,ENTRY_TOUCHED,4074.9,4046.43,4082.69,4046.43,4054.98736,4068.83868,4082.69,4105.09868,4068.83868,4054.98736,4082.69,4082.69,True,True
2026-08-28T03:59:33.009401+00:00,6dd58d69-7109-4e26-9f40-a0c24fd0061c,TP_LOCKED,4082.69,ENTRY_TOUCHED,TP_FROZEN,4074.9,4046.43,4082.69,4046.43,4054.98736,4068.83868,4082.69,4105.09868,4068.83868,4054.98736,4082.69,4082.69,True,True
2026-08-28T03:59:33.009401+00:00,6dd58d69-7109-4e26-9f40-a0c24fd0061c,SL_HIT,4055.18,TP_FROZEN,COMPLETED,4074.9,4046.43,4082.69,4046.43,4054.98736,4068.83868,4082.69,4105.09868,4068.83868,4054.98736,4082.69,4082.69,True,True
2026-08-28T03:59:33.076015+00:00,40c29cc6-087d-4cfc-baa0-f3c70a2f03d2,BOS_DETECTED,4012.73,NO_SETUP,BOS_DETECTED,4009.63,3986.44,4036.05,3986.44,3998.1479600000002,4017.09898,4036.05,4066.7089800000003,4017.09898,3998.1479600000002,4036.05,4036.05,True,True
2026-08-28T03:59:33.076015+00:00,40c29cc6-087d-4cfc-baa0-f3c70a2f03d2,POINT_2_FOUND,3986.44,BOS_DETECTED,POINT_2_IDENTIFIED,4009.63,3986.44,4036.05,3986.44,3998.1479600000002,4017.09898,4036.05,4066.7089800000003,4017.09898,3998.1479600000002,4036.05,4036.05,True,True
2026-08-28T03:59:33.076015+00:00,40c29cc6-087d-4cfc-baa0-f3c70a2f03d2,SETUP_CREATED,4009.63,POINT_2_IDENTIFIED,FIB_ACTIVE,4009.63,3986.44,4036.05,3986.44,3998.1479600000002,4017.09898,4036.05,4066.7089800000003,4017.09898,3998.1479600000002,4036.05,4036.05,True,True
2026-08-28T03:59:33.076015+00:00,40c29cc6-087d-4cfc-baa0-f3c70a2f03d2,NEW_VALID_HIGH,4009.63,FIB_ACTIVE,TP_DYNAMIC,4009.63,3986.44,4036.05,3986.44,3998.1479600000002,4017.09898,4036.05,4066.7089800000003,4017.09898,3998.1479600000002,4036.05,4036.05,True,True
2026-08-28T03:59:33.076015+00:00,40c29cc6-087d-4cfc-baa0-f3c70a2f03d2,TP_UPDATED,4009.63,TP_DYNAMIC,TP_DYNAMIC,4009.63,3986.44,4036.05,3986.44,3998.1479600000002,4017.09898,4036.05,4066.7089800000003,4017.09898,3998.1479600000002,4036.05,4036.05,True,True
2026-08-28T03:59:33.076015+00:00,40c29cc6-087d-4cfc-baa0-f3c70a2f03d2,NEW_VALID_HIGH,4021.23,TP_DYNAMIC,TP_DYNAMIC,4009.63,3986.44,4036.05,3986.44,3998.1479600000002,4017.09898,4036.05,4066.7089800000003,4017.09898,3998.1479600000002,4036.05,4036.05,True,True
2026-08-28T03:59:33.076015+00:00,40c29cc6-087d-4cfc-baa0-f3c70a2f03d2,TP_UPDATED,4021.23,TP_DYNAMIC,TP_DYNAMIC,4009.63,3986.44,4036.05,3986.44,3998.1479600000002,4017.09898,4036.05,4066.7089800000003,4017.09898,3998.1479600000002,4036.05,4036.05,True,True
2026-08-28T03:59:33.091432+00:00,40c29cc6-087d-4cfc-baa0-f3c70a2f03d2,NEW_VALID_HIGH,4021.29,TP_DYNAMIC,TP_DYNAMIC,4009.63,3986.44,4036.05,3986.44,3998.1479600000002,4017.09898,4036.05,4066.7089800000003,4017.09898,3998.1479600000002,4036.05,4036.05,True,True
2026-08-28T03:59:33.091432+00:00,40c29cc6-087d-4cfc-baa0-f3c70a2f03d2,TP_UPDATED,4021.29,TP_DYNAMIC,TP_DYNAMIC,4009.63,3986.44,4036.05,3986.44,3998.1479600000002,4017.09898,4036.05,4066.7089800000003,4017.09898,3998.1479600000002,4036.05,4036.05,True,True
2026-08-28T03:59:33.093445+00:00,40c29cc6-087d-4cfc-baa0-f3c70a2f03d2,NEW_VALID_HIGH,4036.05,TP_DYNAMIC,TP_DYNAMIC,4009.63,3986.44,4036.05,3986.44,3998.1479600000002,4017.09898,4036.05,4066.7089800000003,4017.09898,3998.1479600000002,4036.05,4036.05,True,True
2026-08-28T03:59:33.093445+00:00,40c29cc6-087d-4cfc-baa0-f3c70a2f03d2,TP_UPDATED,4036.05,TP_DYNAMIC,TP_DYNAMIC,4009.63,3986.44,4036.05,3986.44,3998.1479600000002,4017.09898,4036.05,4066.7089800000003,4017.09898,3998.1479600000002,4036.05,4036.05,True,True
2026-08-28T03:59:33.101728+00:00,40c29cc6-087d-4cfc-baa0-f3c70a2f03d2,ENTRY_TOUCHED,4019.15,TP_DYNAMIC,ENTRY_TOUCHED,4009.63,3986.44,4036.05,3986.44,3998.1479600000002,4017.09898,4036.05,4066.7089800000003,4017.09898,3998.1479600000002,4036.05,4036.05,True,True
2026-08-28T03:59:33.101728+00:00,40c29cc6-087d-4cfc-baa0-f3c70a2f03d2,TP_LOCKED,4036.05,ENTRY_TOUCHED,TP_FROZEN,4009.63,3986.44,4036.05,3986.44,3998.1479600000002,4017.09898,4036.05,4066.7089800000003,4017.09898,3998.1479600000002,4036.05,4036.05,True,True
2026-08-28T03:59:33.118452+00:00,40c29cc6-087d-4cfc-baa0-f3c70a2f03d2,TP_HIT,4028.13,TP_FROZEN,COMPLETED,4009.63,3986.44,4036.05,3986.44,3998.1479600000002,4017.09898,4036.05,4066.7089800000003,4017.09898,3998.1479600000002,4036.05,4036.05,True,True
2026-08-28T03:59:33.206792+00:00,85af336f-dc7c-47f1-abfa-df8155ccde3f,BOS_DETECTED,4040.34,NO_SETUP,BOS_DETECTED,4038.62,4028.51,4038.62,4028.51,4030.8959600000003,4034.75798,4038.62,4044.8679799999995,4034.75798,4030.8959600000003,4038.62,4038.62,True,True
2026-08-28T03:59:33.206792+00:00,85af336f-dc7c-47f1-abfa-df8155ccde3f,POINT_2_FOUND,4028.51,BOS_DETECTED,POINT_2_IDENTIFIED,4038.62,4028.51,4038.62,4028.51,4030.8959600000003,4034.75798,4038.62,4044.8679799999995,4034.75798,4030.8959600000003,4038.62,4038.62,True,True
2026-08-28T03:59:33.206792+00:00,85af336f-dc7c-47f1-abfa-df8155ccde3f,SETUP_CREATED,4038.62,POINT_2_IDENTIFIED,FIB_ACTIVE,4038.62,4028.51,4038.62,4028.51,4030.8959600000003,4034.75798,4038.62,4044.8679799999995,4034.75798,4030.8959600000003,4038.62,4038.62,True,True
2026-08-28T03:59:33.206792+00:00,85af336f-dc7c-47f1-abfa-df8155ccde3f,NEW_VALID_HIGH,4038.62,FIB_ACTIVE,TP_DYNAMIC,4038.62,4028.51,4038.62,4028.51,4030.8959600000003,4034.75798,4038.62,4044.8679799999995,4034.75798,4030.8959600000003,4038.62,4038.62,True,True
2026-08-28T03:59:33.206792+00:00,85af336f-dc7c-47f1-abfa-df8155ccde3f,TP_UPDATED,4038.62,TP_DYNAMIC,TP_DYNAMIC,4038.62,4028.51,4038.62,4028.51,4030.8959600000003,4034.75798,4038.62,4044.8679799999995,4034.75798,4030.8959600000003,4038.62,4038.62,True,True
2026-08-28T03:59:33.206792+00:00,85af336f-dc7c-47f1-abfa-df8155ccde3f,ENTRY_TOUCHED,4040.34,TP_DYNAMIC,ENTRY_TOUCHED,4038.62,4028.51,4038.62,4028.51,4030.8959600000003,4034.75798,4038.62,4044.8679799999995,4034.75798,4030.8959600000003,4038.62,4038.62,True,True
2026-08-28T03:59:33.206792+00:00,85af336f-dc7c-47f1-abfa-df8155ccde3f,TP_LOCKED,4038.62,ENTRY_TOUCHED,TP_FROZEN,4038.62,4028.51,4038.62,4028.51,4030.8959600000003,4034.75798,4038.62,4044.8679799999995,4034.75798,4030.8959600000003,4038.62,4038.62,True,True
2026-08-28T03:59:33.206792+00:00,85af336f-dc7c-47f1-abfa-df8155ccde3f,TP_HIT,4040.61,TP_FROZEN,COMPLETED,4038.62,4028.51,4038.62,4028.51,4030.8959600000003,4034.75798,4038.62,4044.8679799999995,4034.75798,4030.8959600000003,4038.62,4038.62,True,True
2026-08-28T03:59:33.231476+00:00,992f2100-b433-49e2-a94d-2c941bafa5cf,BOS_DETECTED,4078.49,NO_SETUP,BOS_DETECTED,4075.87,4028.51,4086.51,4028.51,4042.1980000000003,4064.3540000000003,4086.51,4122.354,4064.3540000000003,4042.1980000000003,4086.51,4086.51,True,True
2026-08-28T03:59:33.231476+00:00,992f2100-b433-49e2-a94d-2c941bafa5cf,POINT_2_FOUND,4028.51,BOS_DETECTED,POINT_2_IDENTIFIED,4075.87,4028.51,4086.51,4028.51,4042.1980000000003,4064.3540000000003,4086.51,4122.354,4064.3540000000003,4042.1980000000003,4086.51,4086.51,True,True
2026-08-28T03:59:33.231476+00:00,992f2100-b433-49e2-a94d-2c941bafa5cf,SETUP_CREATED,4075.87,POINT_2_IDENTIFIED,FIB_ACTIVE,4075.87,4028.51,4086.51,4028.51,4042.1980000000003,4064.3540000000003,4086.51,4122.354,4064.3540000000003,4042.1980000000003,4086.51,4086.51,True,True
2026-08-28T03:59:33.231476+00:00,992f2100-b433-49e2-a94d-2c941bafa5cf,NEW_VALID_HIGH,4075.87,FIB_ACTIVE,TP_DYNAMIC,4075.87,4028.51,4086.51,4028.51,4042.1980000000003,4064.3540000000003,4086.51,4122.354,4064.3540000000003,4042.1980000000003,4086.51,4086.51,True,True
2026-08-28T03:59:33.231476+00:00,992f2100-b433-49e2-a94d-2c941bafa5cf,TP_UPDATED,4075.87,TP_DYNAMIC,TP_DYNAMIC,4075.87,4028.51,4086.51,4028.51,4042.1980000000003,4064.3540000000003,4086.51,4122.354,4064.3540000000003,4042.1980000000003,4086.51,4086.51,True,True
2026-08-28T03:59:33.234602+00:00,992f2100-b433-49e2-a94d-2c941bafa5cf,NEW_VALID_HIGH,4086.51,TP_DYNAMIC,TP_DYNAMIC,4075.87,4028.51,4086.51,4028.51,4042.1980000000003,4064.3540000000003,4086.51,4122.354,4064.3540000000003,4042.1980000000003,4086.51,4086.51,True,True
2026-08-28T03:59:33.234602+00:00,992f2100-b433-49e2-a94d-2c941bafa5cf,TP_UPDATED,4086.51,TP_DYNAMIC,TP_DYNAMIC,4075.87,4028.51,4086.51,4028.51,4042.1980000000003,4064.3540000000003,4086.51,4122.354,4064.3540000000003,4042.1980000000003,4086.51,4086.51,True,True
2026-08-28T03:59:33.234602+00:00,992f2100-b433-49e2-a94d-2c941bafa5cf,ENTRY_TOUCHED,4059.5,TP_DYNAMIC,ENTRY_TOUCHED,4075.87,4028.51,4086.51,4028.51,4042.1980000000003,4064.3540000000003,4086.51,4122.354,4064.3540000000003,4042.1980000000003,4086.51,4086.51,True,True
2026-08-28T03:59:33.234602+00:00,992f2100-b433-49e2-a94d-2c941bafa5cf,TP_LOCKED,4086.51,ENTRY_TOUCHED,TP_FROZEN,4075.87,4028.51,4086.51,4028.51,4042.1980000000003,4064.3540000000003,4086.51,4122.354,4064.3540000000003,4042.1980000000003,4086.51,4086.51,True,True
2026-08-28T03:59:33.251217+00:00,992f2100-b433-49e2-a94d-2c941bafa5cf,SL_HIT,4039.46,TP_FROZEN,COMPLETED,4075.87,4028.51,4086.51,4028.51,4042.1980000000003,4064.3540000000003,4086.51,4122.354,4064.3540000000003,4042.1980000000003,4086.51,4086.51,True,True
2026-08-28T03:59:33.291392+00:00,cd207d90-6bd9-4907-aa15-635e98808d41,BOS_DETECTED,4039.33,NO_SETUP,BOS_DETECTED,4039.0,4026.06,4039.0,4026.06,4029.11384,4034.05692,4039.0,4046.99692,4034.05692,4029.11384,4039.0,4039.0,True,True
2026-08-28T03:59:33.291392+00:00,cd207d90-6bd9-4907-aa15-635e98808d41,POINT_2_FOUND,4026.06,BOS_DETECTED,POINT_2_IDENTIFIED,4039.0,4026.06,4039.0,4026.06,4029.11384,4034.05692,4039.0,4046.99692,4034.05692,4029.11384,4039.0,4039.0,True,True
2026-08-28T03:59:33.291392+00:00,cd207d90-6bd9-4907-aa15-635e98808d41,SETUP_CREATED,4039.0,POINT_2_IDENTIFIED,FIB_ACTIVE,4039.0,4026.06,4039.0,4026.06,4029.11384,4034.05692,4039.0,4046.99692,4034.05692,4029.11384,4039.0,4039.0,True,True
2026-08-28T03:59:33.291392+00:00,cd207d90-6bd9-4907-aa15-635e98808d41,NEW_VALID_HIGH,4039.0,FIB_ACTIVE,TP_DYNAMIC,4039.0,4026.06,4039.0,4026.06,4029.11384,4034.05692,4039.0,4046.99692,4034.05692,4029.11384,4039.0,4039.0,True,True
2026-08-28T03:59:33.291392+00:00,cd207d90-6bd9-4907-aa15-635e98808d41,TP_UPDATED,4039.0,TP_DYNAMIC,TP_DYNAMIC,4039.0,4026.06,4039.0,4026.06,4029.11384,4034.05692,4039.0,4046.99692,4034.05692,4029.11384,4039.0,4039.0,True,True
2026-08-28T03:59:33.291392+00:00,cd207d90-6bd9-4907-aa15-635e98808d41,ENTRY_TOUCHED,4035.95,TP_DYNAMIC,ENTRY_TOUCHED,4039.0,4026.06,4039.0,4026.06,4029.11384,4034.05692,4039.0,4046.99692,4034.05692,4029.11384,4039.0,4039.0,True,True
2026-08-28T03:59:33.291392+00:00,cd207d90-6bd9-4907-aa15-635e98808d41,TP_LOCKED,4039.0,ENTRY_TOUCHED,TP_FROZEN,4039.0,4026.06,4039.0,4026.06,4029.11384,4034.05692,4039.0,4046.99692,4034.05692,4029.11384,4039.0,4039.0,True,True
2026-08-28T03:59:33.291392+00:00,cd207d90-6bd9-4907-aa15-635e98808d41,TP_HIT,4035.17,TP_FROZEN,COMPLETED,4039.0,4026.06,4039.0,4026.06,4029.11384,4034.05692,4039.0,4046.99692,4034.05692,4029.11384,4039.0,4039.0,True,True
2026-08-28T03:59:33.299098+00:00,fb0e0149-69c6-4694-b39c-048fa362b727,BOS_DETECTED,4042.12,NO_SETUP,BOS_DETECTED,4039.99,4026.07,4039.99,4026.07,4029.35512,4034.67256,4039.99,4048.5925599999996,4034.67256,4029.35512,4039.99,4039.99,True,True
2026-08-28T03:59:33.299098+00:00,fb0e0149-69c6-4694-b39c-048fa362b727,POINT_2_FOUND,4026.07,BOS_DETECTED,POINT_2_IDENTIFIED,4039.99,4026.07,4039.99,4026.07,4029.35512,4034.67256,4039.99,4048.5925599999996,4034.67256,4029.35512,4039.99,4039.99,True,True
2026-08-28T03:59:33.299098+00:00,fb0e0149-69c6-4694-b39c-048fa362b727,SETUP_CREATED,4039.99,POINT_2_IDENTIFIED,FIB_ACTIVE,4039.99,4026.07,4039.99,4026.07,4029.35512,4034.67256,4039.99,4048.5925599999996,4034.67256,4029.35512,4039.99,4039.99,True,True
2026-08-28T03:59:33.299098+00:00,fb0e0149-69c6-4694-b39c-048fa362b727,NEW_VALID_HIGH,4039.99,FIB_ACTIVE,TP_DYNAMIC,4039.99,4026.07,4039.99,4026.07,4029.35512,4034.67256,4039.99,4048.5925599999996,4034.67256,4029.35512,4039.99,4039.99,True,True
2026-08-28T03:59:33.299098+00:00,fb0e0149-69c6-4694-b39c-048fa362b727,TP_UPDATED,4039.99,TP_DYNAMIC,TP_DYNAMIC,4039.99,4026.07,4039.99,4026.07,4029.35512,4034.67256,4039.99,4048.5925599999996,4034.67256,4029.35512,4039.99,4039.99,True,True
2026-08-28T03:59:33.299098+00:00,fb0e0149-69c6-4694-b39c-048fa362b727,ENTRY_TOUCHED,4042.12,TP_DYNAMIC,ENTRY_TOUCHED,4039.99,4026.07,4039.99,4026.07,4029.35512,4034.67256,4039.99,4048.5925599999996,4034.67256,4029.35512,4039.99,4039.99,True,True
2026-08-28T03:59:33.299098+00:00,fb0e0149-69c6-4694-b39c-048fa362b727,TP_LOCKED,4039.99,ENTRY_TOUCHED,TP_FROZEN,4039.99,4026.07,4039.99,4026.07,4029.35512,4034.67256,4039.99,4048.5925599999996,4034.67256,4029.35512,4039.99,4039.99,True,True
2026-08-28T03:59:33.299098+00:00,fb0e0149-69c6-4694-b39c-048fa362b727,TP_HIT,4035.8,TP_FROZEN,COMPLETED,4039.99,4026.07,4039.99,4026.07,4029.35512,4034.67256,4039.99,4048.5925599999996,4034.67256,4029.35512,4039.99,4039.99,True,True
2026-08-28T03:59:33.308048+00:00,9011e336-95e2-414b-b91a-b48d38801053,BOS_DETECTED,4016.39,NO_SETUP,BOS_DETECTED,4012.78,3978.53,4012.78,3978.53,3986.6130000000003,3999.6965,4012.78,4033.9465,3999.6965,3986.6130000000003,4012.78,4012.78,True,True
2026-08-28T03:59:33.308048+00:00,9011e336-95e2-414b-b91a-b48d38801053,POINT_2_FOUND,3978.53,BOS_DETECTED,POINT_2_IDENTIFIED,4012.78,3978.53,4012.78,3978.53,3986.6130000000003,3999.6965,4012.78,4033.9465,3999.6965,3986.6130000000003,4012.78,4012.78,True,True
2026-08-28T03:59:33.308048+00:00,9011e336-95e2-414b-b91a-b48d38801053,SETUP_CREATED,4012.78,POINT_2_IDENTIFIED,FIB_ACTIVE,4012.78,3978.53,4012.78,3978.53,3986.6130000000003,3999.6965,4012.78,4033.9465,3999.6965,3986.6130000000003,4012.78,4012.78,True,True
2026-08-28T03:59:33.308048+00:00,9011e336-95e2-414b-b91a-b48d38801053,NEW_VALID_HIGH,4012.78,FIB_ACTIVE,TP_DYNAMIC,4012.78,3978.53,4012.78,3978.53,3986.6130000000003,3999.6965,4012.78,4033.9465,3999.6965,3986.6130000000003,4012.78,4012.78,True,True
2026-08-28T03:59:33.308048+00:00,9011e336-95e2-414b-b91a-b48d38801053,TP_UPDATED,4012.78,TP_DYNAMIC,TP_DYNAMIC,4012.78,3978.53,4012.78,3978.53,3986.6130000000003,3999.6965,4012.78,4033.9465,3999.6965,3986.6130000000003,4012.78,4012.78,True,True
2026-08-28T03:59:33.308048+00:00,9011e336-95e2-414b-b91a-b48d38801053,ENTRY_TOUCHED,4016.39,TP_DYNAMIC,ENTRY_TOUCHED,4012.78,3978.53,4012.78,3978.53,3986.6130000000003,3999.6965,4012.78,4033.9465,3999.6965,3986.6130000000003,4012.78,4012.78,True,True
2026-08-28T03:59:33.308048+00:00,9011e336-95e2-414b-b91a-b48d38801053,TP_LOCKED,4012.78,ENTRY_TOUCHED,TP_FROZEN,4012.78,3978.53,4012.78,3978.53,3986.6130000000003,3999.6965,4012.78,4033.9465,3999.6965,3986.6130000000003,4012.78,4012.78,True,True
2026-08-28T03:59:33.308048+00:00,9011e336-95e2-414b-b91a-b48d38801053,TP_HIT,4015.77,TP_FROZEN,COMPLETED,4012.78,3978.53,4012.78,3978.53,3986.6130000000003,3999.6965,4012.78,4033.9465,3999.6965,3986.6130000000003,4012.78,4012.78,True,True
2026-08-28T03:59:33.351390+00:00,d3051bb7-35ce-4762-b759-8e12e73eff69,BOS_DETECTED,3996.49,NO_SETUP,BOS_DETECTED,3991.46,3974.14,4000.25,3974.14,3978.22752,3984.8437599999997,3991.46,4002.1637600000004,3984.8437599999997,3978.22752,3991.46,3991.46,True,True
2026-08-28T03:59:33.351390+00:00,d3051bb7-35ce-4762-b759-8e12e73eff69,POINT_2_FOUND,3974.14,BOS_DETECTED,POINT_2_IDENTIFIED,3991.46,3974.14,4000.25,3974.14,3978.22752,3984.8437599999997,3991.46,4002.1637600000004,3984.8437599999997,3978.22752,3991.46,3991.46,True,True
2026-08-28T03:59:33.351390+00:00,d3051bb7-35ce-4762-b759-8e12e73eff69,SETUP_CREATED,3991.46,POINT_2_IDENTIFIED,FIB_ACTIVE,3991.46,3974.14,4000.25,3974.14,3978.22752,3984.8437599999997,3991.46,4002.1637600000004,3984.8437599999997,3978.22752,3991.46,3991.46,True,True
2026-08-28T03:59:33.351390+00:00,d3051bb7-35ce-4762-b759-8e12e73eff69,NEW_VALID_HIGH,3991.46,FIB_ACTIVE,TP_DYNAMIC,3991.46,3974.14,4000.25,3974.14,3978.22752,3984.8437599999997,3991.46,4002.1637600000004,3984.8437599999997,3978.22752,3991.46,3991.46,True,True
2026-08-28T03:59:33.351390+00:00,d3051bb7-35ce-4762-b759-8e12e73eff69,TP_UPDATED,3991.46,TP_DYNAMIC,TP_DYNAMIC,3991.46,3974.14,4000.25,3974.14,3978.22752,3984.8437599999997,3991.46,4002.1637600000004,3984.8437599999997,3978.22752,3991.46,3991.46,True,True
2026-08-28T03:59:33.351390+00:00,d3051bb7-35ce-4762-b759-8e12e73eff69,ENTRY_TOUCHED,3988.46,TP_DYNAMIC,ENTRY_TOUCHED,3991.46,3974.14,4000.25,3974.14,3978.22752,3984.8437599999997,3991.46,4002.1637600000004,3984.8437599999997,3978.22752,3991.46,3991.46,True,True
2026-08-28T03:59:33.351390+00:00,d3051bb7-35ce-4762-b759-8e12e73eff69,TP_LOCKED,3991.46,ENTRY_TOUCHED,TP_FROZEN,3991.46,3974.14,4000.25,3974.14,3978.22752,3984.8437599999997,3991.46,4002.1637600000004,3984.8437599999997,3978.22752,3991.46,3991.46,True,True
2026-08-28T03:59:33.358052+00:00,d3051bb7-35ce-4762-b759-8e12e73eff69,POST_ENTRY_HIGH_IGNORED,4000.25,TP_FROZEN,TP_FROZEN,3991.46,3974.14,4000.25,3974.14,3978.22752,3984.8437599999997,3991.46,4002.1637600000004,3984.8437599999997,3978.22752,3991.46,3991.46,True,True
2026-08-28T03:59:33.358052+00:00,d3051bb7-35ce-4762-b759-8e12e73eff69,TP_HIT,3985.88,TP_FROZEN,COMPLETED,3991.46,3974.14,4000.25,3974.14,3978.22752,3984.8437599999997,3991.46,4002.1637600000004,3984.8437599999997,3978.22752,3991.46,3991.46,True,True
2026-08-28T03:59:33.358052+00:00,12eb765b-bdc9-4f79-adf1-71661b11a162,BOS_DETECTED,4005.56,NO_SETUP,BOS_DETECTED,4000.25,3976.39,4012.55,3976.39,3984.92376,3998.73688,4012.55,4034.8968800000002,3998.73688,3984.92376,4012.55,4012.55,True,True
2026-08-28T03:59:33.358052+00:00,12eb765b-bdc9-4f79-adf1-71661b11a162,POINT_2_FOUND,3976.39,BOS_DETECTED,POINT_2_IDENTIFIED,4000.25,3976.39,4012.55,3976.39,3984.92376,3998.73688,4012.55,4034.8968800000002,3998.73688,3984.92376,4012.55,4012.55,True,True
2026-08-28T03:59:33.358052+00:00,12eb765b-bdc9-4f79-adf1-71661b11a162,SETUP_CREATED,4000.25,POINT_2_IDENTIFIED,FIB_ACTIVE,4000.25,3976.39,4012.55,3976.39,3984.92376,3998.73688,4012.55,4034.8968800000002,3998.73688,3984.92376,4012.55,4012.55,True,True
2026-08-28T03:59:33.358052+00:00,12eb765b-bdc9-4f79-adf1-71661b11a162,NEW_VALID_HIGH,4000.25,FIB_ACTIVE,TP_DYNAMIC,4000.25,3976.39,4012.55,3976.39,3984.92376,3998.73688,4012.55,4034.8968800000002,3998.73688,3984.92376,4012.55,4012.55,True,True
2026-08-28T03:59:33.358052+00:00,12eb765b-bdc9-4f79-adf1-71661b11a162,TP_UPDATED,4000.25,TP_DYNAMIC,TP_DYNAMIC,4000.25,3976.39,4012.55,3976.39,3984.92376,3998.73688,4012.55,4034.8968800000002,3998.73688,3984.92376,4012.55,4012.55,True,True
2026-08-28T03:59:33.358052+00:00,12eb765b-bdc9-4f79-adf1-71661b11a162,NEW_VALID_HIGH,4012.55,TP_DYNAMIC,TP_DYNAMIC,4000.25,3976.39,4012.55,3976.39,3984.92376,3998.73688,4012.55,4034.8968800000002,3998.73688,3984.92376,4012.55,4012.55,True,True
2026-08-28T03:59:33.358052+00:00,12eb765b-bdc9-4f79-adf1-71661b11a162,TP_UPDATED,4012.55,TP_DYNAMIC,TP_DYNAMIC,4000.25,3976.39,4012.55,3976.39,3984.92376,3998.73688,4012.55,4034.8968800000002,3998.73688,3984.92376,4012.55,4012.55,True,True
2026-08-28T03:59:33.374934+00:00,12eb765b-bdc9-4f79-adf1-71661b11a162,ENTRY_TOUCHED,4004.34,TP_DYNAMIC,ENTRY_TOUCHED,4000.25,3976.39,4012.55,3976.39,3984.92376,3998.73688,4012.55,4034.8968800000002,3998.73688,3984.92376,4012.55,4012.55,True,True
2026-08-28T03:59:33.374934+00:00,12eb765b-bdc9-4f79-adf1-71661b11a162,TP_LOCKED,4012.55,ENTRY_TOUCHED,TP_FROZEN,4000.25,3976.39,4012.55,3976.39,3984.92376,3998.73688,4012.55,4034.8968800000002,3998.73688,3984.92376,4012.55,4012.55,True,True
2026-08-28T03:59:33.391180+00:00,12eb765b-bdc9-4f79-adf1-71661b11a162,INVALIDATED,3975.15,TP_FROZEN,INVALIDATED,4000.25,3976.39,4012.55,3976.39,3984.92376,3998.73688,4012.55,4034.8968800000002,3998.73688,3984.92376,4012.55,4012.55,True,True
2026-08-28T03:59:33.401729+00:00,e5edb89f-18b6-4ea2-ac25-2e9499698296,BOS_DETECTED,4004.34,NO_SETUP,BOS_DETECTED,4003.49,3966.14,4028.98,3966.14,3980.97024,4004.97512,4028.98,4067.81512,4004.97512,3980.97024,4028.98,4028.98,True,True
2026-08-28T03:59:33.408150+00:00,e5edb89f-18b6-4ea2-ac25-2e9499698296,POINT_2_FOUND,3966.14,BOS_DETECTED,POINT_2_IDENTIFIED,4003.49,3966.14,4028.98,3966.14,3980.97024,4004.97512,4028.98,4067.81512,4004.97512,3980.97024,4028.98,4028.98,True,True
2026-08-28T03:59:33.408150+00:00,e5edb89f-18b6-4ea2-ac25-2e9499698296,SETUP_CREATED,4003.49,POINT_2_IDENTIFIED,FIB_ACTIVE,4003.49,3966.14,4028.98,3966.14,3980.97024,4004.97512,4028.98,4067.81512,4004.97512,3980.97024,4028.98,4028.98,True,True
2026-08-28T03:59:33.408150+00:00,e5edb89f-18b6-4ea2-ac25-2e9499698296,NEW_VALID_HIGH,4003.49,FIB_ACTIVE,TP_DYNAMIC,4003.49,3966.14,4028.98,3966.14,3980.97024,4004.97512,4028.98,4067.81512,4004.97512,3980.97024,4028.98,4028.98,True,True
2026-08-28T03:59:33.408150+00:00,e5edb89f-18b6-4ea2-ac25-2e9499698296,TP_UPDATED,4003.49,TP_DYNAMIC,TP_DYNAMIC,4003.49,3966.14,4028.98,3966.14,3980.97024,4004.97512,4028.98,4067.81512,4004.97512,3980.97024,4028.98,4028.98,True,True
2026-08-28T03:59:33.417881+00:00,e5edb89f-18b6-4ea2-ac25-2e9499698296,NEW_VALID_HIGH,4028.98,TP_DYNAMIC,TP_DYNAMIC,4003.49,3966.14,4028.98,3966.14,3980.97024,4004.97512,4028.98,4067.81512,4004.97512,3980.97024,4028.98,4028.98,True,True
2026-08-28T03:59:33.417881+00:00,e5edb89f-18b6-4ea2-ac25-2e9499698296,TP_UPDATED,4028.98,TP_DYNAMIC,TP_DYNAMIC,4003.49,3966.14,4028.98,3966.14,3980.97024,4004.97512,4028.98,4067.81512,4004.97512,3980.97024,4028.98,4028.98,True,True
2026-08-28T03:59:33.606694+00:00,e5edb89f-18b6-4ea2-ac25-2e9499698296,ENTRY_TOUCHED,4002.61,TP_DYNAMIC,ENTRY_TOUCHED,4003.49,3966.14,4028.98,3966.14,3980.97024,4004.97512,4028.98,4067.81512,4004.97512,3980.97024,4028.98,4028.98,True,True
2026-08-28T03:59:33.606694+00:00,e5edb89f-18b6-4ea2-ac25-2e9499698296,TP_LOCKED,4028.98,ENTRY_TOUCHED,TP_FROZEN,4003.49,3966.14,4028.98,3966.14,3980.97024,4004.97512,4028.98,4067.81512,4004.97512,3980.97024,4028.98,4028.98,True,True
2026-08-28T03:59:33.623930+00:00,e5edb89f-18b6-4ea2-ac25-2e9499698296,TP_HIT,4027.4,TP_FROZEN,COMPLETED,4003.49,3966.14,4028.98,3966.14,3980.97024,4004.97512,4028.98,4067.81512,4004.97512,3980.97024,4028.98,4028.98,True,True
2026-08-28T03:59:33.647997+00:00,a79536b1-c56d-48ab-9c29-00934b3d46b6,BOS_DETECTED,4037.42,NO_SETUP,BOS_DETECTED,4035.69,4008.28,4045.97,4008.28,4014.74876,4025.21938,4035.69,4052.62938,4025.21938,4014.74876,4035.69,4035.69,True,True
2026-08-28T03:59:33.647997+00:00,a79536b1-c56d-48ab-9c29-00934b3d46b6,POINT_2_FOUND,4008.28,BOS_DETECTED,POINT_2_IDENTIFIED,4035.69,4008.28,4045.97,4008.28,4014.74876,4025.21938,4035.69,4052.62938,4025.21938,4014.74876,4035.69,4035.69,True,True
2026-08-28T03:59:33.647997+00:00,a79536b1-c56d-48ab-9c29-00934b3d46b6,SETUP_CREATED,4035.69,POINT_2_IDENTIFIED,FIB_ACTIVE,4035.69,4008.28,4045.97,4008.28,4014.74876,4025.21938,4035.69,4052.62938,4025.21938,4014.74876,4035.69,4035.69,True,True
2026-08-28T03:59:33.647997+00:00,a79536b1-c56d-48ab-9c29-00934b3d46b6,NEW_VALID_HIGH,4035.69,FIB_ACTIVE,TP_DYNAMIC,4035.69,4008.28,4045.97,4008.28,4014.74876,4025.21938,4035.69,4052.62938,4025.21938,4014.74876,4035.69,4035.69,True,True
2026-08-28T03:59:33.647997+00:00,a79536b1-c56d-48ab-9c29-00934b3d46b6,TP_UPDATED,4035.69,TP_DYNAMIC,TP_DYNAMIC,4035.69,4008.28,4045.97,4008.28,4014.74876,4025.21938,4035.69,4052.62938,4025.21938,4014.74876,4035.69,4035.69,True,True
2026-08-28T03:59:33.647997+00:00,a79536b1-c56d-48ab-9c29-00934b3d46b6,ENTRY_TOUCHED,4018.73,TP_DYNAMIC,ENTRY_TOUCHED,4035.69,4008.28,4045.97,4008.28,4014.74876,4025.21938,4035.69,4052.62938,4025.21938,4014.74876,4035.69,4035.69,True,True
2026-08-28T03:59:33.647997+00:00,a79536b1-c56d-48ab-9c29-00934b3d46b6,TP_LOCKED,4035.69,ENTRY_TOUCHED,TP_FROZEN,4035.69,4008.28,4045.97,4008.28,4014.74876,4025.21938,4035.69,4052.62938,4025.21938,4014.74876,4035.69,4035.69,True,True
2026-08-28T03:59:33.656994+00:00,a79536b1-c56d-48ab-9c29-00934b3d46b6,POST_ENTRY_HIGH_IGNORED,4045.97,TP_FROZEN,TP_FROZEN,4035.69,4008.28,4045.97,4008.28,4014.74876,4025.21938,4035.69,4052.62938,4025.21938,4014.74876,4035.69,4035.69,True,True
2026-08-28T03:59:33.656994+00:00,a79536b1-c56d-48ab-9c29-00934b3d46b6,SL_HIT,4018.79,TP_FROZEN,COMPLETED,4035.69,4008.28,4045.97,4008.28,4014.74876,4025.21938,4035.69,4052.62938,4025.21938,4014.74876,4035.69,4035.69,True,True
2026-08-28T03:59:33.674919+00:00,0ad0fd55-e1b6-4f32-ba28-1f12e061e18c,BOS_DETECTED,4018.18,NO_SETUP,BOS_DETECTED,4017.96,4007.97,4017.96,4007.97,4010.32764,4014.14382,4017.96,4024.13382,4014.14382,4010.32764,4017.96,4017.96,True,True
2026-08-28T03:59:33.674919+00:00,0ad0fd55-e1b6-4f32-ba28-1f12e061e18c,POINT_2_FOUND,4007.97,BOS_DETECTED,POINT_2_IDENTIFIED,4017.96,4007.97,4017.96,4007.97,4010.32764,4014.14382,4017.96,4024.13382,4014.14382,4010.32764,4017.96,4017.96,True,True
2026-08-28T03:59:33.674919+00:00,0ad0fd55-e1b6-4f32-ba28-1f12e061e18c,SETUP_CREATED,4017.96,POINT_2_IDENTIFIED,FIB_ACTIVE,4017.96,4007.97,4017.96,4007.97,4010.32764,4014.14382,4017.96,4024.13382,4014.14382,4010.32764,4017.96,4017.96,True,True
2026-08-28T03:59:33.674919+00:00,0ad0fd55-e1b6-4f32-ba28-1f12e061e18c,NEW_VALID_HIGH,4017.96,FIB_ACTIVE,TP_DYNAMIC,4017.96,4007.97,4017.96,4007.97,4010.32764,4014.14382,4017.96,4024.13382,4014.14382,4010.32764,4017.96,4017.96,True,True
2026-08-28T03:59:33.674919+00:00,0ad0fd55-e1b6-4f32-ba28-1f12e061e18c,TP_UPDATED,4017.96,TP_DYNAMIC,TP_DYNAMIC,4017.96,4007.97,4017.96,4007.97,4010.32764,4014.14382,4017.96,4024.13382,4014.14382,4010.32764,4017.96,4017.96,True,True
2026-08-28T03:59:33.674919+00:00,0ad0fd55-e1b6-4f32-ba28-1f12e061e18c,ENTRY_TOUCHED,4018.18,TP_DYNAMIC,ENTRY_TOUCHED,4017.96,4007.97,4017.96,4007.97,4010.32764,4014.14382,4017.96,4024.13382,4014.14382,4010.32764,4017.96,4017.96,True,True
2026-08-28T03:59:33.674919+00:00,0ad0fd55-e1b6-4f32-ba28-1f12e061e18c,TP_LOCKED,4017.96,ENTRY_TOUCHED,TP_FROZEN,4017.96,4007.97,4017.96,4007.97,4010.32764,4014.14382,4017.96,4024.13382,4014.14382,4010.32764,4017.96,4017.96,True,True
2026-08-28T03:59:33.674919+00:00,0ad0fd55-e1b6-4f32-ba28-1f12e061e18c,SL_HIT,4011.05,TP_FROZEN,COMPLETED,4017.96,4007.97,4017.96,4007.97,4010.32764,4014.14382,4017.96,4024.13382,4014.14382,4010.32764,4017.96,4017.96,True,True
2026-08-28T03:59:33.695713+00:00,96b00c11-15a8-49b3-913b-2a43a2437583,BOS_DETECTED,4020.15,NO_SETUP,BOS_DETECTED,4016.5,4005.19,4088.4,4005.19,4024.82756,4056.61378,4088.4,4139.82378,4056.61378,4024.82756,4088.4,4088.4,True,True
2026-08-28T03:59:33.695713+00:00,96b00c11-15a8-49b3-913b-2a43a2437583,POINT_2_FOUND,4005.19,BOS_DETECTED,POINT_2_IDENTIFIED,4016.5,4005.19,4088.4,4005.19,4024.82756,4056.61378,4088.4,4139.82378,4056.61378,4024.82756,4088.4,4088.4,True,True
2026-08-28T03:59:33.695713+00:00,96b00c11-15a8-49b3-913b-2a43a2437583,SETUP_CREATED,4016.5,POINT_2_IDENTIFIED,FIB_ACTIVE,4016.5,4005.19,4088.4,4005.19,4024.82756,4056.61378,4088.4,4139.82378,4056.61378,4024.82756,4088.4,4088.4,True,True
2026-08-28T03:59:33.695713+00:00,96b00c11-15a8-49b3-913b-2a43a2437583,NEW_VALID_HIGH,4016.5,FIB_ACTIVE,TP_DYNAMIC,4016.5,4005.19,4088.4,4005.19,4024.82756,4056.61378,4088.4,4139.82378,4056.61378,4024.82756,4088.4,4088.4,True,True
2026-08-28T03:59:33.695713+00:00,96b00c11-15a8-49b3-913b-2a43a2437583,TP_UPDATED,4016.5,TP_DYNAMIC,TP_DYNAMIC,4016.5,4005.19,4088.4,4005.19,4024.82756,4056.61378,4088.4,4139.82378,4056.61378,4024.82756,4088.4,4088.4,True,True
2026-08-28T03:59:33.701927+00:00,96b00c11-15a8-49b3-913b-2a43a2437583,NEW_VALID_HIGH,4040.37,TP_DYNAMIC,TP_DYNAMIC,4016.5,4005.19,4088.4,4005.19,4024.82756,4056.61378,4088.4,4139.82378,4056.61378,4024.82756,4088.4,4088.4,True,True
2026-08-28T03:59:33.701927+00:00,96b00c11-15a8-49b3-913b-2a43a2437583,TP_UPDATED,4040.37,TP_DYNAMIC,TP_DYNAMIC,4016.5,4005.19,4088.4,4005.19,4024.82756,4056.61378,4088.4,4139.82378,4056.61378,4024.82756,4088.4,4088.4,True,True
2026-08-28T03:59:33.712254+00:00,96b00c11-15a8-49b3-913b-2a43a2437583,NEW_VALID_HIGH,4056.84,TP_DYNAMIC,TP_DYNAMIC,4016.5,4005.19,4088.4,4005.19,4024.82756,4056.61378,4088.4,4139.82378,4056.61378,4024.82756,4088.4,4088.4,True,True
2026-08-28T03:59:33.712254+00:00,96b00c11-15a8-49b3-913b-2a43a2437583,TP_UPDATED,4056.84,TP_DYNAMIC,TP_DYNAMIC,4016.5,4005.19,4088.4,4005.19,4024.82756,4056.61378,4088.4,4139.82378,4056.61378,4024.82756,4088.4,4088.4,True,True
2026-08-28T03:59:33.724760+00:00,96b00c11-15a8-49b3-913b-2a43a2437583,NEW_VALID_HIGH,4088.4,TP_DYNAMIC,TP_DYNAMIC,4016.5,4005.19,4088.4,4005.19,4024.82756,4056.61378,4088.4,4139.82378,4056.61378,4024.82756,4088.4,4088.4,True,True
2026-08-28T03:59:33.724760+00:00,96b00c11-15a8-49b3-913b-2a43a2437583,TP_UPDATED,4088.4,TP_DYNAMIC,TP_DYNAMIC,4016.5,4005.19,4088.4,4005.19,4024.82756,4056.61378,4088.4,4139.82378,4056.61378,4024.82756,4088.4,4088.4,True,True
2026-08-28T03:59:33.748105+00:00,96b00c11-15a8-49b3-913b-2a43a2437583,ENTRY_TOUCHED,4059.35,TP_DYNAMIC,ENTRY_TOUCHED,4016.5,4005.19,4088.4,4005.19,4024.82756,4056.61378,4088.4,4139.82378,4056.61378,4024.82756,4088.4,4088.4,True,True
2026-08-28T03:59:33.748105+00:00,96b00c11-15a8-49b3-913b-2a43a2437583,TP_LOCKED,4088.4,ENTRY_TOUCHED,TP_FROZEN,4016.5,4005.19,4088.4,4005.19,4024.82756,4056.61378,4088.4,4139.82378,4056.61378,4024.82756,4088.4,4088.4,True,True
2026-08-28T03:59:33.769047+00:00,96b00c11-15a8-49b3-913b-2a43a2437583,TP_HIT,4088.6,TP_FROZEN,COMPLETED,4016.5,4005.19,4088.4,4005.19,4024.82756,4056.61378,4088.4,4139.82378,4056.61378,4024.82756,4088.4,4088.4,True,True
2026-08-28T03:59:33.785852+00:00,bae27060-3089-4ec2-a8b0-e0f4d850f8f5,BOS_DETECTED,4097.08,NO_SETUP,BOS_DETECTED,4089.62,4082.32,4089.62,4082.32,4084.0428,4086.8314,4089.62,4094.1313999999998,4086.8314,4084.0428,4089.62,4089.62,True,True
2026-08-28T03:59:33.785852+00:00,bae27060-3089-4ec2-a8b0-e0f4d850f8f5,POINT_2_FOUND,4082.32,BOS_DETECTED,POINT_2_IDENTIFIED,4089.62,4082.32,4089.62,4082.32,4084.0428,4086.8314,4089.62,4094.1313999999998,4086.8314,4084.0428,4089.62,4089.62,True,True
2026-08-28T03:59:33.785852+00:00,bae27060-3089-4ec2-a8b0-e0f4d850f8f5,SETUP_CREATED,4089.62,POINT_2_IDENTIFIED,FIB_ACTIVE,4089.62,4082.32,4089.62,4082.32,4084.0428,4086.8314,4089.62,4094.1313999999998,4086.8314,4084.0428,4089.62,4089.62,True,True
2026-08-28T03:59:33.785852+00:00,bae27060-3089-4ec2-a8b0-e0f4d850f8f5,NEW_VALID_HIGH,4089.62,FIB_ACTIVE,TP_DYNAMIC,4089.62,4082.32,4089.62,4082.32,4084.0428,4086.8314,4089.62,4094.1313999999998,4086.8314,4084.0428,4089.62,4089.62,True,True
2026-08-28T03:59:33.785852+00:00,bae27060-3089-4ec2-a8b0-e0f4d850f8f5,TP_UPDATED,4089.62,TP_DYNAMIC,TP_DYNAMIC,4089.62,4082.32,4089.62,4082.32,4084.0428,4086.8314,4089.62,4094.1313999999998,4086.8314,4084.0428,4089.62,4089.62,True,True
2026-08-28T03:59:33.785852+00:00,bae27060-3089-4ec2-a8b0-e0f4d850f8f5,ENTRY_TOUCHED,4097.08,TP_DYNAMIC,ENTRY_TOUCHED,4089.62,4082.32,4089.62,4082.32,4084.0428,4086.8314,4089.62,4094.1313999999998,4086.8314,4084.0428,4089.62,4089.62,True,True
2026-08-28T03:59:33.785852+00:00,bae27060-3089-4ec2-a8b0-e0f4d850f8f5,TP_LOCKED,4089.62,ENTRY_TOUCHED,TP_FROZEN,4089.62,4082.32,4089.62,4082.32,4084.0428,4086.8314,4089.62,4094.1313999999998,4086.8314,4084.0428,4089.62,4089.62,True,True
2026-08-28T03:59:33.791433+00:00,bae27060-3089-4ec2-a8b0-e0f4d850f8f5,TP_HIT,4102.74,TP_FROZEN,COMPLETED,4089.62,4082.32,4089.62,4082.32,4084.0428,4086.8314,4089.62,4094.1313999999998,4086.8314,4084.0428,4089.62,4089.62,True,True
2026-08-28T03:59:33.832635+00:00,97358f1e-a4f7-466a-8fdd-88f3f8e8c0d4,BOS_DETECTED,4129.14,NO_SETUP,BOS_DETECTED,4125.25,4112.34,4125.25,4112.34,4115.38676,4120.31838,4125.25,4133.22838,4120.31838,4115.38676,4125.25,4125.25,True,True
2026-08-28T03:59:33.832635+00:00,97358f1e-a4f7-466a-8fdd-88f3f8e8c0d4,POINT_2_FOUND,4112.34,BOS_DETECTED,POINT_2_IDENTIFIED,4125.25,4112.34,4125.25,4112.34,4115.38676,4120.31838,4125.25,4133.22838,4120.31838,4115.38676,4125.25,4125.25,True,True
2026-08-28T03:59:33.832635+00:00,97358f1e-a4f7-466a-8fdd-88f3f8e8c0d4,SETUP_CREATED,4125.25,POINT_2_IDENTIFIED,FIB_ACTIVE,4125.25,4112.34,4125.25,4112.34,4115.38676,4120.31838,4125.25,4133.22838,4120.31838,4115.38676,4125.25,4125.25,True,True
2026-08-28T03:59:33.832635+00:00,97358f1e-a4f7-466a-8fdd-88f3f8e8c0d4,NEW_VALID_HIGH,4125.25,FIB_ACTIVE,TP_DYNAMIC,4125.25,4112.34,4125.25,4112.34,4115.38676,4120.31838,4125.25,4133.22838,4120.31838,4115.38676,4125.25,4125.25,True,True
2026-08-28T03:59:33.832635+00:00,97358f1e-a4f7-466a-8fdd-88f3f8e8c0d4,TP_UPDATED,4125.25,TP_DYNAMIC,TP_DYNAMIC,4125.25,4112.34,4125.25,4112.34,4115.38676,4120.31838,4125.25,4133.22838,4120.31838,4115.38676,4125.25,4125.25,True,True
2026-08-28T03:59:33.835198+00:00,97358f1e-a4f7-466a-8fdd-88f3f8e8c0d4,ENTRY_TOUCHED,4115.56,TP_DYNAMIC,ENTRY_TOUCHED,4125.25,4112.34,4125.25,4112.34,4115.38676,4120.31838,4125.25,4133.22838,4120.31838,4115.38676,4125.25,4125.25,True,True
2026-08-28T03:59:33.835198+00:00,97358f1e-a4f7-466a-8fdd-88f3f8e8c0d4,TP_LOCKED,4125.25,ENTRY_TOUCHED,TP_FROZEN,4125.25,4112.34,4125.25,4112.34,4115.38676,4120.31838,4125.25,4133.22838,4120.31838,4115.38676,4125.25,4125.25,True,True
2026-08-28T03:59:33.835198+00:00,97358f1e-a4f7-466a-8fdd-88f3f8e8c0d4,TP_HIT,4128.0,TP_FROZEN,COMPLETED,4125.25,4112.34,4125.25,4112.34,4115.38676,4120.31838,4125.25,4133.22838,4120.31838,4115.38676,4125.25,4125.25,True,True
2026-08-28T03:59:33.835198+00:00,0535466c-da83-45df-8b7a-744867d43002,BOS_DETECTED,4145.73,NO_SETUP,BOS_DETECTED,4136.7,4109.77,4168.58,4109.77,4123.64916,4146.11458,4168.58,4204.92458,4146.11458,4123.64916,4168.58,4168.58,True,True
2026-08-28T03:59:33.835198+00:00,0535466c-da83-45df-8b7a-744867d43002,POINT_2_FOUND,4109.77,BOS_DETECTED,POINT_2_IDENTIFIED,4136.7,4109.77,4168.58,4109.77,4123.64916,4146.11458,4168.58,4204.92458,4146.11458,4123.64916,4168.58,4168.58,True,True
2026-08-28T03:59:33.835198+00:00,0535466c-da83-45df-8b7a-744867d43002,SETUP_CREATED,4136.7,POINT_2_IDENTIFIED,FIB_ACTIVE,4136.7,4109.77,4168.58,4109.77,4123.64916,4146.11458,4168.58,4204.92458,4146.11458,4123.64916,4168.58,4168.58,True,True
2026-08-28T03:59:33.835198+00:00,0535466c-da83-45df-8b7a-744867d43002,NEW_VALID_HIGH,4136.7,FIB_ACTIVE,TP_DYNAMIC,4136.7,4109.77,4168.58,4109.77,4123.64916,4146.11458,4168.58,4204.92458,4146.11458,4123.64916,4168.58,4168.58,True,True
2026-08-28T03:59:33.835198+00:00,0535466c-da83-45df-8b7a-744867d43002,TP_UPDATED,4136.7,TP_DYNAMIC,TP_DYNAMIC,4136.7,4109.77,4168.58,4109.77,4123.64916,4146.11458,4168.58,4204.92458,4146.11458,4123.64916,4168.58,4168.58,True,True
2026-08-28T03:59:33.841419+00:00,0535466c-da83-45df-8b7a-744867d43002,NEW_VALID_HIGH,4165.57,TP_DYNAMIC,TP_DYNAMIC,4136.7,4109.77,4168.58,4109.77,4123.64916,4146.11458,4168.58,4204.92458,4146.11458,4123.64916,4168.58,4168.58,True,True
2026-08-28T03:59:33.841419+00:00,0535466c-da83-45df-8b7a-744867d43002,TP_UPDATED,4165.57,TP_DYNAMIC,TP_DYNAMIC,4136.7,4109.77,4168.58,4109.77,4123.64916,4146.11458,4168.58,4204.92458,4146.11458,4123.64916,4168.58,4168.58,True,True
2026-08-28T03:59:33.841419+00:00,0535466c-da83-45df-8b7a-744867d43002,NEW_VALID_HIGH,4168.58,TP_DYNAMIC,TP_DYNAMIC,4136.7,4109.77,4168.58,4109.77,4123.64916,4146.11458,4168.58,4204.92458,4146.11458,4123.64916,4168.58,4168.58,True,True
2026-08-28T03:59:33.841419+00:00,0535466c-da83-45df-8b7a-744867d43002,TP_UPDATED,4168.58,TP_DYNAMIC,TP_DYNAMIC,4136.7,4109.77,4168.58,4109.77,4123.64916,4146.11458,4168.58,4204.92458,4146.11458,4123.64916,4168.58,4168.58,True,True
2026-08-28T03:59:33.851903+00:00,0535466c-da83-45df-8b7a-744867d43002,ENTRY_TOUCHED,4149.49,TP_DYNAMIC,ENTRY_TOUCHED,4136.7,4109.77,4168.58,4109.77,4123.64916,4146.11458,4168.58,4204.92458,4146.11458,4123.64916,4168.58,4168.58,True,True
2026-08-28T03:59:33.851903+00:00,0535466c-da83-45df-8b7a-744867d43002,TP_LOCKED,4168.58,ENTRY_TOUCHED,TP_FROZEN,4136.7,4109.77,4168.58,4109.77,4123.64916,4146.11458,4168.58,4204.92458,4146.11458,4123.64916,4168.58,4168.58,True,True
2026-08-28T03:59:33.869173+00:00,0535466c-da83-45df-8b7a-744867d43002,SL_HIT,4126.57,TP_FROZEN,COMPLETED,4136.7,4109.77,4168.58,4109.77,4123.64916,4146.11458,4168.58,4204.92458,4146.11458,4123.64916,4168.58,4168.58,True,True
2026-08-28T03:59:33.990045+00:00,f2ad7e14-e08a-41e7-b5c6-fafb1b6276c8,BOS_DETECTED,4041.76,NO_SETUP,BOS_DETECTED,4036.6,4026.81,4068.29,4026.81,4036.59928,4052.44464,4068.29,4093.92464,4052.44464,4036.59928,4068.29,4068.29,True,True
2026-08-28T03:59:33.990045+00:00,f2ad7e14-e08a-41e7-b5c6-fafb1b6276c8,POINT_2_FOUND,4026.81,BOS_DETECTED,POINT_2_IDENTIFIED,4036.6,4026.81,4068.29,4026.81,4036.59928,4052.44464,4068.29,4093.92464,4052.44464,4036.59928,4068.29,4068.29,True,True
2026-08-28T03:59:33.990045+00:00,f2ad7e14-e08a-41e7-b5c6-fafb1b6276c8,SETUP_CREATED,4036.6,POINT_2_IDENTIFIED,FIB_ACTIVE,4036.6,4026.81,4068.29,4026.81,4036.59928,4052.44464,4068.29,4093.92464,4052.44464,4036.59928,4068.29,4068.29,True,True
2026-08-28T03:59:33.990045+00:00,f2ad7e14-e08a-41e7-b5c6-fafb1b6276c8,NEW_VALID_HIGH,4036.6,FIB_ACTIVE,TP_DYNAMIC,4036.6,4026.81,4068.29,4026.81,4036.59928,4052.44464,4068.29,4093.92464,4052.44464,4036.59928,4068.29,4068.29,True,True
2026-08-28T03:59:33.990045+00:00,f2ad7e14-e08a-41e7-b5c6-fafb1b6276c8,TP_UPDATED,4036.6,TP_DYNAMIC,TP_DYNAMIC,4036.6,4026.81,4068.29,4026.81,4036.59928,4052.44464,4068.29,4093.92464,4052.44464,4036.59928,4068.29,4068.29,True,True
2026-08-28T03:59:33.995605+00:00,f2ad7e14-e08a-41e7-b5c6-fafb1b6276c8,NEW_VALID_HIGH,4058.74,TP_DYNAMIC,TP_DYNAMIC,4036.6,4026.81,4068.29,4026.81,4036.59928,4052.44464,4068.29,4093.92464,4052.44464,4036.59928,4068.29,4068.29,True,True
2026-08-28T03:59:33.995605+00:00,f2ad7e14-e08a-41e7-b5c6-fafb1b6276c8,TP_UPDATED,4058.74,TP_DYNAMIC,TP_DYNAMIC,4036.6,4026.81,4068.29,4026.81,4036.59928,4052.44464,4068.29,4093.92464,4052.44464,4036.59928,4068.29,4068.29,True,True
2026-08-28T03:59:33.995605+00:00,f2ad7e14-e08a-41e7-b5c6-fafb1b6276c8,NEW_VALID_HIGH,4065.3,TP_DYNAMIC,TP_DYNAMIC,4036.6,4026.81,4068.29,4026.81,4036.59928,4052.44464,4068.29,4093.92464,4052.44464,4036.59928,4068.29,4068.29,True,True
2026-08-28T03:59:33.995605+00:00,f2ad7e14-e08a-41e7-b5c6-fafb1b6276c8,TP_UPDATED,4065.3,TP_DYNAMIC,TP_DYNAMIC,4036.6,4026.81,4068.29,4026.81,4036.59928,4052.44464,4068.29,4093.92464,4052.44464,4036.59928,4068.29,4068.29,True,True
2026-08-28T03:59:34.007804+00:00,f2ad7e14-e08a-41e7-b5c6-fafb1b6276c8,NEW_VALID_HIGH,4068.29,TP_DYNAMIC,TP_DYNAMIC,4036.6,4026.81,4068.29,4026.81,4036.59928,4052.44464,4068.29,4093.92464,4052.44464,4036.59928,4068.29,4068.29,True,True
2026-08-28T03:59:34.007804+00:00,f2ad7e14-e08a-41e7-b5c6-fafb1b6276c8,TP_UPDATED,4068.29,TP_DYNAMIC,TP_DYNAMIC,4036.6,4026.81,4068.29,4026.81,4036.59928,4052.44464,4068.29,4093.92464,4052.44464,4036.59928,4068.29,4068.29,True,True
2026-08-28T03:59:34.011955+00:00,f2ad7e14-e08a-41e7-b5c6-fafb1b6276c8,ENTRY_TOUCHED,4052.55,TP_DYNAMIC,ENTRY_TOUCHED,4036.6,4026.81,4068.29,4026.81,4036.59928,4052.44464,4068.29,4093.92464,4052.44464,4036.59928,4068.29,4068.29,True,True
2026-08-28T03:59:34.011955+00:00,f2ad7e14-e08a-41e7-b5c6-fafb1b6276c8,TP_LOCKED,4068.29,ENTRY_TOUCHED,TP_FROZEN,4036.6,4026.81,4068.29,4026.81,4036.59928,4052.44464,4068.29,4093.92464,4052.44464,4036.59928,4068.29,4068.29,True,True
2026-08-28T03:59:34.011955+00:00,f2ad7e14-e08a-41e7-b5c6-fafb1b6276c8,TP_HIT,4072.12,TP_FROZEN,COMPLETED,4036.6,4026.81,4068.29,4026.81,4036.59928,4052.44464,4068.29,4093.92464,4052.44464,4036.59928,4068.29,4068.29,True,True
2026-08-28T03:59:34.011955+00:00,14b3946d-bc24-465e-9b7c-7f619f9e3d31,BOS_DETECTED,4070.24,NO_SETUP,BOS_DETECTED,4068.29,4049.24,4068.29,4049.24,4053.7358,4061.0128999999997,4068.29,4080.0629,4061.0128999999997,4053.7358,4068.29,4068.29,True,True
2026-08-28T03:59:34.011955+00:00,14b3946d-bc24-465e-9b7c-7f619f9e3d31,POINT_2_FOUND,4049.24,BOS_DETECTED,POINT_2_IDENTIFIED,4068.29,4049.24,4068.29,4049.24,4053.7358,4061.0128999999997,4068.29,4080.0629,4061.0128999999997,4053.7358,4068.29,4068.29,True,True
2026-08-28T03:59:34.011955+00:00,14b3946d-bc24-465e-9b7c-7f619f9e3d31,SETUP_CREATED,4068.29,POINT_2_IDENTIFIED,FIB_ACTIVE,4068.29,4049.24,4068.29,4049.24,4053.7358,4061.0128999999997,4068.29,4080.0629,4061.0128999999997,4053.7358,4068.29,4068.29,True,True
2026-08-28T03:59:34.011955+00:00,14b3946d-bc24-465e-9b7c-7f619f9e3d31,NEW_VALID_HIGH,4068.29,FIB_ACTIVE,TP_DYNAMIC,4068.29,4049.24,4068.29,4049.24,4053.7358,4061.0128999999997,4068.29,4080.0629,4061.0128999999997,4053.7358,4068.29,4068.29,True,True
2026-08-28T03:59:34.011955+00:00,14b3946d-bc24-465e-9b7c-7f619f9e3d31,TP_UPDATED,4068.29,TP_DYNAMIC,TP_DYNAMIC,4068.29,4049.24,4068.29,4049.24,4053.7358,4061.0128999999997,4068.29,4080.0629,4061.0128999999997,4053.7358,4068.29,4068.29,True,True
2026-08-28T03:59:34.011955+00:00,14b3946d-bc24-465e-9b7c-7f619f9e3d31,ENTRY_TOUCHED,4070.24,TP_DYNAMIC,ENTRY_TOUCHED,4068.29,4049.24,4068.29,4049.24,4053.7358,4061.0128999999997,4068.29,4080.0629,4061.0128999999997,4053.7358,4068.29,4068.29,True,True
2026-08-28T03:59:34.011955+00:00,14b3946d-bc24-465e-9b7c-7f619f9e3d31,TP_LOCKED,4068.29,ENTRY_TOUCHED,TP_FROZEN,4068.29,4049.24,4068.29,4049.24,4053.7358,4061.0128999999997,4068.29,4080.0629,4061.0128999999997,4053.7358,4068.29,4068.29,True,True
2026-08-28T03:59:34.011955+00:00,14b3946d-bc24-465e-9b7c-7f619f9e3d31,TP_HIT,4064.67,TP_FROZEN,COMPLETED,4068.29,4049.24,4068.29,4049.24,4053.7358,4061.0128999999997,4068.29,4080.0629,4061.0128999999997,4053.7358,4068.29,4068.29,True,True
2026-08-28T03:59:34.011955+00:00,c1894bb2-eca1-45d8-8fd4-4095d11e44b3,BOS_DETECTED,4078.87,NO_SETUP,BOS_DETECTED,4074.39,4049.24,4086.81,4049.24,4058.10652,4072.45826,4086.81,4110.02826,4072.45826,4058.10652,4086.81,4086.81,True,True
2026-08-28T03:59:34.011955+00:00,c1894bb2-eca1-45d8-8fd4-4095d11e44b3,POINT_2_FOUND,4049.24,BOS_DETECTED,POINT_2_IDENTIFIED,4074.39,4049.24,4086.81,4049.24,4058.10652,4072.45826,4086.81,4110.02826,4072.45826,4058.10652,4086.81,4086.81,True,True
2026-08-28T03:59:34.011955+00:00,c1894bb2-eca1-45d8-8fd4-4095d11e44b3,SETUP_CREATED,4074.39,POINT_2_IDENTIFIED,FIB_ACTIVE,4074.39,4049.24,4086.81,4049.24,4058.10652,4072.45826,4086.81,4110.02826,4072.45826,4058.10652,4086.81,4086.81,True,True
2026-08-28T03:59:34.011955+00:00,c1894bb2-eca1-45d8-8fd4-4095d11e44b3,NEW_VALID_HIGH,4074.39,FIB_ACTIVE,TP_DYNAMIC,4074.39,4049.24,4086.81,4049.24,4058.10652,4072.45826,4086.81,4110.02826,4072.45826,4058.10652,4086.81,4086.81,True,True
2026-08-28T03:59:34.011955+00:00,c1894bb2-eca1-45d8-8fd4-4095d11e44b3,TP_UPDATED,4074.39,TP_DYNAMIC,TP_DYNAMIC,4074.39,4049.24,4086.81,4049.24,4058.10652,4072.45826,4086.81,4110.02826,4072.45826,4058.10652,4086.81,4086.81,True,True
2026-08-28T03:59:34.021394+00:00,c1894bb2-eca1-45d8-8fd4-4095d11e44b3,NEW_VALID_HIGH,4086.81,TP_DYNAMIC,TP_DYNAMIC,4074.39,4049.24,4086.81,4049.24,4058.10652,4072.45826,4086.81,4110.02826,4072.45826,4058.10652,4086.81,4086.81,True,True
2026-08-28T03:59:34.021394+00:00,c1894bb2-eca1-45d8-8fd4-4095d11e44b3,TP_UPDATED,4086.81,TP_DYNAMIC,TP_DYNAMIC,4074.39,4049.24,4086.81,4049.24,4058.10652,4072.45826,4086.81,4110.02826,4072.45826,4058.10652,4086.81,4086.81,True,True
2026-08-28T03:59:34.023799+00:00,c1894bb2-eca1-45d8-8fd4-4095d11e44b3,ENTRY_TOUCHED,4072.13,TP_DYNAMIC,ENTRY_TOUCHED,4074.39,4049.24,4086.81,4049.24,4058.10652,4072.45826,4086.81,4110.02826,4072.45826,4058.10652,4086.81,4086.81,True,True
2026-08-28T03:59:34.023799+00:00,c1894bb2-eca1-45d8-8fd4-4095d11e44b3,TP_LOCKED,4086.81,ENTRY_TOUCHED,TP_FROZEN,4074.39,4049.24,4086.81,4049.24,4058.10652,4072.45826,4086.81,4110.02826,4072.45826,4058.10652,4086.81,4086.81,True,True
2026-08-28T03:59:34.029321+00:00,c1894bb2-eca1-45d8-8fd4-4095d11e44b3,SL_HIT,4056.98,TP_FROZEN,COMPLETED,4074.39,4049.24,4086.81,4049.24,4058.10652,4072.45826,4086.81,4110.02826,4072.45826,4058.10652,4086.81,4086.81,True,True
2026-08-28T03:59:34.036766+00:00,c89d98f5-da94-40aa-80bf-87c78efc1261,BOS_DETECTED,4061.79,NO_SETUP,BOS_DETECTED,4061.66,4056.46,4064.23,4056.46,4058.29372,4061.26186,4064.23,4069.03186,4061.26186,4058.29372,4064.23,4064.23,True,True
2026-08-28T03:59:34.036766+00:00,c89d98f5-da94-40aa-80bf-87c78efc1261,POINT_2_FOUND,4056.46,BOS_DETECTED,POINT_2_IDENTIFIED,4061.66,4056.46,4064.23,4056.46,4058.29372,4061.26186,4064.23,4069.03186,4061.26186,4058.29372,4064.23,4064.23,True,True
2026-08-28T03:59:34.036766+00:00,c89d98f5-da94-40aa-80bf-87c78efc1261,SETUP_CREATED,4061.66,POINT_2_IDENTIFIED,FIB_ACTIVE,4061.66,4056.46,4064.23,4056.46,4058.29372,4061.26186,4064.23,4069.03186,4061.26186,4058.29372,4064.23,4064.23,True,True
2026-08-28T03:59:34.036766+00:00,c89d98f5-da94-40aa-80bf-87c78efc1261,NEW_VALID_HIGH,4061.66,FIB_ACTIVE,TP_DYNAMIC,4061.66,4056.46,4064.23,4056.46,4058.29372,4061.26186,4064.23,4069.03186,4061.26186,4058.29372,4064.23,4064.23,True,True
2026-08-28T03:59:34.036766+00:00,c89d98f5-da94-40aa-80bf-87c78efc1261,TP_UPDATED,4061.66,TP_DYNAMIC,TP_DYNAMIC,4061.66,4056.46,4064.23,4056.46,4058.29372,4061.26186,4064.23,4069.03186,4061.26186,4058.29372,4064.23,4064.23,True,True
2026-08-28T03:59:34.045009+00:00,c89d98f5-da94-40aa-80bf-87c78efc1261,NEW_VALID_HIGH,4064.23,TP_DYNAMIC,TP_DYNAMIC,4061.66,4056.46,4064.23,4056.46,4058.29372,4061.26186,4064.23,4069.03186,4061.26186,4058.29372,4064.23,4064.23,True,True
2026-08-28T03:59:34.045009+00:00,c89d98f5-da94-40aa-80bf-87c78efc1261,TP_UPDATED,4064.23,TP_DYNAMIC,TP_DYNAMIC,4061.66,4056.46,4064.23,4056.46,4058.29372,4061.26186,4064.23,4069.03186,4061.26186,4058.29372,4064.23,4064.23,True,True
2026-08-28T03:59:34.045009+00:00,c89d98f5-da94-40aa-80bf-87c78efc1261,ENTRY_TOUCHED,4060.93,TP_DYNAMIC,ENTRY_TOUCHED,4061.66,4056.46,4064.23,4056.46,4058.29372,4061.26186,4064.23,4069.03186,4061.26186,4058.29372,4064.23,4064.23,True,True
2026-08-28T03:59:34.045009+00:00,c89d98f5-da94-40aa-80bf-87c78efc1261,TP_LOCKED,4064.23,ENTRY_TOUCHED,TP_FROZEN,4061.66,4056.46,4064.23,4056.46,4058.29372,4061.26186,4064.23,4069.03186,4061.26186,4058.29372,4064.23,4064.23,True,True
2026-08-28T03:59:34.053603+00:00,c89d98f5-da94-40aa-80bf-87c78efc1261,SL_HIT,4058.42,TP_FROZEN,COMPLETED,4061.66,4056.46,4064.23,4056.46,4058.29372,4061.26186,4064.23,4069.03186,4061.26186,4058.29372,4064.23,4064.23,True,True
2026-08-28T03:59:34.078449+00:00,03634e67-052b-4c74-a306-cbd3ae4c5a83,BOS_DETECTED,4060.15,NO_SETUP,BOS_DETECTED,4059.99,4057.85,4059.99,4057.85,4058.35504,4059.1725199999996,4059.99,4061.3125199999995,4059.1725199999996,4058.35504,4059.99,4059.99,True,True
2026-08-28T03:59:34.078449+00:00,03634e67-052b-4c74-a306-cbd3ae4c5a83,POINT_2_FOUND,4057.85,BOS_DETECTED,POINT_2_IDENTIFIED,4059.99,4057.85,4059.99,4057.85,4058.35504,4059.1725199999996,4059.99,4061.3125199999995,4059.1725199999996,4058.35504,4059.99,4059.99,True,True
2026-08-28T03:59:34.078449+00:00,03634e67-052b-4c74-a306-cbd3ae4c5a83,SETUP_CREATED,4059.99,POINT_2_IDENTIFIED,FIB_ACTIVE,4059.99,4057.85,4059.99,4057.85,4058.35504,4059.1725199999996,4059.99,4061.3125199999995,4059.1725199999996,4058.35504,4059.99,4059.99,True,True
2026-08-28T03:59:34.078449+00:00,03634e67-052b-4c74-a306-cbd3ae4c5a83,NEW_VALID_HIGH,4059.99,FIB_ACTIVE,TP_DYNAMIC,4059.99,4057.85,4059.99,4057.85,4058.35504,4059.1725199999996,4059.99,4061.3125199999995,4059.1725199999996,4058.35504,4059.99,4059.99,True,True
2026-08-28T03:59:34.078449+00:00,03634e67-052b-4c74-a306-cbd3ae4c5a83,TP_UPDATED,4059.99,TP_DYNAMIC,TP_DYNAMIC,4059.99,4057.85,4059.99,4057.85,4058.35504,4059.1725199999996,4059.99,4061.3125199999995,4059.1725199999996,4058.35504,4059.99,4059.99,True,True
2026-08-28T03:59:34.078449+00:00,03634e67-052b-4c74-a306-cbd3ae4c5a83,ENTRY_TOUCHED,4060.15,TP_DYNAMIC,ENTRY_TOUCHED,4059.99,4057.85,4059.99,4057.85,4058.35504,4059.1725199999996,4059.99,4061.3125199999995,4059.1725199999996,4058.35504,4059.99,4059.99,True,True
2026-08-28T03:59:34.078449+00:00,03634e67-052b-4c74-a306-cbd3ae4c5a83,TP_LOCKED,4059.99,ENTRY_TOUCHED,TP_FROZEN,4059.99,4057.85,4059.99,4057.85,4058.35504,4059.1725199999996,4059.99,4061.3125199999995,4059.1725199999996,4058.35504,4059.99,4059.99,True,True
2026-08-28T03:59:34.078449+00:00,03634e67-052b-4c74-a306-cbd3ae4c5a83,TP_HIT,4060.59,TP_FROZEN,COMPLETED,4059.99,4057.85,4059.99,4057.85,4058.35504,4059.1725199999996,4059.99,4061.3125199999995,4059.1725199999996,4058.35504,4059.99,4059.99,True,True
2026-08-28T03:59:34.078449+00:00,48f3228c-b97a-45c8-a17d-3f570d31ead7,BOS_DETECTED,4060.2,NO_SETUP,BOS_DETECTED,4059.99,4057.85,4061.48,4057.85,4058.70668,4060.09334,4061.48,4063.72334,4060.09334,4058.70668,4061.48,4061.48,True,True
2026-08-28T03:59:34.078449+00:00,48f3228c-b97a-45c8-a17d-3f570d31ead7,POINT_2_FOUND,4057.85,BOS_DETECTED,POINT_2_IDENTIFIED,4059.99,4057.85,4061.48,4057.85,4058.70668,4060.09334,4061.48,4063.72334,4060.09334,4058.70668,4061.48,4061.48,True,True
2026-08-28T03:59:34.078449+00:00,48f3228c-b97a-45c8-a17d-3f570d31ead7,SETUP_CREATED,4059.99,POINT_2_IDENTIFIED,FIB_ACTIVE,4059.99,4057.85,4061.48,4057.85,4058.70668,4060.09334,4061.48,4063.72334,4060.09334,4058.70668,4061.48,4061.48,True,True
2026-08-28T03:59:34.078449+00:00,48f3228c-b97a-45c8-a17d-3f570d31ead7,NEW_VALID_HIGH,4059.99,FIB_ACTIVE,TP_DYNAMIC,4059.99,4057.85,4061.48,4057.85,4058.70668,4060.09334,4061.48,4063.72334,4060.09334,4058.70668,4061.48,4061.48,True,True
2026-08-28T03:59:34.078449+00:00,48f3228c-b97a-45c8-a17d-3f570d31ead7,TP_UPDATED,4059.99,TP_DYNAMIC,TP_DYNAMIC,4059.99,4057.85,4061.48,4057.85,4058.70668,4060.09334,4061.48,4063.72334,4060.09334,4058.70668,4061.48,4061.48,True,True
2026-08-28T03:59:34.078449+00:00,48f3228c-b97a-45c8-a17d-3f570d31ead7,NEW_VALID_HIGH,4061.48,TP_DYNAMIC,TP_DYNAMIC,4059.99,4057.85,4061.48,4057.85,4058.70668,4060.09334,4061.48,4063.72334,4060.09334,4058.70668,4061.48,4061.48,True,True
2026-08-28T03:59:34.078449+00:00,48f3228c-b97a-45c8-a17d-3f570d31ead7,TP_UPDATED,4061.48,TP_DYNAMIC,TP_DYNAMIC,4059.99,4057.85,4061.48,4057.85,4058.70668,4060.09334,4061.48,4063.72334,4060.09334,4058.70668,4061.48,4061.48,True,True
2026-08-28T03:59:34.078449+00:00,48f3228c-b97a-45c8-a17d-3f570d31ead7,ENTRY_TOUCHED,4060.15,TP_DYNAMIC,ENTRY_TOUCHED,4059.99,4057.85,4061.48,4057.85,4058.70668,4060.09334,4061.48,4063.72334,4060.09334,4058.70668,4061.48,4061.48,True,True
2026-08-28T03:59:34.078449+00:00,48f3228c-b97a-45c8-a17d-3f570d31ead7,TP_LOCKED,4061.48,ENTRY_TOUCHED,TP_FROZEN,4059.99,4057.85,4061.48,4057.85,4058.70668,4060.09334,4061.48,4063.72334,4060.09334,4058.70668,4061.48,4061.48,True,True
2026-08-28T03:59:34.086848+00:00,48f3228c-b97a-45c8-a17d-3f570d31ead7,TP_HIT,4063.28,TP_FROZEN,COMPLETED,4059.99,4057.85,4061.48,4057.85,4058.70668,4060.09334,4061.48,4063.72334,4060.09334,4058.70668,4061.48,4061.48,True,True
2026-08-28T03:59:34.098382+00:00,439e03d2-aa28-4a97-8f9b-72b2c4bcbc3c,BOS_DETECTED,4064.48,NO_SETUP,BOS_DETECTED,4064.23,4061.6,4065.75,4061.6,4062.22068,4063.22534,4064.23,4065.85534,4063.22534,4062.22068,4064.23,4064.23,True,True
2026-08-28T03:59:34.098382+00:00,439e03d2-aa28-4a97-8f9b-72b2c4bcbc3c,POINT_2_FOUND,4061.6,BOS_DETECTED,POINT_2_IDENTIFIED,4064.23,4061.6,4065.75,4061.6,4062.22068,4063.22534,4064.23,4065.85534,4063.22534,4062.22068,4064.23,4064.23,True,True
2026-08-28T03:59:34.098382+00:00,439e03d2-aa28-4a97-8f9b-72b2c4bcbc3c,SETUP_CREATED,4064.23,POINT_2_IDENTIFIED,FIB_ACTIVE,4064.23,4061.6,4065.75,4061.6,4062.22068,4063.22534,4064.23,4065.85534,4063.22534,4062.22068,4064.23,4064.23,True,True
2026-08-28T03:59:34.098382+00:00,439e03d2-aa28-4a97-8f9b-72b2c4bcbc3c,NEW_VALID_HIGH,4064.23,FIB_ACTIVE,TP_DYNAMIC,4064.23,4061.6,4065.75,4061.6,4062.22068,4063.22534,4064.23,4065.85534,4063.22534,4062.22068,4064.23,4064.23,True,True
2026-08-28T03:59:34.098382+00:00,439e03d2-aa28-4a97-8f9b-72b2c4bcbc3c,TP_UPDATED,4064.23,TP_DYNAMIC,TP_DYNAMIC,4064.23,4061.6,4065.75,4061.6,4062.22068,4063.22534,4064.23,4065.85534,4063.22534,4062.22068,4064.23,4064.23,True,True
2026-08-28T03:59:34.103453+00:00,439e03d2-aa28-4a97-8f9b-72b2c4bcbc3c,ENTRY_TOUCHED,4063.89,TP_DYNAMIC,ENTRY_TOUCHED,4064.23,4061.6,4065.75,4061.6,4062.22068,4063.22534,4064.23,4065.85534,4063.22534,4062.22068,4064.23,4064.23,True,True
2026-08-28T03:59:34.103453+00:00,439e03d2-aa28-4a97-8f9b-72b2c4bcbc3c,TP_LOCKED,4064.23,ENTRY_TOUCHED,TP_FROZEN,4064.23,4061.6,4065.75,4061.6,4062.22068,4063.22534,4064.23,4065.85534,4063.22534,4062.22068,4064.23,4064.23,True,True
2026-08-28T03:59:34.103453+00:00,439e03d2-aa28-4a97-8f9b-72b2c4bcbc3c,POST_ENTRY_HIGH_IGNORED,4065.75,TP_FROZEN,TP_FROZEN,4064.23,4061.6,4065.75,4061.6,4062.22068,4063.22534,4064.23,4065.85534,4063.22534,4062.22068,4064.23,4064.23,True,True
2026-08-28T03:59:34.103453+00:00,439e03d2-aa28-4a97-8f9b-72b2c4bcbc3c,TP_HIT,4064.54,TP_FROZEN,COMPLETED,4064.23,4061.6,4065.75,4061.6,4062.22068,4063.22534,4064.23,4065.85534,4063.22534,4062.22068,4064.23,4064.23,True,True
2026-08-28T03:59:34.119820+00:00,0e734af4-da00-4a28-a598-f0861b6559a2,BOS_DETECTED,4062.97,NO_SETUP,BOS_DETECTED,4062.95,4062.42,4062.95,4062.42,4062.54508,4062.74754,4062.95,4063.2775399999996,4062.74754,4062.54508,4062.95,4062.95,True,True
2026-08-28T03:59:34.119820+00:00,0e734af4-da00-4a28-a598-f0861b6559a2,POINT_2_FOUND,4062.42,BOS_DETECTED,POINT_2_IDENTIFIED,4062.95,4062.42,4062.95,4062.42,4062.54508,4062.74754,4062.95,4063.2775399999996,4062.74754,4062.54508,4062.95,4062.95,True,True
2026-08-28T03:59:34.128201+00:00,0e734af4-da00-4a28-a598-f0861b6559a2,SETUP_CREATED,4062.95,POINT_2_IDENTIFIED,FIB_ACTIVE,4062.95,4062.42,4062.95,4062.42,4062.54508,4062.74754,4062.95,4063.2775399999996,4062.74754,4062.54508,4062.95,4062.95,True,True
2026-08-28T03:59:34.128201+00:00,0e734af4-da00-4a28-a598-f0861b6559a2,NEW_VALID_HIGH,4062.95,FIB_ACTIVE,TP_DYNAMIC,4062.95,4062.42,4062.95,4062.42,4062.54508,4062.74754,4062.95,4063.2775399999996,4062.74754,4062.54508,4062.95,4062.95,True,True
2026-08-28T03:59:34.128201+00:00,0e734af4-da00-4a28-a598-f0861b6559a2,TP_UPDATED,4062.95,TP_DYNAMIC,TP_DYNAMIC,4062.95,4062.42,4062.95,4062.42,4062.54508,4062.74754,4062.95,4063.2775399999996,4062.74754,4062.54508,4062.95,4062.95,True,True
2026-08-28T03:59:34.128201+00:00,0e734af4-da00-4a28-a598-f0861b6559a2,ENTRY_TOUCHED,4062.97,TP_DYNAMIC,ENTRY_TOUCHED,4062.95,4062.42,4062.95,4062.42,4062.54508,4062.74754,4062.95,4063.2775399999996,4062.74754,4062.54508,4062.95,4062.95,True,True
2026-08-28T03:59:34.128201+00:00,0e734af4-da00-4a28-a598-f0861b6559a2,TP_LOCKED,4062.95,ENTRY_TOUCHED,TP_FROZEN,4062.95,4062.42,4062.95,4062.42,4062.54508,4062.74754,4062.95,4063.2775399999996,4062.74754,4062.54508,4062.95,4062.95,True,True
2026-08-28T03:59:34.128201+00:00,0e734af4-da00-4a28-a598-f0861b6559a2,TP_HIT,4063.33,TP_FROZEN,COMPLETED,4062.95,4062.42,4062.95,4062.42,4062.54508,4062.74754,4062.95,4063.2775399999996,4062.74754,4062.54508,4062.95,4062.95,True,True
2026-08-28T03:59:34.128201+00:00,4629b15c-564a-4985-ae00-308ae5756860,BOS_DETECTED,4065.86,NO_SETUP,BOS_DETECTED,4064.6,4062.42,4067.85,4062.42,4063.70148,4065.77574,4067.85,4071.20574,4065.77574,4063.70148,4067.85,4067.85,True,True
2026-08-28T03:59:34.128201+00:00,4629b15c-564a-4985-ae00-308ae5756860,POINT_2_FOUND,4062.42,BOS_DETECTED,POINT_2_IDENTIFIED,4064.6,4062.42,4067.85,4062.42,4063.70148,4065.77574,4067.85,4071.20574,4065.77574,4063.70148,4067.85,4067.85,True,True
2026-08-28T03:59:34.128201+00:00,4629b15c-564a-4985-ae00-308ae5756860,SETUP_CREATED,4064.6,POINT_2_IDENTIFIED,FIB_ACTIVE,4064.6,4062.42,4067.85,4062.42,4063.70148,4065.77574,4067.85,4071.20574,4065.77574,4063.70148,4067.85,4067.85,True,True
2026-08-28T03:59:34.128201+00:00,4629b15c-564a-4985-ae00-308ae5756860,NEW_VALID_HIGH,4064.6,FIB_ACTIVE,TP_DYNAMIC,4064.6,4062.42,4067.85,4062.42,4063.70148,4065.77574,4067.85,4071.20574,4065.77574,4063.70148,4067.85,4067.85,True,True
2026-08-28T03:59:34.128201+00:00,4629b15c-564a-4985-ae00-308ae5756860,TP_UPDATED,4064.6,TP_DYNAMIC,TP_DYNAMIC,4064.6,4062.42,4067.85,4062.42,4063.70148,4065.77574,4067.85,4071.20574,4065.77574,4063.70148,4067.85,4067.85,True,True
2026-08-28T03:59:34.128201+00:00,4629b15c-564a-4985-ae00-308ae5756860,NEW_VALID_HIGH,4067.85,TP_DYNAMIC,TP_DYNAMIC,4064.6,4062.42,4067.85,4062.42,4063.70148,4065.77574,4067.85,4071.20574,4065.77574,4063.70148,4067.85,4067.85,True,True
2026-08-28T03:59:34.128201+00:00,4629b15c-564a-4985-ae00-308ae5756860,TP_UPDATED,4067.85,TP_DYNAMIC,TP_DYNAMIC,4064.6,4062.42,4067.85,4062.42,4063.70148,4065.77574,4067.85,4071.20574,4065.77574,4063.70148,4067.85,4067.85,True,True
2026-08-28T03:59:34.128201+00:00,4629b15c-564a-4985-ae00-308ae5756860,ENTRY_TOUCHED,4065.87,TP_DYNAMIC,ENTRY_TOUCHED,4064.6,4062.42,4067.85,4062.42,4063.70148,4065.77574,4067.85,4071.20574,4065.77574,4063.70148,4067.85,4067.85,True,True
2026-08-28T03:59:34.128201+00:00,4629b15c-564a-4985-ae00-308ae5756860,TP_LOCKED,4067.85,ENTRY_TOUCHED,TP_FROZEN,4064.6,4062.42,4067.85,4062.42,4063.70148,4065.77574,4067.85,4071.20574,4065.77574,4063.70148,4067.85,4067.85,True,True
2026-08-28T03:59:34.128201+00:00,4629b15c-564a-4985-ae00-308ae5756860,SL_HIT,4063.57,TP_FROZEN,COMPLETED,4064.6,4062.42,4067.85,4062.42,4063.70148,4065.77574,4067.85,4071.20574,4065.77574,4063.70148,4067.85,4067.85,True,True
2026-08-28T03:59:34.144658+00:00,a4c6feb6-cf63-48e6-8899-0cceda22e36f,BOS_DETECTED,4066.76,NO_SETUP,BOS_DETECTED,4066.75,4063.22,4072.8,4063.22,4065.48088,4069.14044,4072.8,4078.7204400000005,4069.14044,4065.48088,4072.8,4072.8,True,True
2026-08-28T03:59:34.144658+00:00,a4c6feb6-cf63-48e6-8899-0cceda22e36f,POINT_2_FOUND,4063.22,BOS_DETECTED,POINT_2_IDENTIFIED,4066.75,4063.22,4072.8,4063.22,4065.48088,4069.14044,4072.8,4078.7204400000005,4069.14044,4065.48088,4072.8,4072.8,True,True
2026-08-28T03:59:34.144658+00:00,a4c6feb6-cf63-48e6-8899-0cceda22e36f,SETUP_CREATED,4066.75,POINT_2_IDENTIFIED,FIB_ACTIVE,4066.75,4063.22,4072.8,4063.22,4065.48088,4069.14044,4072.8,4078.7204400000005,4069.14044,4065.48088,4072.8,4072.8,True,True
2026-08-28T03:59:34.144658+00:00,a4c6feb6-cf63-48e6-8899-0cceda22e36f,NEW_VALID_HIGH,4066.75,FIB_ACTIVE,TP_DYNAMIC,4066.75,4063.22,4072.8,4063.22,4065.48088,4069.14044,4072.8,4078.7204400000005,4069.14044,4065.48088,4072.8,4072.8,True,True
2026-08-28T03:59:34.144658+00:00,a4c6feb6-cf63-48e6-8899-0cceda22e36f,TP_UPDATED,4066.75,TP_DYNAMIC,TP_DYNAMIC,4066.75,4063.22,4072.8,4063.22,4065.48088,4069.14044,4072.8,4078.7204400000005,4069.14044,4065.48088,4072.8,4072.8,True,True
2026-08-28T03:59:34.144658+00:00,a4c6feb6-cf63-48e6-8899-0cceda22e36f,NEW_VALID_HIGH,4072.8,TP_DYNAMIC,TP_DYNAMIC,4066.75,4063.22,4072.8,4063.22,4065.48088,4069.14044,4072.8,4078.7204400000005,4069.14044,4065.48088,4072.8,4072.8,True,True
2026-08-28T03:59:34.144658+00:00,a4c6feb6-cf63-48e6-8899-0cceda22e36f,TP_UPDATED,4072.8,TP_DYNAMIC,TP_DYNAMIC,4066.75,4063.22,4072.8,4063.22,4065.48088,4069.14044,4072.8,4078.7204400000005,4069.14044,4065.48088,4072.8,4072.8,True,True
2026-08-28T03:59:34.144658+00:00,a4c6feb6-cf63-48e6-8899-0cceda22e36f,ENTRY_TOUCHED,4069.27,TP_DYNAMIC,ENTRY_TOUCHED,4066.75,4063.22,4072.8,4063.22,4065.48088,4069.14044,4072.8,4078.7204400000005,4069.14044,4065.48088,4072.8,4072.8,True,True
2026-08-28T03:59:34.144658+00:00,a4c6feb6-cf63-48e6-8899-0cceda22e36f,TP_LOCKED,4072.8,ENTRY_TOUCHED,TP_FROZEN,4066.75,4063.22,4072.8,4063.22,4065.48088,4069.14044,4072.8,4078.7204400000005,4069.14044,4065.48088,4072.8,4072.8,True,True
2026-08-28T03:59:34.162865+00:00,a4c6feb6-cf63-48e6-8899-0cceda22e36f,TP_HIT,4072.36,TP_FROZEN,COMPLETED,4066.75,4063.22,4072.8,4063.22,4065.48088,4069.14044,4072.8,4078.7204400000005,4069.14044,4065.48088,4072.8,4072.8,True,True
2026-08-28T03:59:34.177756+00:00,5e47d411-1bf3-44ed-bb82-c4889ebaf510,BOS_DETECTED,4075.2,NO_SETUP,BOS_DETECTED,4073.75,4072.05,4073.75,4072.05,4072.4512,4073.1006,4073.75,4074.8006,4073.1006,4072.4512,4073.75,4073.75,True,True
2026-08-28T03:59:34.177756+00:00,5e47d411-1bf3-44ed-bb82-c4889ebaf510,POINT_2_FOUND,4072.05,BOS_DETECTED,POINT_2_IDENTIFIED,4073.75,4072.05,4073.75,4072.05,4072.4512,4073.1006,4073.75,4074.8006,4073.1006,4072.4512,4073.75,4073.75,True,True
2026-08-28T03:59:34.177756+00:00,5e47d411-1bf3-44ed-bb82-c4889ebaf510,SETUP_CREATED,4073.75,POINT_2_IDENTIFIED,FIB_ACTIVE,4073.75,4072.05,4073.75,4072.05,4072.4512,4073.1006,4073.75,4074.8006,4073.1006,4072.4512,4073.75,4073.75,True,True
2026-08-28T03:59:34.177756+00:00,5e47d411-1bf3-44ed-bb82-c4889ebaf510,NEW_VALID_HIGH,4073.75,FIB_ACTIVE,TP_DYNAMIC,4073.75,4072.05,4073.75,4072.05,4072.4512,4073.1006,4073.75,4074.8006,4073.1006,4072.4512,4073.75,4073.75,True,True
2026-08-28T03:59:34.177756+00:00,5e47d411-1bf3-44ed-bb82-c4889ebaf510,TP_UPDATED,4073.75,TP_DYNAMIC,TP_DYNAMIC,4073.75,4072.05,4073.75,4072.05,4072.4512,4073.1006,4073.75,4074.8006,4073.1006,4072.4512,4073.75,4073.75,True,True
2026-08-28T03:59:34.177756+00:00,5e47d411-1bf3-44ed-bb82-c4889ebaf510,ENTRY_TOUCHED,4075.2,TP_DYNAMIC,ENTRY_TOUCHED,4073.75,4072.05,4073.75,4072.05,4072.4512,4073.1006,4073.75,4074.8006,4073.1006,4072.4512,4073.75,4073.75,True,True
2026-08-28T03:59:34.177756+00:00,5e47d411-1bf3-44ed-bb82-c4889ebaf510,TP_LOCKED,4073.75,ENTRY_TOUCHED,TP_FROZEN,4073.75,4072.05,4073.75,4072.05,4072.4512,4073.1006,4073.75,4074.8006,4073.1006,4072.4512,4073.75,4073.75,True,True
2026-08-28T03:59:34.177756+00:00,5e47d411-1bf3-44ed-bb82-c4889ebaf510,TP_HIT,4077.78,TP_FROZEN,COMPLETED,4073.75,4072.05,4073.75,4072.05,4072.4512,4073.1006,4073.75,4074.8006,4073.1006,4072.4512,4073.75,4073.75,True,True
2026-08-28T03:59:34.185902+00:00,b0c3d4aa-1a70-43db-9117-f0708eb61f0a,BOS_DETECTED,4119.37,NO_SETUP,BOS_DETECTED,4100.0,4072.06,4120.43,4072.06,4083.47532,4101.95266,4120.43,4150.322660000001,4101.95266,4083.47532,4120.43,4120.43,True,True
2026-08-28T03:59:34.185902+00:00,b0c3d4aa-1a70-43db-9117-f0708eb61f0a,POINT_2_FOUND,4072.06,BOS_DETECTED,POINT_2_IDENTIFIED,4100.0,4072.06,4120.43,4072.06,4083.47532,4101.95266,4120.43,4150.322660000001,4101.95266,4083.47532,4120.43,4120.43,True,True
2026-08-28T03:59:34.185902+00:00,b0c3d4aa-1a70-43db-9117-f0708eb61f0a,SETUP_CREATED,4100.0,POINT_2_IDENTIFIED,FIB_ACTIVE,4100.0,4072.06,4120.43,4072.06,4083.47532,4101.95266,4120.43,4150.322660000001,4101.95266,4083.47532,4120.43,4120.43,True,True
2026-08-28T03:59:34.185902+00:00,b0c3d4aa-1a70-43db-9117-f0708eb61f0a,NEW_VALID_HIGH,4100.0,FIB_ACTIVE,TP_DYNAMIC,4100.0,4072.06,4120.43,4072.06,4083.47532,4101.95266,4120.43,4150.322660000001,4101.95266,4083.47532,4120.43,4120.43,True,True
2026-08-28T03:59:34.185902+00:00,b0c3d4aa-1a70-43db-9117-f0708eb61f0a,TP_UPDATED,4100.0,TP_DYNAMIC,TP_DYNAMIC,4100.0,4072.06,4120.43,4072.06,4083.47532,4101.95266,4120.43,4150.322660000001,4101.95266,4083.47532,4120.43,4120.43,True,True
2026-08-28T03:59:34.185902+00:00,b0c3d4aa-1a70-43db-9117-f0708eb61f0a,NEW_VALID_HIGH,4120.43,TP_DYNAMIC,TP_DYNAMIC,4100.0,4072.06,4120.43,4072.06,4083.47532,4101.95266,4120.43,4150.322660000001,4101.95266,4083.47532,4120.43,4120.43,True,True
2026-08-28T03:59:34.185902+00:00,b0c3d4aa-1a70-43db-9117-f0708eb61f0a,TP_UPDATED,4120.43,TP_DYNAMIC,TP_DYNAMIC,4100.0,4072.06,4120.43,4072.06,4083.47532,4101.95266,4120.43,4150.322660000001,4101.95266,4083.47532,4120.43,4120.43,True,True
2026-08-28T03:59:34.185902+00:00,b0c3d4aa-1a70-43db-9117-f0708eb61f0a,ENTRY_TOUCHED,4102.96,TP_DYNAMIC,ENTRY_TOUCHED,4100.0,4072.06,4120.43,4072.06,4083.47532,4101.95266,4120.43,4150.322660000001,4101.95266,4083.47532,4120.43,4120.43,True,True
2026-08-28T03:59:34.193955+00:00,b0c3d4aa-1a70-43db-9117-f0708eb61f0a,TP_LOCKED,4120.43,ENTRY_TOUCHED,TP_FROZEN,4100.0,4072.06,4120.43,4072.06,4083.47532,4101.95266,4120.43,4150.322660000001,4101.95266,4083.47532,4120.43,4120.43,True,True
2026-08-28T03:59:34.227190+00:00,b0c3d4aa-1a70-43db-9117-f0708eb61f0a,SL_HIT,4079.9,TP_FROZEN,COMPLETED,4100.0,4072.06,4120.43,4072.06,4083.47532,4101.95266,4120.43,4150.322660000001,4101.95266,4083.47532,4120.43,4120.43,True,True
2026-08-28T03:59:34.244313+00:00,c728a56e-3a3f-4dba-ac4b-4f5c07750d74,BOS_DETECTED,4084.53,NO_SETUP,BOS_DETECTED,4083.48,4075.56,4093.75,4075.56,4079.85284,4086.80142,4093.75,4104.99142,4086.80142,4079.85284,4093.75,,False,False
2026-08-28T03:59:34.244313+00:00,c728a56e-3a3f-4dba-ac4b-4f5c07750d74,POINT_2_FOUND,4075.56,BOS_DETECTED,POINT_2_IDENTIFIED,4083.48,4075.56,4093.75,4075.56,4079.85284,4086.80142,4093.75,4104.99142,4086.80142,4079.85284,4093.75,,False,False
2026-08-28T03:59:34.244313+00:00,c728a56e-3a3f-4dba-ac4b-4f5c07750d74,SETUP_CREATED,4083.48,POINT_2_IDENTIFIED,FIB_ACTIVE,4083.48,4075.56,4093.75,4075.56,4079.85284,4086.80142,4093.75,4104.99142,4086.80142,4079.85284,4093.75,,False,False
2026-08-28T03:59:34.244313+00:00,c728a56e-3a3f-4dba-ac4b-4f5c07750d74,NEW_VALID_HIGH,4083.48,FIB_ACTIVE,TP_DYNAMIC,4083.48,4075.56,4093.75,4075.56,4079.85284,4086.80142,4093.75,4104.99142,4086.80142,4079.85284,4093.75,,False,False
2026-08-28T03:59:34.244313+00:00,c728a56e-3a3f-4dba-ac4b-4f5c07750d74,TP_UPDATED,4083.48,TP_DYNAMIC,TP_DYNAMIC,4083.48,4075.56,4093.75,4075.56,4079.85284,4086.80142,4093.75,4104.99142,4086.80142,4079.85284,4093.75,,False,False
2026-08-28T03:59:34.244313+00:00,c728a56e-3a3f-4dba-ac4b-4f5c07750d74,NEW_VALID_HIGH,4093.75,TP_DYNAMIC,TP_DYNAMIC,4083.48,4075.56,4093.75,4075.56,4079.85284,4086.80142,4093.75,4104.99142,4086.80142,4079.85284,4093.75,,False,False
2026-08-28T03:59:34.244313+00:00,c728a56e-3a3f-4dba-ac4b-4f5c07750d74,TP_UPDATED,4093.75,TP_DYNAMIC,TP_DYNAMIC,4083.48,4075.56,4093.75,4075.56,4079.85284,4086.80142,4093.75,4104.99142,4086.80142,4079.85284,4093.75,,False,False
2026-08-28T03:59:34.260748+00:00,c728a56e-3a3f-4dba-ac4b-4f5c07750d74,INVALIDATED,4070.85,TP_DYNAMIC,INVALIDATED,4083.48,4075.56,4093.75,4075.56,4079.85284,4086.80142,4093.75,4104.99142,4086.80142,4079.85284,4093.75,,False,False
2026-08-28T03:59:34.294637+00:00,7b72418e-cd2e-4ced-867a-ff320b992aaf,BOS_DETECTED,4038.81,NO_SETUP,BOS_DETECTED,4036.5,4022.0,4036.5,4022.0,4025.422,4030.961,4036.5,4045.461,4030.961,4025.422,4036.5,4036.5,True,True
2026-08-28T03:59:34.294637+00:00,7b72418e-cd2e-4ced-867a-ff320b992aaf,POINT_2_FOUND,4022.0,BOS_DETECTED,POINT_2_IDENTIFIED,4036.5,4022.0,4036.5,4022.0,4025.422,4030.961,4036.5,4045.461,4030.961,4025.422,4036.5,4036.5,True,True
2026-08-28T03:59:34.294637+00:00,7b72418e-cd2e-4ced-867a-ff320b992aaf,SETUP_CREATED,4036.5,POINT_2_IDENTIFIED,FIB_ACTIVE,4036.5,4022.0,4036.5,4022.0,4025.422,4030.961,4036.5,4045.461,4030.961,4025.422,4036.5,4036.5,True,True
2026-08-28T03:59:34.294637+00:00,7b72418e-cd2e-4ced-867a-ff320b992aaf,NEW_VALID_HIGH,4036.5,FIB_ACTIVE,TP_DYNAMIC,4036.5,4022.0,4036.5,4022.0,4025.422,4030.961,4036.5,4045.461,4030.961,4025.422,4036.5,4036.5,True,True
2026-08-28T03:59:34.294637+00:00,7b72418e-cd2e-4ced-867a-ff320b992aaf,TP_UPDATED,4036.5,TP_DYNAMIC,TP_DYNAMIC,4036.5,4022.0,4036.5,4022.0,4025.422,4030.961,4036.5,4045.461,4030.961,4025.422,4036.5,4036.5,True,True
2026-08-28T03:59:34.294637+00:00,7b72418e-cd2e-4ced-867a-ff320b992aaf,ENTRY_TOUCHED,4038.81,TP_DYNAMIC,ENTRY_TOUCHED,4036.5,4022.0,4036.5,4022.0,4025.422,4030.961,4036.5,4045.461,4030.961,4025.422,4036.5,4036.5,True,True
2026-08-28T03:59:34.294637+00:00,7b72418e-cd2e-4ced-867a-ff320b992aaf,TP_LOCKED,4036.5,ENTRY_TOUCHED,TP_FROZEN,4036.5,4022.0,4036.5,4022.0,4025.422,4030.961,4036.5,4045.461,4030.961,4025.422,4036.5,4036.5,True,True
2026-08-28T03:59:34.294637+00:00,7b72418e-cd2e-4ced-867a-ff320b992aaf,TP_HIT,4037.79,TP_FROZEN,COMPLETED,4036.5,4022.0,4036.5,4022.0,4025.422,4030.961,4036.5,4045.461,4030.961,4025.422,4036.5,4036.5,True,True
2026-08-28T03:59:34.294637+00:00,679c0c11-e006-42ee-a074-ed009f5b5449,BOS_DETECTED,4037.15,NO_SETUP,BOS_DETECTED,4036.5,4022.0,4041.96,4022.0,4026.71056,4034.3352800000002,4041.96,4054.2952800000003,4034.3352800000002,4026.71056,4041.96,4041.96,True,True
2026-08-28T03:59:34.294637+00:00,679c0c11-e006-42ee-a074-ed009f5b5449,POINT_2_FOUND,4022.0,BOS_DETECTED,POINT_2_IDENTIFIED,4036.5,4022.0,4041.96,4022.0,4026.71056,4034.3352800000002,4041.96,4054.2952800000003,4034.3352800000002,4026.71056,4041.96,4041.96,True,True
2026-08-28T03:59:34.294637+00:00,679c0c11-e006-42ee-a074-ed009f5b5449,SETUP_CREATED,4036.5,POINT_2_IDENTIFIED,FIB_ACTIVE,4036.5,4022.0,4041.96,4022.0,4026.71056,4034.3352800000002,4041.96,4054.2952800000003,4034.3352800000002,4026.71056,4041.96,4041.96,True,True
2026-08-28T03:59:34.294637+00:00,679c0c11-e006-42ee-a074-ed009f5b5449,NEW_VALID_HIGH,4036.5,FIB_ACTIVE,TP_DYNAMIC,4036.5,4022.0,4041.96,4022.0,4026.71056,4034.3352800000002,4041.96,4054.2952800000003,4034.3352800000002,4026.71056,4041.96,4041.96,True,True
2026-08-28T03:59:34.294637+00:00,679c0c11-e006-42ee-a074-ed009f5b5449,TP_UPDATED,4036.5,TP_DYNAMIC,TP_DYNAMIC,4036.5,4022.0,4041.96,4022.0,4026.71056,4034.3352800000002,4041.96,4054.2952800000003,4034.3352800000002,4026.71056,4041.96,4041.96,True,True
2026-08-28T03:59:34.294637+00:00,679c0c11-e006-42ee-a074-ed009f5b5449,NEW_VALID_HIGH,4041.96,TP_DYNAMIC,TP_DYNAMIC,4036.5,4022.0,4041.96,4022.0,4026.71056,4034.3352800000002,4041.96,4054.2952800000003,4034.3352800000002,4026.71056,4041.96,4041.96,True,True
2026-08-28T03:59:34.294637+00:00,679c0c11-e006-42ee-a074-ed009f5b5449,TP_UPDATED,4041.96,TP_DYNAMIC,TP_DYNAMIC,4036.5,4022.0,4041.96,4022.0,4026.71056,4034.3352800000002,4041.96,4054.2952800000003,4034.3352800000002,4026.71056,4041.96,4041.96,True,True
2026-08-28T03:59:34.294637+00:00,679c0c11-e006-42ee-a074-ed009f5b5449,ENTRY_TOUCHED,4029.23,TP_DYNAMIC,ENTRY_TOUCHED,4036.5,4022.0,4041.96,4022.0,4026.71056,4034.3352800000002,4041.96,4054.2952800000003,4034.3352800000002,4026.71056,4041.96,4041.96,True,True
2026-08-28T03:59:34.294637+00:00,679c0c11-e006-42ee-a074-ed009f5b5449,TP_LOCKED,4041.96,ENTRY_TOUCHED,TP_FROZEN,4036.5,4022.0,4041.96,4022.0,4026.71056,4034.3352800000002,4041.96,4054.2952800000003,4034.3352800000002,4026.71056,4041.96,4041.96,True,True
2026-08-28T03:59:34.294637+00:00,679c0c11-e006-42ee-a074-ed009f5b5449,SL_HIT,4026.84,TP_FROZEN,COMPLETED,4036.5,4022.0,4041.96,4022.0,4026.71056,4034.3352800000002,4041.96,4054.2952800000003,4034.3352800000002,4026.71056,4041.96,4041.96,True,True
2026-08-28T03:59:34.302570+00:00,858645c6-8ad1-4846-b32e-5d19cb124670,BOS_DETECTED,4045.68,NO_SETUP,BOS_DETECTED,4041.96,4016.16,4051.28,4016.16,4024.44832,4037.86416,4051.28,4072.9841600000004,4037.86416,4024.44832,4051.28,4051.28,True,True
2026-08-28T03:59:34.302570+00:00,858645c6-8ad1-4846-b32e-5d19cb124670,POINT_2_FOUND,4016.16,BOS_DETECTED,POINT_2_IDENTIFIED,4041.96,4016.16,4051.28,4016.16,4024.44832,4037.86416,4051.28,4072.9841600000004,4037.86416,4024.44832,4051.28,4051.28,True,True
2026-08-28T03:59:34.302570+00:00,858645c6-8ad1-4846-b32e-5d19cb124670,SETUP_CREATED,4041.96,POINT_2_IDENTIFIED,FIB_ACTIVE,4041.96,4016.16,4051.28,4016.16,4024.44832,4037.86416,4051.28,4072.9841600000004,4037.86416,4024.44832,4051.28,4051.28,True,True
2026-08-28T03:59:34.302570+00:00,858645c6-8ad1-4846-b32e-5d19cb124670,NEW_VALID_HIGH,4041.96,FIB_ACTIVE,TP_DYNAMIC,4041.96,4016.16,4051.28,4016.16,4024.44832,4037.86416,4051.28,4072.9841600000004,4037.86416,4024.44832,4051.28,4051.28,True,True
2026-08-28T03:59:34.302570+00:00,858645c6-8ad1-4846-b32e-5d19cb124670,TP_UPDATED,4041.96,TP_DYNAMIC,TP_DYNAMIC,4041.96,4016.16,4051.28,4016.16,4024.44832,4037.86416,4051.28,4072.9841600000004,4037.86416,4024.44832,4051.28,4051.28,True,True
2026-08-28T03:59:34.310992+00:00,858645c6-8ad1-4846-b32e-5d19cb124670,NEW_VALID_HIGH,4051.28,TP_DYNAMIC,TP_DYNAMIC,4041.96,4016.16,4051.28,4016.16,4024.44832,4037.86416,4051.28,4072.9841600000004,4037.86416,4024.44832,4051.28,4051.28,True,True
2026-08-28T03:59:34.310992+00:00,858645c6-8ad1-4846-b32e-5d19cb124670,TP_UPDATED,4051.28,TP_DYNAMIC,TP_DYNAMIC,4041.96,4016.16,4051.28,4016.16,4024.44832,4037.86416,4051.28,4072.9841600000004,4037.86416,4024.44832,4051.28,4051.28,True,True
2026-08-28T03:59:34.310992+00:00,858645c6-8ad1-4846-b32e-5d19cb124670,ENTRY_TOUCHED,4033.04,TP_DYNAMIC,ENTRY_TOUCHED,4041.96,4016.16,4051.28,4016.16,4024.44832,4037.86416,4051.28,4072.9841600000004,4037.86416,4024.44832,4051.28,4051.28,True,True
2026-08-28T03:59:34.310992+00:00,858645c6-8ad1-4846-b32e-5d19cb124670,TP_LOCKED,4051.28,ENTRY_TOUCHED,TP_FROZEN,4041.96,4016.16,4051.28,4016.16,4024.44832,4037.86416,4051.28,4072.9841600000004,4037.86416,4024.44832,4051.28,4051.28,True,True
2026-08-28T03:59:34.328829+00:00,858645c6-8ad1-4846-b32e-5d19cb124670,SL_HIT,4025.7,TP_FROZEN,COMPLETED,4041.96,4016.16,4051.28,4016.16,4024.44832,4037.86416,4051.28,4072.9841600000004,4037.86416,4024.44832,4051.28,4051.28,True,True
2026-08-28T03:59:34.338574+00:00,49a07205-21d4-4a4c-b625-817b999b28cf,BOS_DETECTED,4037.5,NO_SETUP,BOS_DETECTED,4034.6,4016.01,4041.74,4016.01,4022.08228,4031.91114,4041.74,4057.6411399999997,4031.91114,4022.08228,4041.74,4041.74,True,True
2026-08-28T03:59:34.338574+00:00,49a07205-21d4-4a4c-b625-817b999b28cf,POINT_2_FOUND,4016.01,BOS_DETECTED,POINT_2_IDENTIFIED,4034.6,4016.01,4041.74,4016.01,4022.08228,4031.91114,4041.74,4057.6411399999997,4031.91114,4022.08228,4041.74,4041.74,True,True
2026-08-28T03:59:34.338574+00:00,49a07205-21d4-4a4c-b625-817b999b28cf,SETUP_CREATED,4034.6,POINT_2_IDENTIFIED,FIB_ACTIVE,4034.6,4016.01,4041.74,4016.01,4022.08228,4031.91114,4041.74,4057.6411399999997,4031.91114,4022.08228,4041.74,4041.74,True,True
2026-08-28T03:59:34.338574+00:00,49a07205-21d4-4a4c-b625-817b999b28cf,NEW_VALID_HIGH,4034.6,FIB_ACTIVE,TP_DYNAMIC,4034.6,4016.01,4041.74,4016.01,4022.08228,4031.91114,4041.74,4057.6411399999997,4031.91114,4022.08228,4041.74,4041.74,True,True
2026-08-28T03:59:34.338574+00:00,49a07205-21d4-4a4c-b625-817b999b28cf,TP_UPDATED,4034.6,TP_DYNAMIC,TP_DYNAMIC,4034.6,4016.01,4041.74,4016.01,4022.08228,4031.91114,4041.74,4057.6411399999997,4031.91114,4022.08228,4041.74,4041.74,True,True
2026-08-28T03:59:34.340738+00:00,49a07205-21d4-4a4c-b625-817b999b28cf,NEW_VALID_HIGH,4041.74,TP_DYNAMIC,TP_DYNAMIC,4034.6,4016.01,4041.74,4016.01,4022.08228,4031.91114,4041.74,4057.6411399999997,4031.91114,4022.08228,4041.74,4041.74,True,True
2026-08-28T03:59:34.340738+00:00,49a07205-21d4-4a4c-b625-817b999b28cf,TP_UPDATED,4041.74,TP_DYNAMIC,TP_DYNAMIC,4034.6,4016.01,4041.74,4016.01,4022.08228,4031.91114,4041.74,4057.6411399999997,4031.91114,4022.08228,4041.74,4041.74,True,True
2026-08-28T03:59:34.340738+00:00,49a07205-21d4-4a4c-b625-817b999b28cf,ENTRY_TOUCHED,4031.92,TP_DYNAMIC,ENTRY_TOUCHED,4034.6,4016.01,4041.74,4016.01,4022.08228,4031.91114,4041.74,4057.6411399999997,4031.91114,4022.08228,4041.74,4041.74,True,True
2026-08-28T03:59:34.340738+00:00,49a07205-21d4-4a4c-b625-817b999b28cf,TP_LOCKED,4041.74,ENTRY_TOUCHED,TP_FROZEN,4034.6,4016.01,4041.74,4016.01,4022.08228,4031.91114,4041.74,4057.6411399999997,4031.91114,4022.08228,4041.74,4041.74,True,True
2026-08-28T03:59:34.344330+00:00,49a07205-21d4-4a4c-b625-817b999b28cf,TP_HIT,4043.61,TP_FROZEN,COMPLETED,4034.6,4016.01,4041.74,4016.01,4022.08228,4031.91114,4041.74,4057.6411399999997,4031.91114,4022.08228,4041.74,4041.74,True,True
2026-08-28T03:59:34.344330+00:00,63d62919-fa51-48e0-a738-f5b5f7a11350,BOS_DETECTED,4042.89,NO_SETUP,BOS_DETECTED,4041.74,4016.01,4051.98,4016.01,4024.49892,4038.2394600000002,4051.98,4074.20946,4038.2394600000002,4024.49892,4051.98,4051.98,True,True
2026-08-28T03:59:34.344330+00:00,63d62919-fa51-48e0-a738-f5b5f7a11350,POINT_2_FOUND,4016.01,BOS_DETECTED,POINT_2_IDENTIFIED,4041.74,4016.01,4051.98,4016.01,4024.49892,4038.2394600000002,4051.98,4074.20946,4038.2394600000002,4024.49892,4051.98,4051.98,True,True
2026-08-28T03:59:34.344330+00:00,63d62919-fa51-48e0-a738-f5b5f7a11350,SETUP_CREATED,4041.74,POINT_2_IDENTIFIED,FIB_ACTIVE,4041.74,4016.01,4051.98,4016.01,4024.49892,4038.2394600000002,4051.98,4074.20946,4038.2394600000002,4024.49892,4051.98,4051.98,True,True
2026-08-28T03:59:34.344330+00:00,63d62919-fa51-48e0-a738-f5b5f7a11350,NEW_VALID_HIGH,4041.74,FIB_ACTIVE,TP_DYNAMIC,4041.74,4016.01,4051.98,4016.01,4024.49892,4038.2394600000002,4051.98,4074.20946,4038.2394600000002,4024.49892,4051.98,4051.98,True,True
2026-08-28T03:59:34.344330+00:00,63d62919-fa51-48e0-a738-f5b5f7a11350,TP_UPDATED,4041.74,TP_DYNAMIC,TP_DYNAMIC,4041.74,4016.01,4051.98,4016.01,4024.49892,4038.2394600000002,4051.98,4074.20946,4038.2394600000002,4024.49892,4051.98,4051.98,True,True
2026-08-28T03:59:34.357859+00:00,63d62919-fa51-48e0-a738-f5b5f7a11350,NEW_VALID_HIGH,4051.98,TP_DYNAMIC,TP_DYNAMIC,4041.74,4016.01,4051.98,4016.01,4024.49892,4038.2394600000002,4051.98,4074.20946,4038.2394600000002,4024.49892,4051.98,4051.98,True,True
2026-08-28T03:59:34.357859+00:00,63d62919-fa51-48e0-a738-f5b5f7a11350,TP_UPDATED,4051.98,TP_DYNAMIC,TP_DYNAMIC,4041.74,4016.01,4051.98,4016.01,4024.49892,4038.2394600000002,4051.98,4074.20946,4038.2394600000002,4024.49892,4051.98,4051.98,True,True
2026-08-28T03:59:34.360925+00:00,63d62919-fa51-48e0-a738-f5b5f7a11350,ENTRY_TOUCHED,4039.5,TP_DYNAMIC,ENTRY_TOUCHED,4041.74,4016.01,4051.98,4016.01,4024.49892,4038.2394600000002,4051.98,4074.20946,4038.2394600000002,4024.49892,4051.98,4051.98,True,True
2026-08-28T03:59:34.360925+00:00,63d62919-fa51-48e0-a738-f5b5f7a11350,TP_LOCKED,4051.98,ENTRY_TOUCHED,TP_FROZEN,4041.74,4016.01,4051.98,4016.01,4024.49892,4038.2394600000002,4051.98,4074.20946,4038.2394600000002,4024.49892,4051.98,4051.98,True,True
2026-08-28T03:59:34.368998+00:00,63d62919-fa51-48e0-a738-f5b5f7a11350,SL_HIT,4018.64,TP_FROZEN,COMPLETED,4041.74,4016.01,4051.98,4016.01,4024.49892,4038.2394600000002,4051.98,4074.20946,4038.2394600000002,4024.49892,4051.98,4051.98,True,True
2026-08-28T03:59:34.377217+00:00,24ef0b98-d0ef-44e3-9439-17c5d0906f13,BOS_DETECTED,4048.82,NO_SETUP,BOS_DETECTED,4040.9,4003.11,4120.44,4003.11,4030.79988,4075.6199399999996,4120.44,4192.9499399999995,4075.6199399999996,4030.79988,4120.44,4120.44,True,True
2026-08-28T03:59:34.377217+00:00,24ef0b98-d0ef-44e3-9439-17c5d0906f13,POINT_2_FOUND,4003.11,BOS_DETECTED,POINT_2_IDENTIFIED,4040.9,4003.11,4120.44,4003.11,4030.79988,4075.6199399999996,4120.44,4192.9499399999995,4075.6199399999996,4030.79988,4120.44,4120.44,True,True
2026-08-28T03:59:34.377217+00:00,24ef0b98-d0ef-44e3-9439-17c5d0906f13,SETUP_CREATED,4040.9,POINT_2_IDENTIFIED,FIB_ACTIVE,4040.9,4003.11,4120.44,4003.11,4030.79988,4075.6199399999996,4120.44,4192.9499399999995,4075.6199399999996,4030.79988,4120.44,4120.44,True,True
2026-08-28T03:59:34.377217+00:00,24ef0b98-d0ef-44e3-9439-17c5d0906f13,NEW_VALID_HIGH,4040.9,FIB_ACTIVE,TP_DYNAMIC,4040.9,4003.11,4120.44,4003.11,4030.79988,4075.6199399999996,4120.44,4192.9499399999995,4075.6199399999996,4030.79988,4120.44,4120.44,True,True
2026-08-28T03:59:34.377217+00:00,24ef0b98-d0ef-44e3-9439-17c5d0906f13,TP_UPDATED,4040.9,TP_DYNAMIC,TP_DYNAMIC,4040.9,4003.11,4120.44,4003.11,4030.79988,4075.6199399999996,4120.44,4192.9499399999995,4075.6199399999996,4030.79988,4120.44,4120.44,True,True
2026-08-28T03:59:34.377217+00:00,24ef0b98-d0ef-44e3-9439-17c5d0906f13,NEW_VALID_HIGH,4056.91,TP_DYNAMIC,TP_DYNAMIC,4040.9,4003.11,4120.44,4003.11,4030.79988,4075.6199399999996,4120.44,4192.9499399999995,4075.6199399999996,4030.79988,4120.44,4120.44,True,True
2026-08-28T03:59:34.377217+00:00,24ef0b98-d0ef-44e3-9439-17c5d0906f13,TP_UPDATED,4056.91,TP_DYNAMIC,TP_DYNAMIC,4040.9,4003.11,4120.44,4003.11,4030.79988,4075.6199399999996,4120.44,4192.9499399999995,4075.6199399999996,4030.79988,4120.44,4120.44,True,True
2026-08-28T03:59:34.390831+00:00,24ef0b98-d0ef-44e3-9439-17c5d0906f13,NEW_VALID_HIGH,4120.44,TP_DYNAMIC,TP_DYNAMIC,4040.9,4003.11,4120.44,4003.11,4030.79988,4075.6199399999996,4120.44,4192.9499399999995,4075.6199399999996,4030.79988,4120.44,4120.44,True,True
2026-08-28T03:59:34.390831+00:00,24ef0b98-d0ef-44e3-9439-17c5d0906f13,TP_UPDATED,4120.44,TP_DYNAMIC,TP_DYNAMIC,4040.9,4003.11,4120.44,4003.11,4030.79988,4075.6199399999996,4120.44,4192.9499399999995,4075.6199399999996,4030.79988,4120.44,4120.44,True,True
2026-08-28T03:59:34.390831+00:00,24ef0b98-d0ef-44e3-9439-17c5d0906f13,ENTRY_TOUCHED,4051.63,TP_DYNAMIC,ENTRY_TOUCHED,4040.9,4003.11,4120.44,4003.11,4030.79988,4075.6199399999996,4120.44,4192.9499399999995,4075.6199399999996,4030.79988,4120.44,4120.44,True,True
2026-08-28T03:59:34.390831+00:00,24ef0b98-d0ef-44e3-9439-17c5d0906f13,TP_LOCKED,4120.44,ENTRY_TOUCHED,TP_FROZEN,4040.9,4003.11,4120.44,4003.11,4030.79988,4075.6199399999996,4120.44,4192.9499399999995,4075.6199399999996,4030.79988,4120.44,4120.44,True,True
2026-08-28T03:59:34.444073+00:00,24ef0b98-d0ef-44e3-9439-17c5d0906f13,TP_HIT,4105.23,TP_FROZEN,COMPLETED,4040.9,4003.11,4120.44,4003.11,4030.79988,4075.6199399999996,4120.44,4192.9499399999995,4075.6199399999996,4030.79988,4120.44,4120.44,True,True
2026-08-28T03:59:34.485325+00:00,1d3cd7a9-8c34-4aba-b472-c21fb2d1ed40,BOS_DETECTED,4091.81,NO_SETUP,BOS_DETECTED,4090.42,4079.15,4094.7,4079.15,4081.80972,4086.11486,4090.42,4097.38486,4086.11486,4081.80972,4090.42,4090.42,True,True
2026-08-28T03:59:34.485325+00:00,1d3cd7a9-8c34-4aba-b472-c21fb2d1ed40,POINT_2_FOUND,4079.15,BOS_DETECTED,POINT_2_IDENTIFIED,4090.42,4079.15,4094.7,4079.15,4081.80972,4086.11486,4090.42,4097.38486,4086.11486,4081.80972,4090.42,4090.42,True,True
2026-08-28T03:59:34.485325+00:00,1d3cd7a9-8c34-4aba-b472-c21fb2d1ed40,SETUP_CREATED,4090.42,POINT_2_IDENTIFIED,FIB_ACTIVE,4090.42,4079.15,4094.7,4079.15,4081.80972,4086.11486,4090.42,4097.38486,4086.11486,4081.80972,4090.42,4090.42,True,True
2026-08-28T03:59:34.485325+00:00,1d3cd7a9-8c34-4aba-b472-c21fb2d1ed40,NEW_VALID_HIGH,4090.42,FIB_ACTIVE,TP_DYNAMIC,4090.42,4079.15,4094.7,4079.15,4081.80972,4086.11486,4090.42,4097.38486,4086.11486,4081.80972,4090.42,4090.42,True,True
2026-08-28T03:59:34.485325+00:00,1d3cd7a9-8c34-4aba-b472-c21fb2d1ed40,TP_UPDATED,4090.42,TP_DYNAMIC,TP_DYNAMIC,4090.42,4079.15,4094.7,4079.15,4081.80972,4086.11486,4090.42,4097.38486,4086.11486,4081.80972,4090.42,4090.42,True,True
2026-08-28T03:59:34.493606+00:00,1d3cd7a9-8c34-4aba-b472-c21fb2d1ed40,ENTRY_TOUCHED,4085.45,TP_DYNAMIC,ENTRY_TOUCHED,4090.42,4079.15,4094.7,4079.15,4081.80972,4086.11486,4090.42,4097.38486,4086.11486,4081.80972,4090.42,4090.42,True,True
2026-08-28T03:59:34.493606+00:00,1d3cd7a9-8c34-4aba-b472-c21fb2d1ed40,TP_LOCKED,4090.42,ENTRY_TOUCHED,TP_FROZEN,4090.42,4079.15,4094.7,4079.15,4081.80972,4086.11486,4090.42,4097.38486,4086.11486,4081.80972,4090.42,4090.42,True,True
2026-08-28T03:59:34.493606+00:00,1d3cd7a9-8c34-4aba-b472-c21fb2d1ed40,POST_ENTRY_HIGH_IGNORED,4094.7,TP_FROZEN,TP_FROZEN,4090.42,4079.15,4094.7,4079.15,4081.80972,4086.11486,4090.42,4097.38486,4086.11486,4081.80972,4090.42,4090.42,True,True
2026-08-28T03:59:34.493606+00:00,1d3cd7a9-8c34-4aba-b472-c21fb2d1ed40,SL_HIT,4080.04,TP_FROZEN,COMPLETED,4090.42,4079.15,4094.7,4079.15,4081.80972,4086.11486,4090.42,4097.38486,4086.11486,4081.80972,4090.42,4090.42,True,True
2026-08-28T03:59:34.510569+00:00,6caf4fbf-f02b-49fe-a737-dc8be6067592,BOS_DETECTED,4066.19,NO_SETUP,BOS_DETECTED,4065.64,4058.21,4065.64,4058.21,4059.96348,4062.80174,4065.64,4070.2317399999997,4062.80174,4059.96348,4065.64,4065.64,True,True
2026-08-28T03:59:34.510569+00:00,6caf4fbf-f02b-49fe-a737-dc8be6067592,POINT_2_FOUND,4058.21,BOS_DETECTED,POINT_2_IDENTIFIED,4065.64,4058.21,4065.64,4058.21,4059.96348,4062.80174,4065.64,4070.2317399999997,4062.80174,4059.96348,4065.64,4065.64,True,True
2026-08-28T03:59:34.510569+00:00,6caf4fbf-f02b-49fe-a737-dc8be6067592,SETUP_CREATED,4065.64,POINT_2_IDENTIFIED,FIB_ACTIVE,4065.64,4058.21,4065.64,4058.21,4059.96348,4062.80174,4065.64,4070.2317399999997,4062.80174,4059.96348,4065.64,4065.64,True,True
2026-08-28T03:59:34.510569+00:00,6caf4fbf-f02b-49fe-a737-dc8be6067592,NEW_VALID_HIGH,4065.64,FIB_ACTIVE,TP_DYNAMIC,4065.64,4058.21,4065.64,4058.21,4059.96348,4062.80174,4065.64,4070.2317399999997,4062.80174,4059.96348,4065.64,4065.64,True,True
2026-08-28T03:59:34.510569+00:00,6caf4fbf-f02b-49fe-a737-dc8be6067592,TP_UPDATED,4065.64,TP_DYNAMIC,TP_DYNAMIC,4065.64,4058.21,4065.64,4058.21,4059.96348,4062.80174,4065.64,4070.2317399999997,4062.80174,4059.96348,4065.64,4065.64,True,True
2026-08-28T03:59:34.510569+00:00,6caf4fbf-f02b-49fe-a737-dc8be6067592,ENTRY_TOUCHED,4066.19,TP_DYNAMIC,ENTRY_TOUCHED,4065.64,4058.21,4065.64,4058.21,4059.96348,4062.80174,4065.64,4070.2317399999997,4062.80174,4059.96348,4065.64,4065.64,True,True
2026-08-28T03:59:34.510569+00:00,6caf4fbf-f02b-49fe-a737-dc8be6067592,TP_LOCKED,4065.64,ENTRY_TOUCHED,TP_FROZEN,4065.64,4058.21,4065.64,4058.21,4059.96348,4062.80174,4065.64,4070.2317399999997,4062.80174,4059.96348,4065.64,4065.64,True,True
2026-08-28T03:59:34.510569+00:00,6caf4fbf-f02b-49fe-a737-dc8be6067592,SL_HIT,4059.45,TP_FROZEN,COMPLETED,4065.64,4058.21,4065.64,4058.21,4059.96348,4062.80174,4065.64,4070.2317399999997,4062.80174,4059.96348,4065.64,4065.64,True,True
2026-08-28T03:59:34.526851+00:00,15645fc2-e9ef-48aa-95cb-5b34d6f95c3c,BOS_DETECTED,4061.21,NO_SETUP,BOS_DETECTED,4059.49,4029.47,4062.49,4029.47,4037.2627199999997,4049.8763599999997,4062.49,4082.8963599999997,4049.8763599999997,4037.2627199999997,4062.49,4062.49,True,True
2026-08-28T03:59:34.526851+00:00,15645fc2-e9ef-48aa-95cb-5b34d6f95c3c,POINT_2_FOUND,4029.47,BOS_DETECTED,POINT_2_IDENTIFIED,4059.49,4029.47,4062.49,4029.47,4037.2627199999997,4049.8763599999997,4062.49,4082.8963599999997,4049.8763599999997,4037.2627199999997,4062.49,4062.49,True,True
2026-08-28T03:59:34.526851+00:00,15645fc2-e9ef-48aa-95cb-5b34d6f95c3c,SETUP_CREATED,4059.49,POINT_2_IDENTIFIED,FIB_ACTIVE,4059.49,4029.47,4062.49,4029.47,4037.2627199999997,4049.8763599999997,4062.49,4082.8963599999997,4049.8763599999997,4037.2627199999997,4062.49,4062.49,True,True
2026-08-28T03:59:34.526851+00:00,15645fc2-e9ef-48aa-95cb-5b34d6f95c3c,NEW_VALID_HIGH,4059.49,FIB_ACTIVE,TP_DYNAMIC,4059.49,4029.47,4062.49,4029.47,4037.2627199999997,4049.8763599999997,4062.49,4082.8963599999997,4049.8763599999997,4037.2627199999997,4062.49,4062.49,True,True
2026-08-28T03:59:34.526851+00:00,15645fc2-e9ef-48aa-95cb-5b34d6f95c3c,TP_UPDATED,4059.49,TP_DYNAMIC,TP_DYNAMIC,4059.49,4029.47,4062.49,4029.47,4037.2627199999997,4049.8763599999997,4062.49,4082.8963599999997,4049.8763599999997,4037.2627199999997,4062.49,4062.49,True,True
2026-08-28T03:59:34.526851+00:00,15645fc2-e9ef-48aa-95cb-5b34d6f95c3c,NEW_VALID_HIGH,4062.11,TP_DYNAMIC,TP_DYNAMIC,4059.49,4029.47,4062.49,4029.47,4037.2627199999997,4049.8763599999997,4062.49,4082.8963599999997,4049.8763599999997,4037.2627199999997,4062.49,4062.49,True,True
2026-08-28T03:59:34.526851+00:00,15645fc2-e9ef-48aa-95cb-5b34d6f95c3c,TP_UPDATED,4062.11,TP_DYNAMIC,TP_DYNAMIC,4059.49,4029.47,4062.49,4029.47,4037.2627199999997,4049.8763599999997,4062.49,4082.8963599999997,4049.8763599999997,4037.2627199999997,4062.49,4062.49,True,True
2026-08-28T03:59:34.535398+00:00,15645fc2-e9ef-48aa-95cb-5b34d6f95c3c,NEW_VALID_HIGH,4062.49,TP_DYNAMIC,TP_DYNAMIC,4059.49,4029.47,4062.49,4029.47,4037.2627199999997,4049.8763599999997,4062.49,4082.8963599999997,4049.8763599999997,4037.2627199999997,4062.49,4062.49,True,True
2026-08-28T03:59:34.535398+00:00,15645fc2-e9ef-48aa-95cb-5b34d6f95c3c,TP_UPDATED,4062.49,TP_DYNAMIC,TP_DYNAMIC,4059.49,4029.47,4062.49,4029.47,4037.2627199999997,4049.8763599999997,4062.49,4082.8963599999997,4049.8763599999997,4037.2627199999997,4062.49,4062.49,True,True
2026-08-28T03:59:34.535398+00:00,15645fc2-e9ef-48aa-95cb-5b34d6f95c3c,ENTRY_TOUCHED,4050.83,TP_DYNAMIC,ENTRY_TOUCHED,4059.49,4029.47,4062.49,4029.47,4037.2627199999997,4049.8763599999997,4062.49,4082.8963599999997,4049.8763599999997,4037.2627199999997,4062.49,4062.49,True,True
2026-08-28T03:59:34.535398+00:00,15645fc2-e9ef-48aa-95cb-5b34d6f95c3c,TP_LOCKED,4062.49,ENTRY_TOUCHED,TP_FROZEN,4059.49,4029.47,4062.49,4029.47,4037.2627199999997,4049.8763599999997,4062.49,4082.8963599999997,4049.8763599999997,4037.2627199999997,4062.49,4062.49,True,True
2026-08-28T03:59:34.633043+00:00,15645fc2-e9ef-48aa-95cb-5b34d6f95c3c,TP_HIT,4062.9,TP_FROZEN,COMPLETED,4059.49,4029.47,4062.49,4029.47,4037.2627199999997,4049.8763599999997,4062.49,4082.8963599999997,4049.8763599999997,4037.2627199999997,4062.49,4062.49,True,True
2026-08-28T03:59:34.648960+00:00,d8e4309d-ea8d-46c8-a82f-5cf386dcda12,BOS_DETECTED,4075.47,NO_SETUP,BOS_DETECTED,4074.08,4064.98,4074.08,4064.98,4067.1276,4070.6038,4074.08,4079.7038,4070.6038,4067.1276,4074.08,4074.08,True,True
2026-08-28T03:59:34.648960+00:00,d8e4309d-ea8d-46c8-a82f-5cf386dcda12,POINT_2_FOUND,4064.98,BOS_DETECTED,POINT_2_IDENTIFIED,4074.08,4064.98,4074.08,4064.98,4067.1276,4070.6038,4074.08,4079.7038,4070.6038,4067.1276,4074.08,4074.08,True,True
2026-08-28T03:59:34.648960+00:00,d8e4309d-ea8d-46c8-a82f-5cf386dcda12,SETUP_CREATED,4074.08,POINT_2_IDENTIFIED,FIB_ACTIVE,4074.08,4064.98,4074.08,4064.98,4067.1276,4070.6038,4074.08,4079.7038,4070.6038,4067.1276,4074.08,4074.08,True,True
2026-08-28T03:59:34.648960+00:00,d8e4309d-ea8d-46c8-a82f-5cf386dcda12,NEW_VALID_HIGH,4074.08,FIB_ACTIVE,TP_DYNAMIC,4074.08,4064.98,4074.08,4064.98,4067.1276,4070.6038,4074.08,4079.7038,4070.6038,4067.1276,4074.08,4074.08,True,True
2026-08-28T03:59:34.648960+00:00,d8e4309d-ea8d-46c8-a82f-5cf386dcda12,TP_UPDATED,4074.08,TP_DYNAMIC,TP_DYNAMIC,4074.08,4064.98,4074.08,4064.98,4067.1276,4070.6038,4074.08,4079.7038,4070.6038,4067.1276,4074.08,4074.08,True,True
2026-08-28T03:59:34.648960+00:00,d8e4309d-ea8d-46c8-a82f-5cf386dcda12,ENTRY_TOUCHED,4075.47,TP_DYNAMIC,ENTRY_TOUCHED,4074.08,4064.98,4074.08,4064.98,4067.1276,4070.6038,4074.08,4079.7038,4070.6038,4067.1276,4074.08,4074.08,True,True
2026-08-28T03:59:34.648960+00:00,d8e4309d-ea8d-46c8-a82f-5cf386dcda12,TP_LOCKED,4074.08,ENTRY_TOUCHED,TP_FROZEN,4074.08,4064.98,4074.08,4064.98,4067.1276,4070.6038,4074.08,4079.7038,4070.6038,4067.1276,4074.08,4074.08,True,True
2026-08-28T03:59:34.648960+00:00,d8e4309d-ea8d-46c8-a82f-5cf386dcda12,TP_HIT,4074.06,TP_FROZEN,COMPLETED,4074.08,4064.98,4074.08,4064.98,4067.1276,4070.6038,4074.08,4079.7038,4070.6038,4067.1276,4074.08,4074.08,True,True
2026-08-28T03:59:34.684298+00:00,af32c84a-2662-4157-9908-799265cb398b,BOS_DETECTED,4069.56,NO_SETUP,BOS_DETECTED,4069.19,4066.03,4069.19,4066.03,4066.77576,4067.98288,4069.19,4071.14288,4067.98288,4066.77576,4069.19,4069.19,True,True
2026-08-28T03:59:34.684298+00:00,af32c84a-2662-4157-9908-799265cb398b,POINT_2_FOUND,4066.03,BOS_DETECTED,POINT_2_IDENTIFIED,4069.19,4066.03,4069.19,4066.03,4066.77576,4067.98288,4069.19,4071.14288,4067.98288,4066.77576,4069.19,4069.19,True,True
2026-08-28T03:59:34.684298+00:00,af32c84a-2662-4157-9908-799265cb398b,SETUP_CREATED,4069.19,POINT_2_IDENTIFIED,FIB_ACTIVE,4069.19,4066.03,4069.19,4066.03,4066.77576,4067.98288,4069.19,4071.14288,4067.98288,4066.77576,4069.19,4069.19,True,True
2026-08-28T03:59:34.684298+00:00,af32c84a-2662-4157-9908-799265cb398b,NEW_VALID_HIGH,4069.19,FIB_ACTIVE,TP_DYNAMIC,4069.19,4066.03,4069.19,4066.03,4066.77576,4067.98288,4069.19,4071.14288,4067.98288,4066.77576,4069.19,4069.19,True,True
2026-08-28T03:59:34.684298+00:00,af32c84a-2662-4157-9908-799265cb398b,TP_UPDATED,4069.19,TP_DYNAMIC,TP_DYNAMIC,4069.19,4066.03,4069.19,4066.03,4066.77576,4067.98288,4069.19,4071.14288,4067.98288,4066.77576,4069.19,4069.19,True,True
2026-08-28T03:59:34.686315+00:00,af32c84a-2662-4157-9908-799265cb398b,ENTRY_TOUCHED,4068.16,TP_DYNAMIC,ENTRY_TOUCHED,4069.19,4066.03,4069.19,4066.03,4066.77576,4067.98288,4069.19,4071.14288,4067.98288,4066.77576,4069.19,4069.19,True,True
2026-08-28T03:59:34.686315+00:00,af32c84a-2662-4157-9908-799265cb398b,TP_LOCKED,4069.19,ENTRY_TOUCHED,TP_FROZEN,4069.19,4066.03,4069.19,4066.03,4066.77576,4067.98288,4069.19,4071.14288,4067.98288,4066.77576,4069.19,4069.19,True,True
2026-08-28T03:59:34.686315+00:00,af32c84a-2662-4157-9908-799265cb398b,TP_HIT,4069.93,TP_FROZEN,COMPLETED,4069.19,4066.03,4069.19,4066.03,4066.77576,4067.98288,4069.19,4071.14288,4067.98288,4066.77576,4069.19,4069.19,True,True
2026-08-28T03:59:34.690670+00:00,b6d8d98a-a12f-41bd-90b9-da94aa7ef63f,BOS_DETECTED,4073.76,NO_SETUP,BOS_DETECTED,4069.19,4066.03,4089.31,4066.03,4068.5906,4072.7353000000003,4076.88,4083.5853,4072.7353000000003,4068.5906,4076.88,4076.88,True,True
2026-08-28T03:59:34.692719+00:00,b6d8d98a-a12f-41bd-90b9-da94aa7ef63f,POINT_2_FOUND,4066.03,BOS_DETECTED,POINT_2_IDENTIFIED,4069.19,4066.03,4089.31,4066.03,4068.5906,4072.7353000000003,4076.88,4083.5853,4072.7353000000003,4068.5906,4076.88,4076.88,True,True
2026-08-28T03:59:34.692719+00:00,b6d8d98a-a12f-41bd-90b9-da94aa7ef63f,SETUP_CREATED,4069.19,POINT_2_IDENTIFIED,FIB_ACTIVE,4069.19,4066.03,4089.31,4066.03,4068.5906,4072.7353000000003,4076.88,4083.5853,4072.7353000000003,4068.5906,4076.88,4076.88,True,True
2026-08-28T03:59:34.692719+00:00,b6d8d98a-a12f-41bd-90b9-da94aa7ef63f,NEW_VALID_HIGH,4069.19,FIB_ACTIVE,TP_DYNAMIC,4069.19,4066.03,4089.31,4066.03,4068.5906,4072.7353000000003,4076.88,4083.5853,4072.7353000000003,4068.5906,4076.88,4076.88,True,True
2026-08-28T03:59:34.692719+00:00,b6d8d98a-a12f-41bd-90b9-da94aa7ef63f,TP_UPDATED,4069.19,TP_DYNAMIC,TP_DYNAMIC,4069.19,4066.03,4089.31,4066.03,4068.5906,4072.7353000000003,4076.88,4083.5853,4072.7353000000003,4068.5906,4076.88,4076.88,True,True
2026-08-28T03:59:34.694225+00:00,b6d8d98a-a12f-41bd-90b9-da94aa7ef63f,NEW_VALID_HIGH,4076.88,TP_DYNAMIC,TP_DYNAMIC,4069.19,4066.03,4089.31,4066.03,4068.5906,4072.7353000000003,4076.88,4083.5853,4072.7353000000003,4068.5906,4076.88,4076.88,True,True
2026-08-28T03:59:34.694225+00:00,b6d8d98a-a12f-41bd-90b9-da94aa7ef63f,TP_UPDATED,4076.88,TP_DYNAMIC,TP_DYNAMIC,4069.19,4066.03,4089.31,4066.03,4068.5906,4072.7353000000003,4076.88,4083.5853,4072.7353000000003,4068.5906,4076.88,4076.88,True,True
2026-08-28T03:59:34.706080+00:00,b6d8d98a-a12f-41bd-90b9-da94aa7ef63f,ENTRY_TOUCHED,4073.37,TP_DYNAMIC,ENTRY_TOUCHED,4069.19,4066.03,4089.31,4066.03,4068.5906,4072.7353000000003,4076.88,4083.5853,4072.7353000000003,4068.5906,4076.88,4076.88,True,True
2026-08-28T03:59:34.706080+00:00,b6d8d98a-a12f-41bd-90b9-da94aa7ef63f,TP_LOCKED,4076.88,ENTRY_TOUCHED,TP_FROZEN,4069.19,4066.03,4089.31,4066.03,4068.5906,4072.7353000000003,4076.88,4083.5853,4072.7353000000003,4068.5906,4076.88,4076.88,True,True
2026-08-28T03:59:34.710348+00:00,b6d8d98a-a12f-41bd-90b9-da94aa7ef63f,POST_ENTRY_HIGH_IGNORED,4089.31,TP_FROZEN,TP_FROZEN,4069.19,4066.03,4089.31,4066.03,4068.5906,4072.7353000000003,4076.88,4083.5853,4072.7353000000003,4068.5906,4076.88,4076.88,True,True
2026-08-28T03:59:34.711505+00:00,b6d8d98a-a12f-41bd-90b9-da94aa7ef63f,TP_HIT,4078.94,TP_FROZEN,COMPLETED,4069.19,4066.03,4089.31,4066.03,4068.5906,4072.7353000000003,4076.88,4083.5853,4072.7353000000003,4068.5906,4076.88,4076.88,True,True
2026-08-28T03:59:34.734042+00:00,71cd6a37-ecf4-4e46-9b09-4b8df73ca83f,BOS_DETECTED,4075.29,NO_SETUP,BOS_DETECTED,4074.94,4055.41,4078.61,4055.41,4060.01908,4067.47954,4074.94,4087.00954,4067.47954,4060.01908,4074.94,4074.94,True,True
2026-08-28T03:59:34.734042+00:00,71cd6a37-ecf4-4e46-9b09-4b8df73ca83f,POINT_2_FOUND,4055.41,BOS_DETECTED,POINT_2_IDENTIFIED,4074.94,4055.41,4078.61,4055.41,4060.01908,4067.47954,4074.94,4087.00954,4067.47954,4060.01908,4074.94,4074.94,True,True
2026-08-28T03:59:34.734042+00:00,71cd6a37-ecf4-4e46-9b09-4b8df73ca83f,SETUP_CREATED,4074.94,POINT_2_IDENTIFIED,FIB_ACTIVE,4074.94,4055.41,4078.61,4055.41,4060.01908,4067.47954,4074.94,4087.00954,4067.47954,4060.01908,4074.94,4074.94,True,True
2026-08-28T03:59:34.734042+00:00,71cd6a37-ecf4-4e46-9b09-4b8df73ca83f,NEW_VALID_HIGH,4074.94,FIB_ACTIVE,TP_DYNAMIC,4074.94,4055.41,4078.61,4055.41,4060.01908,4067.47954,4074.94,4087.00954,4067.47954,4060.01908,4074.94,4074.94,True,True
2026-08-28T03:59:34.734042+00:00,71cd6a37-ecf4-4e46-9b09-4b8df73ca83f,TP_UPDATED,4074.94,TP_DYNAMIC,TP_DYNAMIC,4074.94,4055.41,4078.61,4055.41,4060.01908,4067.47954,4074.94,4087.00954,4067.47954,4060.01908,4074.94,4074.94,True,True
2026-08-28T03:59:34.736054+00:00,71cd6a37-ecf4-4e46-9b09-4b8df73ca83f,ENTRY_TOUCHED,4064.54,TP_DYNAMIC,ENTRY_TOUCHED,4074.94,4055.41,4078.61,4055.41,4060.01908,4067.47954,4074.94,4087.00954,4067.47954,4060.01908,4074.94,4074.94,True,True
2026-08-28T03:59:34.736054+00:00,71cd6a37-ecf4-4e46-9b09-4b8df73ca83f,TP_LOCKED,4074.94,ENTRY_TOUCHED,TP_FROZEN,4074.94,4055.41,4078.61,4055.41,4060.01908,4067.47954,4074.94,4087.00954,4067.47954,4060.01908,4074.94,4074.94,True,True
2026-08-28T03:59:34.738068+00:00,71cd6a37-ecf4-4e46-9b09-4b8df73ca83f,POST_ENTRY_HIGH_IGNORED,4078.61,TP_FROZEN,TP_FROZEN,4074.94,4055.41,4078.61,4055.41,4060.01908,4067.47954,4074.94,4087.00954,4067.47954,4060.01908,4074.94,4074.94,True,True
2026-08-28T03:59:34.740326+00:00,71cd6a37-ecf4-4e46-9b09-4b8df73ca83f,TP_HIT,4075.72,TP_FROZEN,COMPLETED,4074.94,4055.41,4078.61,4055.41,4060.01908,4067.47954,4074.94,4087.00954,4067.47954,4060.01908,4074.94,4074.94,True,True
2026-08-28T03:59:34.773223+00:00,1d5e42e4-55e2-4ec2-a9be-396e277b01a6,BOS_DETECTED,4049.0,NO_SETUP,BOS_DETECTED,4048.38,4027.74,4075.89,4027.74,4039.1034,4057.4966999999997,4075.89,4105.6467,4057.4966999999997,4039.1034,4075.89,4075.89,True,True
2026-08-28T03:59:34.773223+00:00,1d5e42e4-55e2-4ec2-a9be-396e277b01a6,POINT_2_FOUND,4027.74,BOS_DETECTED,POINT_2_IDENTIFIED,4048.38,4027.74,4075.89,4027.74,4039.1034,4057.4966999999997,4075.89,4105.6467,4057.4966999999997,4039.1034,4075.89,4075.89,True,True
2026-08-28T03:59:34.773223+00:00,1d5e42e4-55e2-4ec2-a9be-396e277b01a6,SETUP_CREATED,4048.38,POINT_2_IDENTIFIED,FIB_ACTIVE,4048.38,4027.74,4075.89,4027.74,4039.1034,4057.4966999999997,4075.89,4105.6467,4057.4966999999997,4039.1034,4075.89,4075.89,True,True
2026-08-28T03:59:34.773223+00:00,1d5e42e4-55e2-4ec2-a9be-396e277b01a6,NEW_VALID_HIGH,4048.38,FIB_ACTIVE,TP_DYNAMIC,4048.38,4027.74,4075.89,4027.74,4039.1034,4057.4966999999997,4075.89,4105.6467,4057.4966999999997,4039.1034,4075.89,4075.89,True,True
2026-08-28T03:59:34.773223+00:00,1d5e42e4-55e2-4ec2-a9be-396e277b01a6,TP_UPDATED,4048.38,TP_DYNAMIC,TP_DYNAMIC,4048.38,4027.74,4075.89,4027.74,4039.1034,4057.4966999999997,4075.89,4105.6467,4057.4966999999997,4039.1034,4075.89,4075.89,True,True
2026-08-28T03:59:34.794546+00:00,1d5e42e4-55e2-4ec2-a9be-396e277b01a6,NEW_VALID_HIGH,4065.3,TP_DYNAMIC,TP_DYNAMIC,4048.38,4027.74,4075.89,4027.74,4039.1034,4057.4966999999997,4075.89,4105.6467,4057.4966999999997,4039.1034,4075.89,4075.89,True,True
2026-08-28T03:59:34.794546+00:00,1d5e42e4-55e2-4ec2-a9be-396e277b01a6,TP_UPDATED,4065.3,TP_DYNAMIC,TP_DYNAMIC,4048.38,4027.74,4075.89,4027.74,4039.1034,4057.4966999999997,4075.89,4105.6467,4057.4966999999997,4039.1034,4075.89,4075.89,True,True
2026-08-28T03:59:34.803615+00:00,1d5e42e4-55e2-4ec2-a9be-396e277b01a6,NEW_VALID_HIGH,4075.89,TP_DYNAMIC,TP_DYNAMIC,4048.38,4027.74,4075.89,4027.74,4039.1034,4057.4966999999997,4075.89,4105.6467,4057.4966999999997,4039.1034,4075.89,4075.89,True,True
2026-08-28T03:59:34.803615+00:00,1d5e42e4-55e2-4ec2-a9be-396e277b01a6,TP_UPDATED,4075.89,TP_DYNAMIC,TP_DYNAMIC,4048.38,4027.74,4075.89,4027.74,4039.1034,4057.4966999999997,4075.89,4105.6467,4057.4966999999997,4039.1034,4075.89,4075.89,True,True
2026-08-28T03:59:34.803615+00:00,1d5e42e4-55e2-4ec2-a9be-396e277b01a6,ENTRY_TOUCHED,4056.05,TP_DYNAMIC,ENTRY_TOUCHED,4048.38,4027.74,4075.89,4027.74,4039.1034,4057.4966999999997,4075.89,4105.6467,4057.4966999999997,4039.1034,4075.89,4075.89,True,True
2026-08-28T03:59:34.803615+00:00,1d5e42e4-55e2-4ec2-a9be-396e277b01a6,TP_LOCKED,4075.89,ENTRY_TOUCHED,TP_FROZEN,4048.38,4027.74,4075.89,4027.74,4039.1034,4057.4966999999997,4075.89,4105.6467,4057.4966999999997,4039.1034,4075.89,4075.89,True,True
2026-08-28T03:59:34.831572+00:00,1d5e42e4-55e2-4ec2-a9be-396e277b01a6,TP_HIT,4075.02,TP_FROZEN,COMPLETED,4048.38,4027.74,4075.89,4027.74,4039.1034,4057.4966999999997,4075.89,4105.6467,4057.4966999999997,4039.1034,4075.89,4075.89,True,True
2026-08-28T03:59:34.843679+00:00,c46e62de-164a-4e39-9fca-4e6ccf9a905d,BOS_DETECTED,4081.08,NO_SETUP,BOS_DETECTED,4079.4,4053.01,4079.4,4053.01,4059.23804,4069.3190200000004,4079.4,4095.7090200000002,4069.3190200000004,4059.23804,4079.4,4079.4,True,True
2026-08-28T03:59:34.843679+00:00,c46e62de-164a-4e39-9fca-4e6ccf9a905d,POINT_2_FOUND,4053.01,BOS_DETECTED,POINT_2_IDENTIFIED,4079.4,4053.01,4079.4,4053.01,4059.23804,4069.3190200000004,4079.4,4095.7090200000002,4069.3190200000004,4059.23804,4079.4,4079.4,True,True
2026-08-28T03:59:34.843679+00:00,c46e62de-164a-4e39-9fca-4e6ccf9a905d,SETUP_CREATED,4079.4,POINT_2_IDENTIFIED,FIB_ACTIVE,4079.4,4053.01,4079.4,4053.01,4059.23804,4069.3190200000004,4079.4,4095.7090200000002,4069.3190200000004,4059.23804,4079.4,4079.4,True,True
2026-08-28T03:59:34.843679+00:00,c46e62de-164a-4e39-9fca-4e6ccf9a905d,NEW_VALID_HIGH,4079.4,FIB_ACTIVE,TP_DYNAMIC,4079.4,4053.01,4079.4,4053.01,4059.23804,4069.3190200000004,4079.4,4095.7090200000002,4069.3190200000004,4059.23804,4079.4,4079.4,True,True
2026-08-28T03:59:34.843679+00:00,c46e62de-164a-4e39-9fca-4e6ccf9a905d,TP_UPDATED,4079.4,TP_DYNAMIC,TP_DYNAMIC,4079.4,4053.01,4079.4,4053.01,4059.23804,4069.3190200000004,4079.4,4095.7090200000002,4069.3190200000004,4059.23804,4079.4,4079.4,True,True
2026-08-28T03:59:34.851743+00:00,c46e62de-164a-4e39-9fca-4e6ccf9a905d,ENTRY_TOUCHED,4069.42,TP_DYNAMIC,ENTRY_TOUCHED,4079.4,4053.01,4079.4,4053.01,4059.23804,4069.3190200000004,4079.4,4095.7090200000002,4069.3190200000004,4059.23804,4079.4,4079.4,True,True
2026-08-28T03:59:34.851743+00:00,c46e62de-164a-4e39-9fca-4e6ccf9a905d,TP_LOCKED,4079.4,ENTRY_TOUCHED,TP_FROZEN,4079.4,4053.01,4079.4,4053.01,4059.23804,4069.3190200000004,4079.4,4095.7090200000002,4069.3190200000004,4059.23804,4079.4,4079.4,True,True
2026-08-28T03:59:34.853859+00:00,c46e62de-164a-4e39-9fca-4e6ccf9a905d,TP_HIT,4084.74,TP_FROZEN,COMPLETED,4079.4,4053.01,4079.4,4053.01,4059.23804,4069.3190200000004,4079.4,4095.7090200000002,4069.3190200000004,4059.23804,4079.4,4079.4,True,True
2026-08-28T03:59:34.859828+00:00,f1eaa0d4-e182-49b7-a66a-0098d51846c5,BOS_DETECTED,4085.51,NO_SETUP,BOS_DETECTED,4079.4,4053.01,4100.78,4053.01,4064.28372,4082.53186,4100.78,4130.30186,4082.53186,4064.28372,4100.78,4100.78,True,True
2026-08-28T03:59:34.859828+00:00,f1eaa0d4-e182-49b7-a66a-0098d51846c5,POINT_2_FOUND,4053.01,BOS_DETECTED,POINT_2_IDENTIFIED,4079.4,4053.01,4100.78,4053.01,4064.28372,4082.53186,4100.78,4130.30186,4082.53186,4064.28372,4100.78,4100.78,True,True
2026-08-28T03:59:34.859828+00:00,f1eaa0d4-e182-49b7-a66a-0098d51846c5,SETUP_CREATED,4079.4,POINT_2_IDENTIFIED,FIB_ACTIVE,4079.4,4053.01,4100.78,4053.01,4064.28372,4082.53186,4100.78,4130.30186,4082.53186,4064.28372,4100.78,4100.78,True,True
2026-08-28T03:59:34.859828+00:00,f1eaa0d4-e182-49b7-a66a-0098d51846c5,NEW_VALID_HIGH,4079.4,FIB_ACTIVE,TP_DYNAMIC,4079.4,4053.01,4100.78,4053.01,4064.28372,4082.53186,4100.78,4130.30186,4082.53186,4064.28372,4100.78,4100.78,True,True
2026-08-28T03:59:34.859828+00:00,f1eaa0d4-e182-49b7-a66a-0098d51846c5,TP_UPDATED,4079.4,TP_DYNAMIC,TP_DYNAMIC,4079.4,4053.01,4100.78,4053.01,4064.28372,4082.53186,4100.78,4130.30186,4082.53186,4064.28372,4100.78,4100.78,True,True
2026-08-28T03:59:34.867890+00:00,f1eaa0d4-e182-49b7-a66a-0098d51846c5,NEW_VALID_HIGH,4100.78,TP_DYNAMIC,TP_DYNAMIC,4079.4,4053.01,4100.78,4053.01,4064.28372,4082.53186,4100.78,4130.30186,4082.53186,4064.28372,4100.78,4100.78,True,True
2026-08-28T03:59:34.867890+00:00,f1eaa0d4-e182-49b7-a66a-0098d51846c5,TP_UPDATED,4100.78,TP_DYNAMIC,TP_DYNAMIC,4079.4,4053.01,4100.78,4053.01,4064.28372,4082.53186,4100.78,4130.30186,4082.53186,4064.28372,4100.78,4100.78,True,True
2026-08-28T03:59:34.867890+00:00,f1eaa0d4-e182-49b7-a66a-0098d51846c5,ENTRY_TOUCHED,4087.18,TP_DYNAMIC,ENTRY_TOUCHED,4079.4,4053.01,4100.78,4053.01,4064.28372,4082.53186,4100.78,4130.30186,4082.53186,4064.28372,4100.78,4100.78,True,True
2026-08-28T03:59:34.867890+00:00,f1eaa0d4-e182-49b7-a66a-0098d51846c5,TP_LOCKED,4100.78,ENTRY_TOUCHED,TP_FROZEN,4079.4,4053.01,4100.78,4053.01,4064.28372,4082.53186,4100.78,4130.30186,4082.53186,4064.28372,4100.78,4100.78,True,True
2026-08-28T03:59:34.884930+00:00,f1eaa0d4-e182-49b7-a66a-0098d51846c5,TP_HIT,4106.06,TP_FROZEN,COMPLETED,4079.4,4053.01,4100.78,4053.01,4064.28372,4082.53186,4100.78,4130.30186,4082.53186,4064.28372,4100.78,4100.78,True,True
2026-08-28T03:59:34.916852+00:00,51e26580-8e8f-45b5-b1cb-2070ea228717,BOS_DETECTED,4092.41,NO_SETUP,BOS_DETECTED,4091.88,4071.72,4684.81,4071.72,4216.40924,4450.60962,4684.81,5063.699620000001,4450.60962,4216.40924,4684.81,,False,False
2026-08-28T03:59:34.916852+00:00,51e26580-8e8f-45b5-b1cb-2070ea228717,POINT_2_FOUND,4071.72,BOS_DETECTED,POINT_2_IDENTIFIED,4091.88,4071.72,4684.81,4071.72,4216.40924,4450.60962,4684.81,5063.699620000001,4450.60962,4216.40924,4684.81,,False,False
2026-08-28T03:59:34.916852+00:00,51e26580-8e8f-45b5-b1cb-2070ea228717,SETUP_CREATED,4091.88,POINT_2_IDENTIFIED,FIB_ACTIVE,4091.88,4071.72,4684.81,4071.72,4216.40924,4450.60962,4684.81,5063.699620000001,4450.60962,4216.40924,4684.81,,False,False
2026-08-28T03:59:34.916852+00:00,51e26580-8e8f-45b5-b1cb-2070ea228717,NEW_VALID_HIGH,4091.88,FIB_ACTIVE,TP_DYNAMIC,4091.88,4071.72,4684.81,4071.72,4216.40924,4450.60962,4684.81,5063.699620000001,4450.60962,4216.40924,4684.81,,False,False
2026-08-28T03:59:34.916852+00:00,51e26580-8e8f-45b5-b1cb-2070ea228717,TP_UPDATED,4091.88,TP_DYNAMIC,TP_DYNAMIC,4091.88,4071.72,4684.81,4071.72,4216.40924,4450.60962,4684.81,5063.699620000001,4450.60962,4216.40924,4684.81,,False,False
2026-08-28T03:59:34.925277+00:00,51e26580-8e8f-45b5-b1cb-2070ea228717,NEW_VALID_HIGH,4146.82,TP_DYNAMIC,TP_DYNAMIC,4091.88,4071.72,4684.81,4071.72,4216.40924,4450.60962,4684.81,5063.699620000001,4450.60962,4216.40924,4684.81,,False,False
2026-08-28T03:59:34.925277+00:00,51e26580-8e8f-45b5-b1cb-2070ea228717,TP_UPDATED,4146.82,TP_DYNAMIC,TP_DYNAMIC,4091.88,4071.72,4684.81,4071.72,4216.40924,4450.60962,4684.81,5063.699620000001,4450.60962,4216.40924,4684.81,,False,False
2026-08-28T03:59:34.945589+00:00,51e26580-8e8f-45b5-b1cb-2070ea228717,NEW_VALID_HIGH,4184.82,TP_DYNAMIC,TP_DYNAMIC,4091.88,4071.72,4684.81,4071.72,4216.40924,4450.60962,4684.81,5063.699620000001,4450.60962,4216.40924,4684.81,,False,False
2026-08-28T03:59:34.945589+00:00,51e26580-8e8f-45b5-b1cb-2070ea228717,TP_UPDATED,4184.82,TP_DYNAMIC,TP_DYNAMIC,4091.88,4071.72,4684.81,4071.72,4216.40924,4450.60962,4684.81,5063.699620000001,4450.60962,4216.40924,4684.81,,False,False
2026-08-28T03:59:34.965399+00:00,51e26580-8e8f-45b5-b1cb-2070ea228717,NEW_VALID_HIGH,4219.4,TP_DYNAMIC,TP_DYNAMIC,4091.88,4071.72,4684.81,4071.72,4216.40924,4450.60962,4684.81,5063.699620000001,4450.60962,4216.40924,4684.81,,False,False
2026-08-28T03:59:34.965399+00:00,51e26580-8e8f-45b5-b1cb-2070ea228717,TP_UPDATED,4219.4,TP_DYNAMIC,TP_DYNAMIC,4091.88,4071.72,4684.81,4071.72,4216.40924,4450.60962,4684.81,5063.699620000001,4450.60962,4216.40924,4684.81,,False,False
2026-08-28T03:59:34.980226+00:00,51e26580-8e8f-45b5-b1cb-2070ea228717,NEW_VALID_HIGH,4269.42,TP_DYNAMIC,TP_DYNAMIC,4091.88,4071.72,4684.81,4071.72,4216.40924,4450.60962,4684.81,5063.699620000001,4450.60962,4216.40924,4684.81,,False,False
2026-08-28T03:59:34.980226+00:00,51e26580-8e8f-45b5-b1cb-2070ea228717,TP_UPDATED,4269.42,TP_DYNAMIC,TP_DYNAMIC,4091.88,4071.72,4684.81,4071.72,4216.40924,4450.60962,4684.81,5063.699620000001,4450.60962,4216.40924,4684.81,,False,False
2026-08-28T03:59:34.996633+00:00,51e26580-8e8f-45b5-b1cb-2070ea228717,NEW_VALID_HIGH,4273.67,TP_DYNAMIC,TP_DYNAMIC,4091.88,4071.72,4684.81,4071.72,4216.40924,4450.60962,4684.81,5063.699620000001,4450.60962,4216.40924,4684.81,,False,False
2026-08-28T03:59:34.996633+00:00,51e26580-8e8f-45b5-b1cb-2070ea228717,TP_UPDATED,4273.67,TP_DYNAMIC,TP_DYNAMIC,4091.88,4071.72,4684.81,4071.72,4216.40924,4450.60962,4684.81,5063.699620000001,4450.60962,4216.40924,4684.81,,False,False
2026-08-28T03:59:35.013300+00:00,51e26580-8e8f-45b5-b1cb-2070ea228717,NEW_VALID_HIGH,4307.27,TP_DYNAMIC,TP_DYNAMIC,4091.88,4071.72,4684.81,4071.72,4216.40924,4450.60962,4684.81,5063.699620000001,4450.60962,4216.40924,4684.81,,False,False
2026-08-28T03:59:35.013300+00:00,51e26580-8e8f-45b5-b1cb-2070ea228717,TP_UPDATED,4307.27,TP_DYNAMIC,TP_DYNAMIC,4091.88,4071.72,4684.81,4071.72,4216.40924,4450.60962,4684.81,5063.699620000001,4450.60962,4216.40924,4684.81,,False,False
2026-08-28T03:59:35.023813+00:00,51e26580-8e8f-45b5-b1cb-2070ea228717,NEW_VALID_HIGH,4308.27,TP_DYNAMIC,TP_DYNAMIC,4091.88,4071.72,4684.81,4071.72,4216.40924,4450.60962,4684.81,5063.699620000001,4450.60962,4216.40924,4684.81,,False,False
2026-08-28T03:59:35.023813+00:00,51e26580-8e8f-45b5-b1cb-2070ea228717,TP_UPDATED,4308.27,TP_DYNAMIC,TP_DYNAMIC,4091.88,4071.72,4684.81,4071.72,4216.40924,4450.60962,4684.81,5063.699620000001,4450.60962,4216.40924,4684.81,,False,False
2026-08-28T03:59:35.145324+00:00,51e26580-8e8f-45b5-b1cb-2070ea228717,NEW_VALID_HIGH,4322.9,TP_DYNAMIC,TP_DYNAMIC,4091.88,4071.72,4684.81,4071.72,4216.40924,4450.60962,4684.81,5063.699620000001,4450.60962,4216.40924,4684.81,,False,False
2026-08-28T03:59:35.145324+00:00,51e26580-8e8f-45b5-b1cb-2070ea228717,TP_UPDATED,4322.9,TP_DYNAMIC,TP_DYNAMIC,4091.88,4071.72,4684.81,4071.72,4216.40924,4450.60962,4684.81,5063.699620000001,4450.60962,4216.40924,4684.81,,False,False
2026-08-28T03:59:35.150894+00:00,51e26580-8e8f-45b5-b1cb-2070ea228717,NEW_VALID_HIGH,4326.11,TP_DYNAMIC,TP_DYNAMIC,4091.88,4071.72,4684.81,4071.72,4216.40924,4450.60962,4684.81,5063.699620000001,4450.60962,4216.40924,4684.81,,False,False
2026-08-28T03:59:35.150894+00:00,51e26580-8e8f-45b5-b1cb-2070ea228717,TP_UPDATED,4326.11,TP_DYNAMIC,TP_DYNAMIC,4091.88,4071.72,4684.81,4071.72,4216.40924,4450.60962,4684.81,5063.699620000001,4450.60962,4216.40924,4684.81,,False,False
2026-08-28T03:59:35.155236+00:00,51e26580-8e8f-45b5-b1cb-2070ea228717,NEW_VALID_HIGH,4332.55,TP_DYNAMIC,TP_DYNAMIC,4091.88,4071.72,4684.81,4071.72,4216.40924,4450.60962,4684.81,5063.699620000001,4450.60962,4216.40924,4684.81,,False,False
2026-08-28T03:59:35.155236+00:00,51e26580-8e8f-45b5-b1cb-2070ea228717,TP_UPDATED,4332.55,TP_DYNAMIC,TP_DYNAMIC,4091.88,4071.72,4684.81,4071.72,4216.40924,4450.60962,4684.81,5063.699620000001,4450.60962,4216.40924,4684.81,,False,False
2026-08-28T03:59:35.164824+00:00,51e26580-8e8f-45b5-b1cb-2070ea228717,NEW_VALID_HIGH,4373.38,TP_DYNAMIC,TP_DYNAMIC,4091.88,4071.72,4684.81,4071.72,4216.40924,4450.60962,4684.81,5063.699620000001,4450.60962,4216.40924,4684.81,,False,False
2026-08-28T03:59:35.164824+00:00,51e26580-8e8f-45b5-b1cb-2070ea228717,TP_UPDATED,4373.38,TP_DYNAMIC,TP_DYNAMIC,4091.88,4071.72,4684.81,4071.72,4216.40924,4450.60962,4684.81,5063.699620000001,4450.60962,4216.40924,4684.81,,False,False
2026-08-28T03:59:35.395924+00:00,51e26580-8e8f-45b5-b1cb-2070ea228717,NEW_VALID_HIGH,4399.2,TP_DYNAMIC,TP_DYNAMIC,4091.88,4071.72,4684.81,4071.72,4216.40924,4450.60962,4684.81,5063.699620000001,4450.60962,4216.40924,4684.81,,False,False
2026-08-28T03:59:35.395924+00:00,51e26580-8e8f-45b5-b1cb-2070ea228717,TP_UPDATED,4399.2,TP_DYNAMIC,TP_DYNAMIC,4091.88,4071.72,4684.81,4071.72,4216.40924,4450.60962,4684.81,5063.699620000001,4450.60962,4216.40924,4684.81,,False,False
2026-08-28T03:59:35.410030+00:00,51e26580-8e8f-45b5-b1cb-2070ea228717,NEW_VALID_HIGH,4439.54,TP_DYNAMIC,TP_DYNAMIC,4091.88,4071.72,4684.81,4071.72,4216.40924,4450.60962,4684.81,5063.699620000001,4450.60962,4216.40924,4684.81,,False,False
2026-08-28T03:59:35.410030+00:00,51e26580-8e8f-45b5-b1cb-2070ea228717,TP_UPDATED,4439.54,TP_DYNAMIC,TP_DYNAMIC,4091.88,4071.72,4684.81,4071.72,4216.40924,4450.60962,4684.81,5063.699620000001,4450.60962,4216.40924,4684.81,,False,False
2026-08-28T03:59:35.535176+00:00,51e26580-8e8f-45b5-b1cb-2070ea228717,NEW_VALID_HIGH,4448.0,TP_DYNAMIC,TP_DYNAMIC,4091.88,4071.72,4684.81,4071.72,4216.40924,4450.60962,4684.81,5063.699620000001,4450.60962,4216.40924,4684.81,,False,False
2026-08-28T03:59:35.535176+00:00,51e26580-8e8f-45b5-b1cb-2070ea228717,TP_UPDATED,4448.0,TP_DYNAMIC,TP_DYNAMIC,4091.88,4071.72,4684.81,4071.72,4216.40924,4450.60962,4684.81,5063.699620000001,4450.60962,4216.40924,4684.81,,False,False
2026-08-28T03:59:35.576637+00:00,51e26580-8e8f-45b5-b1cb-2070ea228717,NEW_VALID_HIGH,4456.65,TP_DYNAMIC,TP_DYNAMIC,4091.88,4071.72,4684.81,4071.72,4216.40924,4450.60962,4684.81,5063.699620000001,4450.60962,4216.40924,4684.81,,False,False
2026-08-28T03:59:35.576637+00:00,51e26580-8e8f-45b5-b1cb-2070ea228717,TP_UPDATED,4456.65,TP_DYNAMIC,TP_DYNAMIC,4091.88,4071.72,4684.81,4071.72,4216.40924,4450.60962,4684.81,5063.699620000001,4450.60962,4216.40924,4684.81,,False,False
2026-08-28T03:59:36.286160+00:00,51e26580-8e8f-45b5-b1cb-2070ea228717,NEW_VALID_HIGH,4501.85,TP_DYNAMIC,TP_DYNAMIC,4091.88,4071.72,4684.81,4071.72,4216.40924,4450.60962,4684.81,5063.699620000001,4450.60962,4216.40924,4684.81,,False,False
2026-08-28T03:59:36.286160+00:00,51e26580-8e8f-45b5-b1cb-2070ea228717,TP_UPDATED,4501.85,TP_DYNAMIC,TP_DYNAMIC,4091.88,4071.72,4684.81,4071.72,4216.40924,4450.60962,4684.81,5063.699620000001,4450.60962,4216.40924,4684.81,,False,False
2026-08-28T03:59:36.286160+00:00,51e26580-8e8f-45b5-b1cb-2070ea228717,NEW_VALID_HIGH,4503.6,TP_DYNAMIC,TP_DYNAMIC,4091.88,4071.72,4684.81,4071.72,4216.40924,4450.60962,4684.81,5063.699620000001,4450.60962,4216.40924,4684.81,,False,False
2026-08-28T03:59:36.286160+00:00,51e26580-8e8f-45b5-b1cb-2070ea228717,TP_UPDATED,4503.6,TP_DYNAMIC,TP_DYNAMIC,4091.88,4071.72,4684.81,4071.72,4216.40924,4450.60962,4684.81,5063.699620000001,4450.60962,4216.40924,4684.81,,False,False
2026-08-28T03:59:36.303029+00:00,51e26580-8e8f-45b5-b1cb-2070ea228717,NEW_VALID_HIGH,4532.0,TP_DYNAMIC,TP_DYNAMIC,4091.88,4071.72,4684.81,4071.72,4216.40924,4450.60962,4684.81,5063.699620000001,4450.60962,4216.40924,4684.81,,False,False
2026-08-28T03:59:36.303029+00:00,51e26580-8e8f-45b5-b1cb-2070ea228717,TP_UPDATED,4532.0,TP_DYNAMIC,TP_DYNAMIC,4091.88,4071.72,4684.81,4071.72,4216.40924,4450.60962,4684.81,5063.699620000001,4450.60962,4216.40924,4684.81,,False,False
2026-08-28T03:59:36.352261+00:00,51e26580-8e8f-45b5-b1cb-2070ea228717,NEW_VALID_HIGH,4544.98,TP_DYNAMIC,TP_DYNAMIC,4091.88,4071.72,4684.81,4071.72,4216.40924,4450.60962,4684.81,5063.699620000001,4450.60962,4216.40924,4684.81,,False,False
2026-08-28T03:59:36.352261+00:00,51e26580-8e8f-45b5-b1cb-2070ea228717,TP_UPDATED,4544.98,TP_DYNAMIC,TP_DYNAMIC,4091.88,4071.72,4684.81,4071.72,4216.40924,4450.60962,4684.81,5063.699620000001,4450.60962,4216.40924,4684.81,,False,False
2026-08-28T03:59:36.394028+00:00,51e26580-8e8f-45b5-b1cb-2070ea228717,NEW_VALID_HIGH,4550.0,TP_DYNAMIC,TP_DYNAMIC,4091.88,4071.72,4684.81,4071.72,4216.40924,4450.60962,4684.81,5063.699620000001,4450.60962,4216.40924,4684.81,,False,False
2026-08-28T03:59:36.394028+00:00,51e26580-8e8f-45b5-b1cb-2070ea228717,TP_UPDATED,4550.0,TP_DYNAMIC,TP_DYNAMIC,4091.88,4071.72,4684.81,4071.72,4216.40924,4450.60962,4684.81,5063.699620000001,4450.60962,4216.40924,4684.81,,False,False
2026-08-28T03:59:36.402096+00:00,51e26580-8e8f-45b5-b1cb-2070ea228717,NEW_VALID_HIGH,4571.5,TP_DYNAMIC,TP_DYNAMIC,4091.88,4071.72,4684.81,4071.72,4216.40924,4450.60962,4684.81,5063.699620000001,4450.60962,4216.40924,4684.81,,False,False
2026-08-28T03:59:36.402096+00:00,51e26580-8e8f-45b5-b1cb-2070ea228717,TP_UPDATED,4571.5,TP_DYNAMIC,TP_DYNAMIC,4091.88,4071.72,4684.81,4071.72,4216.40924,4450.60962,4684.81,5063.699620000001,4450.60962,4216.40924,4684.81,,False,False
2026-08-28T03:59:36.410371+00:00,51e26580-8e8f-45b5-b1cb-2070ea228717,NEW_VALID_HIGH,4606.23,TP_DYNAMIC,TP_DYNAMIC,4091.88,4071.72,4684.81,4071.72,4216.40924,4450.60962,4684.81,5063.699620000001,4450.60962,4216.40924,4684.81,,False,False
2026-08-28T03:59:36.410371+00:00,51e26580-8e8f-45b5-b1cb-2070ea228717,TP_UPDATED,4606.23,TP_DYNAMIC,TP_DYNAMIC,4091.88,4071.72,4684.81,4071.72,4216.40924,4450.60962,4684.81,5063.699620000001,4450.60962,4216.40924,4684.81,,False,False
2026-08-28T03:59:36.410371+00:00,51e26580-8e8f-45b5-b1cb-2070ea228717,NEW_VALID_HIGH,4608.88,TP_DYNAMIC,TP_DYNAMIC,4091.88,4071.72,4684.81,4071.72,4216.40924,4450.60962,4684.81,5063.699620000001,4450.60962,4216.40924,4684.81,,False,False
2026-08-28T03:59:36.410371+00:00,51e26580-8e8f-45b5-b1cb-2070ea228717,TP_UPDATED,4608.88,TP_DYNAMIC,TP_DYNAMIC,4091.88,4071.72,4684.81,4071.72,4216.40924,4450.60962,4684.81,5063.699620000001,4450.60962,4216.40924,4684.81,,False,False
2026-08-28T03:59:36.427265+00:00,51e26580-8e8f-45b5-b1cb-2070ea228717,NEW_VALID_HIGH,4635.77,TP_DYNAMIC,TP_DYNAMIC,4091.88,4071.72,4684.81,4071.72,4216.40924,4450.60962,4684.81,5063.699620000001,4450.60962,4216.40924,4684.81,,False,False
2026-08-28T03:59:36.427265+00:00,51e26580-8e8f-45b5-b1cb-2070ea228717,TP_UPDATED,4635.77,TP_DYNAMIC,TP_DYNAMIC,4091.88,4071.72,4684.81,4071.72,4216.40924,4450.60962,4684.81,5063.699620000001,4450.60962,4216.40924,4684.81,,False,False
2026-08-28T03:59:36.596856+00:00,51e26580-8e8f-45b5-b1cb-2070ea228717,NEW_VALID_HIGH,4645.37,TP_DYNAMIC,TP_DYNAMIC,4091.88,4071.72,4684.81,4071.72,4216.40924,4450.60962,4684.81,5063.699620000001,4450.60962,4216.40924,4684.81,,False,False
2026-08-28T03:59:36.596856+00:00,51e26580-8e8f-45b5-b1cb-2070ea228717,TP_UPDATED,4645.37,TP_DYNAMIC,TP_DYNAMIC,4091.88,4071.72,4684.81,4071.72,4216.40924,4450.60962,4684.81,5063.699620000001,4450.60962,4216.40924,4684.81,,False,False
2026-08-28T03:59:36.601139+00:00,51e26580-8e8f-45b5-b1cb-2070ea228717,NEW_VALID_HIGH,4659.52,TP_DYNAMIC,TP_DYNAMIC,4091.88,4071.72,4684.81,4071.72,4216.40924,4450.60962,4684.81,5063.699620000001,4450.60962,4216.40924,4684.81,,False,False
2026-08-28T03:59:36.602797+00:00,51e26580-8e8f-45b5-b1cb-2070ea228717,TP_UPDATED,4659.52,TP_DYNAMIC,TP_DYNAMIC,4091.88,4071.72,4684.81,4071.72,4216.40924,4450.60962,4684.81,5063.699620000001,4450.60962,4216.40924,4684.81,,False,False
2026-08-28T03:59:36.610783+00:00,51e26580-8e8f-45b5-b1cb-2070ea228717,NEW_VALID_HIGH,4663.43,TP_DYNAMIC,TP_DYNAMIC,4091.88,4071.72,4684.81,4071.72,4216.40924,4450.60962,4684.81,5063.699620000001,4450.60962,4216.40924,4684.81,,False,False
2026-08-28T03:59:36.610783+00:00,51e26580-8e8f-45b5-b1cb-2070ea228717,TP_UPDATED,4663.43,TP_DYNAMIC,TP_DYNAMIC,4091.88,4071.72,4684.81,4071.72,4216.40924,4450.60962,4684.81,5063.699620000001,4450.60962,4216.40924,4684.81,,False,False
2026-08-28T03:59:36.632095+00:00,51e26580-8e8f-45b5-b1cb-2070ea228717,NEW_VALID_HIGH,4674.28,TP_DYNAMIC,TP_DYNAMIC,4091.88,4071.72,4684.81,4071.72,4216.40924,4450.60962,4684.81,5063.699620000001,4450.60962,4216.40924,4684.81,,False,False
2026-08-28T03:59:36.632095+00:00,51e26580-8e8f-45b5-b1cb-2070ea228717,TP_UPDATED,4674.28,TP_DYNAMIC,TP_DYNAMIC,4091.88,4071.72,4684.81,4071.72,4216.40924,4450.60962,4684.81,5063.699620000001,4450.60962,4216.40924,4684.81,,False,False
2026-08-28T03:59:36.633672+00:00,51e26580-8e8f-45b5-b1cb-2070ea228717,NEW_VALID_HIGH,4684.81,TP_DYNAMIC,TP_DYNAMIC,4091.88,4071.72,4684.81,4071.72,4216.40924,4450.60962,4684.81,5063.699620000001,4450.60962,4216.40924,4684.81,,False,False
2026-08-28T03:59:36.633672+00:00,51e26580-8e8f-45b5-b1cb-2070ea228717,TP_UPDATED,4684.81,TP_DYNAMIC,TP_DYNAMIC,4091.88,4071.72,4684.81,4071.72,4216.40924,4450.60962,4684.81,5063.699620000001,4450.60962,4216.40924,4684.81,,False,False
